"urn:cite:fufolioimg:BotCarBartramJ.Bartram_John_Crypto_HS332star_09_0074","John Bartram, Cryptogams and Tillandsia usneoides collected 1742-1743, Hortus Siccus 332*, sequence no. 09","Image courtesy of the Sloane Herbarium, Mark Spencer, Curator, the Natural History Museum, London. Creative Commons Attribution-NonCommercial-ShareAlike 3.0 Unported License."
"urn:cite:fufolioimg:BotCarBartramJ.Bartram_John_Crypto_HS332star_10_0069","John Bartram, Cryptogams and Tillandsia usneoides collected 1742-1743, Hortus Siccus 332*, sequence no. 10","Image courtesy of the Sloane Herbarium, Mark Spencer, Curator, the Natural History Museum, London. Creative Commons Attribution-NonCommercial-ShareAlike 3.0 Unported License."
"urn:cite:fufolioimg:BotCarBartramJ.Bartram_John_Crypto_HS332star_11_0071","John Bartram, Cryptogams and Tillandsia usneoides collected 1742-1743, Hortus Siccus 332*, sequence no. 11","Image courtesy of the Sloane Herbarium, Mark Spencer, Curator, the Natural History Museum, London. Creative Commons Attribution-NonCommercial-ShareAlike 3.0 Unported License."
"urn:cite:fufolioimg:BotCarBartramJ.Bartram_John_Crypto_HS332star_12_0076","John Bartram, Cryptogams and Tillandsia usneoides collected 1742-1743, Hortus Siccus 332*, sequence no. 12","Image courtesy of the Sloane Herbarium, Mark Spencer, Curator, the Natural History Museum, London. Creative Commons Attribution-NonCommercial-ShareAlike 3.0 Unported License."
"urn:cite:fufolioimg:BotCarBartramJ.Bartram_John_Crypto_HS332star_13_0072","John Bartram, Cryptogams and Tillandsia usneoides collected 1742-1743, Hortus Siccus 332*, sequence no. 13","Image courtesy of the Sloane Herbarium, Mark Spencer, Curator, the Natural History Museum, London. Creative Commons Attribution-NonCommercial-ShareAlike 3.0 Unported License."
"urn:cite:fufolioimg:BotCarBartramJ.Bartram_John_Crypto_HS332star_14_0075","John Bartram, Cryptogams and Tillandsia usneoides collected 1742-1743, Hortus Siccus 332*, sequence no. 14","Image courtesy of the Sloane Herbarium, Mark Spencer, Curator, the Natural History Museum, London. Creative Commons Attribution-NonCommercial-ShareAlike 3.0 Unported License."
"urn:cite:fufolioimg:BotCarBartramJ.Bartram_John_Crypto_HS332star_15_0070","John Bartram, Cryptogams and Tillandsia usneoides collected 1742-1743, Hortus Siccus 332*, sequence no. 15","Image courtesy of the Sloane Herbarium, Mark Spencer, Curator, the Natural History Museum, London. Creative Commons Attribution-NonCommercial-ShareAlike 3.0 Unported License."
"urn:cite:fufolioimg:BotCarBartramJ.Bartram_John_Crypto_HS332star_16_0073","John Bartram, Cryptogams and Tillandsia usneoides collected 1742-1743, Hortus Siccus 332*, sequence no. 16","Image courtesy of the Sloane Herbarium, Mark Spencer, Curator, the Natural History Museum, London. Creative Commons Attribution-NonCommercial-ShareAlike 3.0 Unported License."
"urn:cite:fufolioimg:BotCarBartramJ.Bartram_John_Crypto_HS332star_17_0063","John Bartram, Cryptogams and Tillandsia usneoides collected 1742-1743, Hortus Siccus 332*, sequence no. 17","Image courtesy of the Sloane Herbarium, Mark Spencer, Curator, the Natural History Museum, London. Creative Commons Attribution-NonCommercial-ShareAlike 3.0 Unported License."
"urn:cite:fufolioimg:BotCarBartramJ.Bartram_John_Crypto_HS332star_18_0064","John Bartram, Cryptogams and Tillandsia usneoides collected 1742-1743, Hortus Siccus 332*, sequence no. 18","Image courtesy of the Sloane Herbarium, Mark Spencer, Curator, the Natural History Museum, London. Creative Commons Attribution-NonCommercial-ShareAlike 3.0 Unported License."
"urn:cite:fufolioimg:BotCarBartramJ.Bartram_John_Crypto_HS332star_19_0068","John Bartram, Cryptogams and Tillandsia usneoides collected 1742-1743, Hortus Siccus 332*, sequence no. 19","Image courtesy of the Sloane Herbarium, Mark Spencer, Curator, the Natural History Museum, London. Creative Commons Attribution-NonCommercial-ShareAlike 3.0 Unported License."
"urn:cite:fufolioimg:BotCarBartramJ.Bartram_John_Crypto_HS332star_20_0065","John Bartram, Cryptogams and Tillandsia usneoides collected 1742-1743, Hortus Siccus 332*, sequence no. 20","Image courtesy of the Sloane Herbarium, Mark Spencer, Curator, the Natural History Museum, London. Creative Commons Attribution-NonCommercial-ShareAlike 3.0 Unported License."
"urn:cite:fufolioimg:BotCarBartramJ.Bartram_John_Crypto_HS332star_21_0066","John Bartram, Cryptogams and Tillandsia usneoides collected 1742-1743, Hortus Siccus 332*, sequence no. 21","Image courtesy of the Sloane Herbarium, Mark Spencer, Curator, the Natural History Museum, London. Creative Commons Attribution-NonCommercial-ShareAlike 3.0 Unported License."
"urn:cite:fufolioimg:BotCarBartramJ.Bartram_John_Crypto_HS332star_22_0067","John Bartram, Cryptogams and Tillandsia usneoides collected 1742-1743, Hortus Siccus 332*, sequence no. 22","Image courtesy of the Sloane Herbarium, Mark Spencer, Curator, the Natural History Museum, London. Creative Commons Attribution-NonCommercial-ShareAlike 3.0 Unported License."
"urn:cite:fufolioimg:BotCarBartramJ.Bartram_John_Crypto_HS332star_23_0053","John Bartram, Cryptogams and Tillandsia usneoides collected 1742-1743, Hortus Siccus 332*, sequence no. 23","Image courtesy of the Sloane Herbarium, Mark Spencer, Curator, the Natural History Museum, London. Creative Commons Attribution-NonCommercial-ShareAlike 3.0 Unported License."
"urn:cite:fufolioimg:BotCarBartramJ.Bartram_John_Crypto_HS332star_24_0059","John Bartram, Cryptogams and Tillandsia usneoides collected 1742-1743, Hortus Siccus 332*, sequence no. 24","Image courtesy of the Sloane Herbarium, Mark Spencer, Curator, the Natural History Museum, London. Creative Commons Attribution-NonCommercial-ShareAlike 3.0 Unported License."
"urn:cite:fufolioimg:BotCarBartramJ.Bartram_John_Crypto_HS332star_25_0058","John Bartram, Cryptogams and Tillandsia usneoides collected 1742-1743, Hortus Siccus 332*, sequence no. 25","Image courtesy of the Sloane Herbarium, Mark Spencer, Curator, the Natural History Museum, London. Creative Commons Attribution-NonCommercial-ShareAlike 3.0 Unported License."
"urn:cite:fufolioimg:BotCarBartramJ.Bartram_John_Crypto_HS332star_26_0057","John Bartram, Cryptogams and Tillandsia usneoides collected 1742-1743, Hortus Siccus 332*, sequence no. 26","Image courtesy of the Sloane Herbarium, Mark Spencer, Curator, the Natural History Museum, London. Creative Commons Attribution-NonCommercial-ShareAlike 3.0 Unported License."
"urn:cite:fufolioimg:BotCarBartramJ.Bartram_John_Crypto_HS332star_27_0052","John Bartram, Cryptogams and Tillandsia usneoides collected 1742-1743, Hortus Siccus 332*, sequence no. 27","Image courtesy of the Sloane Herbarium, Mark Spencer, Curator, the Natural History Museum, London. Creative Commons Attribution-NonCommercial-ShareAlike 3.0 Unported License."
"urn:cite:fufolioimg:BotCarBartramJ.Bartram_John_Crypto_HS332star_28_0051","John Bartram, Cryptogams and Tillandsia usneoides collected 1742-1743, Hortus Siccus 332*, sequence no. 28","Image courtesy of the Sloane Herbarium, Mark Spencer, Curator, the Natural History Museum, London. Creative Commons Attribution-NonCommercial-ShareAlike 3.0 Unported License."
"urn:cite:fufolioimg:BotCarBartramJ.Bartram_John_Crypto_HS332star_29_0056","John Bartram, Cryptogams and Tillandsia usneoides collected 1742-1743, Hortus Siccus 332*, sequence no. 29","Image courtesy of the Sloane Herbarium, Mark Spencer, Curator, the Natural History Museum, London. Creative Commons Attribution-NonCommercial-ShareAlike 3.0 Unported License."
"urn:cite:fufolioimg:BotCarBartramJ.Bartram_John_Crypto_HS332star_30_0055","John Bartram, Cryptogams and Tillandsia usneoides collected 1742-1743, Hortus Siccus 332*, sequence no. 30","Image courtesy of the Sloane Herbarium, Mark Spencer, Curator, the Natural History Museum, London. Creative Commons Attribution-NonCommercial-ShareAlike 3.0 Unported License."
"urn:cite:fufolioimg:BotCarBartramJ.Bartram_John_Crypto_HS332star_31_0054","John Bartram, Cryptogams and Tillandsia usneoides collected 1742-1743, Hortus Siccus 332*, sequence no. 31","Image courtesy of the Sloane Herbarium, Mark Spencer, Curator, the Natural History Museum, London. Creative Commons Attribution-NonCommercial-ShareAlike 3.0 Unported License."
"urn:cite:fufolioimg:BotCarBartramJ.Bartram_John_Crypto_HS332star_32_0062","John Bartram, Cryptogams and Tillandsia usneoides collected 1742-1743, Hortus Siccus 332*, sequence no. 32","Image courtesy of the Sloane Herbarium, Mark Spencer, Curator, the Natural History Museum, London. Creative Commons Attribution-NonCommercial-ShareAlike 3.0 Unported License."
"urn:cite:fufolioimg:BotCarBartramJ.Bartram_John_Crypto_HS332star_33_0061","John Bartram, Cryptogams and Tillandsia usneoides collected 1742-1743, Hortus Siccus 332*, sequence no. 33","Image courtesy of the Sloane Herbarium, Mark Spencer, Curator, the Natural History Museum, London. Creative Commons Attribution-NonCommercial-ShareAlike 3.0 Unported License."
"urn:cite:fufolioimg:BotCarBartramJ.Bartram_John_Crypto_HS332star_34_0060","John Bartram, Cryptogams and Tillandsia usneoides collected 1742-1743, Hortus Siccus 332*, sequence no. 34","Image courtesy of the Sloane Herbarium, Mark Spencer, Curator, the Natural History Museum, London. Creative Commons Attribution-NonCommercial-ShareAlike 3.0 Unported License."
"urn:cite:fufolioimg:BotCarBartramJ.Bartram_John_Crypto_HS332star_35_0043","John Bartram, Cryptogams and Tillandsia usneoides collected 1742-1743, Hortus Siccus 332*, sequence no. 35","Image courtesy of the Sloane Herbarium, Mark Spencer, Curator, the Natural History Museum, London. Creative Commons Attribution-NonCommercial-ShareAlike 3.0 Unported License."
"urn:cite:fufolioimg:BotCarBartramJ.Bartram_John_Crypto_HS332star_36_0042","John Bartram, Cryptogams and Tillandsia usneoides collected 1742-1743, Hortus Siccus 332*, sequence no. 36","Image courtesy of the Sloane Herbarium, Mark Spencer, Curator, the Natural History Museum, London. Creative Commons Attribution-NonCommercial-ShareAlike 3.0 Unported License."
"urn:cite:fufolioimg:BotCarBartramJ.Bartram_John_Crypto_HS332star_37_0048","John Bartram, Cryptogams and Tillandsia usneoides collected 1742-1743, Hortus Siccus 332*, sequence no. 37","Image courtesy of the Sloane Herbarium, Mark Spencer, Curator, the Natural History Museum, London. Creative Commons Attribution-NonCommercial-ShareAlike 3.0 Unported License."
"urn:cite:fufolioimg:BotCarBartramJ.Bartram_John_Crypto_HS332star_38_0047","John Bartram, Cryptogams and Tillandsia usneoides collected 1742-1743, Hortus Siccus 332*, sequence no. 38","Image courtesy of the Sloane Herbarium, Mark Spencer, Curator, the Natural History Museum, London. Creative Commons Attribution-NonCommercial-ShareAlike 3.0 Unported License."
"urn:cite:fufolioimg:BotCarBartramJ.Bartram_John_Crypto_HS332star_39_0046","John Bartram, Cryptogams and Tillandsia usneoides collected 1742-1743, Hortus Siccus 332*, sequence no. 39","Image courtesy of the Sloane Herbarium, Mark Spencer, Curator, the Natural History Museum, London. Creative Commons Attribution-NonCommercial-ShareAlike 3.0 Unported License."
"urn:cite:fufolioimg:BotCarBartramJ.Bartram_John_Crypto_HS332star_40_0041","John Bartram, Cryptogams and Tillandsia usneoides collected 1742-1743, Hortus Siccus 332*, sequence no. 40","Image courtesy of the Sloane Herbarium, Mark Spencer, Curator, the Natural History Museum, London. Creative Commons Attribution-NonCommercial-ShareAlike 3.0 Unported License."
"urn:cite:fufolioimg:BotCarBartramJ.Bartram_John_Crypto_HS332star_41_0040","John Bartram, Cryptogams and Tillandsia usneoides collected 1742-1743, Hortus Siccus 332*, sequence no. 41","Image courtesy of the Sloane Herbarium, Mark Spencer, Curator, the Natural History Museum, London. Creative Commons Attribution-NonCommercial-ShareAlike 3.0 Unported License."
"urn:cite:fufolioimg:BotCarBartramJ.Bartram_John_Crypto_HS332star_42_0039","John Bartram, Cryptogams and Tillandsia usneoides collected 1742-1743, Hortus Siccus 332*, sequence no. 42","Image courtesy of the Sloane Herbarium, Mark Spencer, Curator, the Natural History Museum, London. Creative Commons Attribution-NonCommercial-ShareAlike 3.0 Unported License."
"urn:cite:fufolioimg:BotCarBartramJ.Bartram_John_Crypto_HS332star_43_0045","John Bartram, Cryptogams and Tillandsia usneoides collected 1742-1743, Hortus Siccus 332*, sequence no. 43","Image courtesy of the Sloane Herbarium, Mark Spencer, Curator, the Natural History Museum, London. Creative Commons Attribution-NonCommercial-ShareAlike 3.0 Unported License."
"urn:cite:fufolioimg:BotCarBartramJ.Bartram_John_Crypto_HS332star_44_0044","John Bartram, Cryptogams and Tillandsia usneoides collected 1742-1743, Hortus Siccus 332*, sequence no. 44","Image courtesy of the Sloane Herbarium, Mark Spencer, Curator, the Natural History Museum, London. Creative Commons Attribution-NonCommercial-ShareAlike 3.0 Unported License."
"urn:cite:fufolioimg:BotCarBartramJ.Bartram_John_Crypto_HS332star_45_0050","John Bartram, Cryptogams and Tillandsia usneoides collected 1742-1743, Hortus Siccus 332*, sequence no. 45","Image courtesy of the Sloane Herbarium, Mark Spencer, Curator, the Natural History Museum, London. Creative Commons Attribution-NonCommercial-ShareAlike 3.0 Unported License."
"urn:cite:fufolioimg:BotCarBartramJ.Bartram_John_Crypto_HS332star_46_0049","John Bartram, Cryptogams and Tillandsia usneoides collected 1742-1743, Hortus Siccus 332*, sequence no. 46","Image courtesy of the Sloane Herbarium, Mark Spencer, Curator, the Natural History Museum, London. Creative Commons Attribution-NonCommercial-ShareAlike 3.0 Unported License."
"urn:cite:fufolioimg:BotCarBartramJ.Bartram_John_Crypto_HS332star_47_0038","John Bartram, Cryptogams and Tillandsia usneoides collected 1742-1743, Hortus Siccus 332*, sequence no. 47","Image courtesy of the Sloane Herbarium, Mark Spencer, Curator, the Natural History Museum, London. Creative Commons Attribution-NonCommercial-ShareAlike 3.0 Unported License."
"urn:cite:fufolioimg:BotCarBartramJ.Bartram_John_Crypto_HS332star_48_0032","John Bartram, Cryptogams and Tillandsia usneoides collected 1742-1743, Hortus Siccus 332*, sequence no. 48","Image courtesy of the Sloane Herbarium, Mark Spencer, Curator, the Natural History Museum, London. Creative Commons Attribution-NonCommercial-ShareAlike 3.0 Unported License."
"urn:cite:fufolioimg:BotCarBartramJ.Bartram_John_Crypto_HS332star_49_0031","John Bartram, Cryptogams and Tillandsia usneoides collected 1742-1743, Hortus Siccus 332*, sequence no. 49","Image courtesy of the Sloane Herbarium, Mark Spencer, Curator, the Natural History Museum, London. Creative Commons Attribution-NonCommercial-ShareAlike 3.0 Unported License."
"urn:cite:fufolioimg:BotCarBartramJ.Bartram_John_Crypto_HS332star_50_0037","John Bartram, Cryptogams and Tillandsia usneoides collected 1742-1743, Hortus Siccus 332*, sequence no. 50","Image courtesy of the Sloane Herbarium, Mark Spencer, Curator, the Natural History Museum, London. Creative Commons Attribution-NonCommercial-ShareAlike 3.0 Unported License."
"urn:cite:fufolioimg:BotCarBartramJ.Bartram_John_Crypto_HS332star_51_0030","John Bartram, Cryptogams and Tillandsia usneoides collected 1742-1743, Hortus Siccus 332*, sequence no. 51","Image courtesy of the Sloane Herbarium, Mark Spencer, Curator, the Natural History Museum, London. Creative Commons Attribution-NonCommercial-ShareAlike 3.0 Unported License."
"urn:cite:fufolioimg:BotCarBartramJ.Bartram_John_Crypto_HS332star_51_0035","John Bartram, Cryptogams and Tillandsia usneoides collected 1742-1743, Hortus Siccus 332*, sequence no. 51","Image courtesy of the Sloane Herbarium, Mark Spencer, Curator, the Natural History Museum, London. Creative Commons Attribution-NonCommercial-ShareAlike 3.0 Unported License."
"urn:cite:fufolioimg:BotCarBartramJ.Bartram_John_Crypto_HS332star_51_0036","John Bartram, Cryptogams and Tillandsia usneoides collected 1742-1743, Hortus Siccus 332*, sequence no. 51","Image courtesy of the Sloane Herbarium, Mark Spencer, Curator, the Natural History Museum, London. Creative Commons Attribution-NonCommercial-ShareAlike 3.0 Unported License."
"urn:cite:fufolioimg:BotCarBartramJ.Bartram_John_Crypto_HS332star_52_0029","John Bartram, Cryptogams and Tillandsia usneoides collected 1742-1743, Hortus Siccus 332*, sequence no. 52","Image courtesy of the Sloane Herbarium, Mark Spencer, Curator, the Natural History Museum, London. Creative Commons Attribution-NonCommercial-ShareAlike 3.0 Unported License."
"urn:cite:fufolioimg:BotCarBartramJ.Bartram_John_Crypto_HS332star_53_0028","John Bartram, Cryptogams and Tillandsia usneoides collected 1742-1743, Hortus Siccus 332*, sequence no. 53","Image courtesy of the Sloane Herbarium, Mark Spencer, Curator, the Natural History Museum, London. Creative Commons Attribution-NonCommercial-ShareAlike 3.0 Unported License."
"urn:cite:fufolioimg:BotCarBartramJ.Bartram_John_Crypto_HS332star_54_0034","John Bartram, Cryptogams and Tillandsia usneoides collected 1742-1743, Hortus Siccus 332*, sequence no. 54","Image courtesy of the Sloane Herbarium, Mark Spencer, Curator, the Natural History Museum, London. Creative Commons Attribution-NonCommercial-ShareAlike 3.0 Unported License."
"urn:cite:fufolioimg:BotCarBartramJ.Bartram_John_Crypto_HS332star_55_0033","John Bartram, Cryptogams and Tillandsia usneoides collected 1742-1743, Hortus Siccus 332*, sequence no. 55","Image courtesy of the Sloane Herbarium, Mark Spencer, Curator, the Natural History Museum, London. Creative Commons Attribution-NonCommercial-ShareAlike 3.0 Unported License."
"urn:cite:fufolioimg:BotCarBartramJ.Bartram_John_Crypto_HS332star_56_0027","John Bartram, Cryptogams and Tillandsia usneoides collected 1742-1743, Hortus Siccus 332*, sequence no. 56","Image courtesy of the Sloane Herbarium, Mark Spencer, Curator, the Natural History Museum, London. Creative Commons Attribution-NonCommercial-ShareAlike 3.0 Unported License."
"urn:cite:fufolioimg:BotCarBartramJ.Bartram_John_Crypto_HS332star_57_0025","John Bartram, Cryptogams and Tillandsia usneoides collected 1742-1743, Hortus Siccus 332*, sequence no. 57","Image courtesy of the Sloane Herbarium, Mark Spencer, Curator, the Natural History Museum, London. Creative Commons Attribution-NonCommercial-ShareAlike 3.0 Unported License."
"urn:cite:fufolioimg:BotCarBartramJ.Bartram_John_Crypto_HS332star_58_0020","John Bartram, Cryptogams and Tillandsia usneoides collected 1742-1743, Hortus Siccus 332*, sequence no. 58","Image courtesy of the Sloane Herbarium, Mark Spencer, Curator, the Natural History Museum, London. Creative Commons Attribution-NonCommercial-ShareAlike 3.0 Unported License."
"urn:cite:fufolioimg:BotCarBartramJ.Bartram_John_Crypto_HS332star_59_0023","John Bartram, Cryptogams and Tillandsia usneoides collected 1742-1743, Hortus Siccus 332*, sequence no. 59","Image courtesy of the Sloane Herbarium, Mark Spencer, Curator, the Natural History Museum, London. Creative Commons Attribution-NonCommercial-ShareAlike 3.0 Unported License."
"urn:cite:fufolioimg:BotCarBartramJ.Bartram_John_Crypto_HS332star_60_0019","John Bartram, Cryptogams and Tillandsia usneoides collected 1742-1743, Hortus Siccus 332*, sequence no. 60","Image courtesy of the Sloane Herbarium, Mark Spencer, Curator, the Natural History Museum, London. Creative Commons Attribution-NonCommercial-ShareAlike 3.0 Unported License."
"urn:cite:fufolioimg:BotCarBartramJ.Bartram_John_Crypto_HS332star_61_0021","John Bartram, Cryptogams and Tillandsia usneoides collected 1742-1743, Hortus Siccus 332*, sequence no. 61","Image courtesy of the Sloane Herbarium, Mark Spencer, Curator, the Natural History Museum, London. Creative Commons Attribution-NonCommercial-ShareAlike 3.0 Unported License."
"urn:cite:fufolioimg:BotCarBartramJ.Bartram_John_Crypto_HS332star_62_0026","John Bartram, Cryptogams and Tillandsia usneoides collected 1742-1743, Hortus Siccus 332*, sequence no. 62","Image courtesy of the Sloane Herbarium, Mark Spencer, Curator, the Natural History Museum, London. Creative Commons Attribution-NonCommercial-ShareAlike 3.0 Unported License."
"urn:cite:fufolioimg:BotCarBartramJ.Bartram_John_Crypto_HS332star_63_0022","John Bartram, Cryptogams and Tillandsia usneoides collected 1742-1743, Hortus Siccus 332*, sequence no. 63","Image courtesy of the Sloane Herbarium, Mark Spencer, Curator, the Natural History Museum, London. Creative Commons Attribution-NonCommercial-ShareAlike 3.0 Unported License."
"urn:cite:fufolioimg:BotCarBartramJ.Bartram_John_Crypto_HS332star_64_0024","John Bartram, Cryptogams and Tillandsia usneoides collected 1742-1743, Hortus Siccus 332*, sequence no. 64","Image courtesy of the Sloane Herbarium, Mark Spencer, Curator, the Natural History Museum, London. Creative Commons Attribution-NonCommercial-ShareAlike 3.0 Unported License."
"urn:cite:fufolioimg:BotCarBartramJ.Bartram_John_Crypto_HS332star_65_0089","John Bartram, Cryptogams and Tillandsia usneoides collected 1742-1743, Hortus Siccus 332*, sequence no. 65","Image courtesy of the Sloane Herbarium, Mark Spencer, Curator, the Natural History Museum, London. Creative Commons Attribution-NonCommercial-ShareAlike 3.0 Unported License."
"urn:cite:fufolioimg:BotCarBartramJ.Bartram_John_Crypto_HS332star_66_0014","John Bartram, Cryptogams and Tillandsia usneoides collected 1742-1743, Hortus Siccus 332*, sequence no. 66","Image courtesy of the Sloane Herbarium, Mark Spencer, Curator, the Natural History Museum, London. Creative Commons Attribution-NonCommercial-ShareAlike 3.0 Unported License."
"urn:cite:fufolioimg:BotCarBartramJ.Bartram_John_Crypto_HS332star_66_0018","John Bartram, Cryptogams and Tillandsia usneoides collected 1742-1743, Hortus Siccus 332*, sequence no. 66","Image courtesy of the Sloane Herbarium, Mark Spencer, Curator, the Natural History Museum, London. Creative Commons Attribution-NonCommercial-ShareAlike 3.0 Unported License."
"urn:cite:fufolioimg:BotCarBartramJ.Bartram_John_Crypto_HS332star_67_0013","John Bartram, Cryptogams and Tillandsia usneoides collected 1742-1743, Hortus Siccus 332*, sequence no. 67","Image courtesy of the Sloane Herbarium, Mark Spencer, Curator, the Natural History Museum, London. Creative Commons Attribution-NonCommercial-ShareAlike 3.0 Unported License."
"urn:cite:fufolioimg:BotCarBartramJ.Bartram_John_Crypto_HS332star_68_0017","John Bartram, Cryptogams and Tillandsia usneoides collected 1742-1743, Hortus Siccus 332*, sequence no. 68","Image courtesy of the Sloane Herbarium, Mark Spencer, Curator, the Natural History Museum, London. Creative Commons Attribution-NonCommercial-ShareAlike 3.0 Unported License."
"urn:cite:fufolioimg:BotCarBartramJ.Bartram_John_Crypto_HS332star_69_0015","John Bartram, Cryptogams and Tillandsia usneoides collected 1742-1743, Hortus Siccus 332*, sequence no. 69","Image courtesy of the Sloane Herbarium, Mark Spencer, Curator, the Natural History Museum, London. Creative Commons Attribution-NonCommercial-ShareAlike 3.0 Unported License."
"urn:cite:fufolioimg:BotCarBartramJ.Bartram_John_Crypto_HS332star_70_0016","John Bartram, Cryptogams and Tillandsia usneoides collected 1742-1743, Hortus Siccus 332*, sequence no. 70","Image courtesy of the Sloane Herbarium, Mark Spencer, Curator, the Natural History Museum, London. Creative Commons Attribution-NonCommercial-ShareAlike 3.0 Unported License."
"urn:cite:fufolioimg:BotCarBartramJ.Bartram_John_Crypto_HS332star_71_0011","John Bartram, Cryptogams and Tillandsia usneoides collected 1742-1743, Hortus Siccus 332*, sequence no. 71","Image courtesy of the Sloane Herbarium, Mark Spencer, Curator, the Natural History Museum, London. Creative Commons Attribution-NonCommercial-ShareAlike 3.0 Unported License."
"urn:cite:fufolioimg:BotCarBartramJ.Bartram_John_Crypto_HS332star_72_0012","John Bartram, Cryptogams and Tillandsia usneoides collected 1742-1743, Hortus Siccus 332*, sequence no. 72","Image courtesy of the Sloane Herbarium, Mark Spencer, Curator, the Natural History Museum, London. Creative Commons Attribution-NonCommercial-ShareAlike 3.0 Unported License."
"urn:cite:fufolioimg:BotCarBartramJ.Bartram_John_Crypto_HS332star_73_0007","John Bartram, Cryptogams and Tillandsia usneoides collected 1742-1743, Hortus Siccus 332*, sequence no. 73","Image courtesy of the Sloane Herbarium, Mark Spencer, Curator, the Natural History Museum, London. Creative Commons Attribution-NonCommercial-ShareAlike 3.0 Unported License."
"urn:cite:fufolioimg:BotCarBartramJ.Bartram_John_Crypto_HS332star_73_0008","John Bartram, Cryptogams and Tillandsia usneoides collected 1742-1743, Hortus Siccus 332*, sequence no. 73","Image courtesy of the Sloane Herbarium, Mark Spencer, Curator, the Natural History Museum, London. Creative Commons Attribution-NonCommercial-ShareAlike 3.0 Unported License."
"urn:cite:fufolioimg:BotCarBartramJ.Bartram_John_Crypto_HS332star_74_0009","John Bartram, Cryptogams and Tillandsia usneoides collected 1742-1743, Hortus Siccus 332*, sequence no. 74","Image courtesy of the Sloane Herbarium, Mark Spencer, Curator, the Natural History Museum, London. Creative Commons Attribution-NonCommercial-ShareAlike 3.0 Unported License."
"urn:cite:fufolioimg:BotCarBartramJ.Bartram_John_Crypto_HS332star_75_0010","John Bartram, Cryptogams and Tillandsia usneoides collected 1742-1743, Hortus Siccus 332*, sequence no. 75","Image courtesy of the Sloane Herbarium, Mark Spencer, Curator, the Natural History Museum, London. Creative Commons Attribution-NonCommercial-ShareAlike 3.0 Unported License."
"urn:cite:fufolioimg:BotCarBartramJ.Bartram_John_Crypto_HS332star_76_0005","John Bartram, Cryptogams and Tillandsia usneoides collected 1742-1743, Hortus Siccus 332*, sequence no. 76","Image courtesy of the Sloane Herbarium, Mark Spencer, Curator, the Natural History Museum, London. Creative Commons Attribution-NonCommercial-ShareAlike 3.0 Unported License."
"urn:cite:fufolioimg:BotCarBartramJ.Bartram_John_Crypto_HS332star_77_0006","John Bartram, Cryptogams and Tillandsia usneoides collected 1742-1743, Hortus Siccus 332*, sequence no. 77","Image courtesy of the Sloane Herbarium, Mark Spencer, Curator, the Natural History Museum, London. Creative Commons Attribution-NonCommercial-ShareAlike 3.0 Unported License."
"urn:cite:fufolioimg:BotCarBartramJ.Bartram_John_Crypto_HS332star_78_0004","John Bartram, Cryptogams and Tillandsia usneoides collected 1742-1743, Hortus Siccus 332*, sequence no. 78","Image courtesy of the Sloane Herbarium, Mark Spencer, Curator, the Natural History Museum, London. Creative Commons Attribution-NonCommercial-ShareAlike 3.0 Unported License."
"urn:cite:fufolioimg:BotCarBartramJ.Bartram_John_Crypto_HS332star_79_0090","John Bartram, Cryptogams and Tillandsia usneoides collected 1742-1743, Hortus Siccus 332*, sequence no. 79","Image courtesy of the Sloane Herbarium, Mark Spencer, Curator, the Natural History Museum, London. Creative Commons Attribution-NonCommercial-ShareAlike 3.0 Unported License."
"urn:cite:fufolioimg:BotCarBartramJ.Bartram_John_Crypto_HS332star_80_0003","John Bartram, Cryptogams and Tillandsia usneoides collected 1742-1743, Hortus Siccus 332*, sequence no. 80","Image courtesy of the Sloane Herbarium, Mark Spencer, Curator, the Natural History Museum, London. Creative Commons Attribution-NonCommercial-ShareAlike 3.0 Unported License."
"urn:cite:fufolioimg:BotCarBartramJ.Bartram_John_Crypto_HS332star_81_0002","John Bartram, Cryptogams and Tillandsia usneoides collected 1742-1743, Hortus Siccus 332*, sequence no. 81","Image courtesy of the Sloane Herbarium, Mark Spencer, Curator, the Natural History Museum, London. Creative Commons Attribution-NonCommercial-ShareAlike 3.0 Unported License."
"urn:cite:fufolioimg:BotCarBartramJ.Bartram_John_Crypto_HS332star_cover_0001","John Bartram, Cryptogams and Tillandsia usneoides collected 1742-1743, Hortus Siccus 332*, sequence no. cover","Image courtesy of the Sloane Herbarium, Mark Spencer, Curator, the Natural History Museum, London. Creative Commons Attribution-NonCommercial-ShareAlike 3.0 Unported License."
"urn:cite:fufolioimg:BotCarBartramJ.Bartram_John_Crypto_HS332star_cover_0088","John Bartram, Cryptogams and Tillandsia usneoides collected 1742-1743, Hortus Siccus 332*, sequence no. cover","Image courtesy of the Sloane Herbarium, Mark Spencer, Curator, the Natural History Museum, London. Creative Commons Attribution-NonCommercial-ShareAlike 3.0 Unported License."
"urn:cite:fufolioimg:BotCarBartramJ.Bartram_John_Crypto_HS332star_cover_0091","John Bartram, Cryptogams and Tillandsia usneoides collected 1742-1743, Hortus Siccus 332*, sequence no. cover","Image courtesy of the Sloane Herbarium, Mark Spencer, Curator, the Natural History Museum, London. Creative Commons Attribution-NonCommercial-ShareAlike 3.0 Unported License."
"urn:cite:fufolioimg:BotCarBartramJ.Bartram_John_Crypto_HS332star_spine_0094","John Bartram, Cryptogams and Tillandsia usneoides collected 1742-1743, Hortus Siccus 332*, sequence no. spine","Image courtesy of the Sloane Herbarium, Mark Spencer, Curator, the Natural History Museum, London. Creative Commons Attribution-NonCommercial-ShareAlike 3.0 Unported License."
"urn:cite:fufolioimg:BotCarBartramJ.Bartram_John_HS334a_00tp_88","John Bartram, Plants gathered by Mr. John Bartram in Philadelphia, etc., in the years 1742 and 1743, Hortus Siccus 334a, sequence no. 00tp","Image courtesy of the Sloane Herbarium, Mark Spencer, Curator, the Natural History Museum, London. Creative Commons Attribution-NonCommercial-ShareAlike 3.0 Unported License."
"urn:cite:fufolioimg:BotCarBartramJ.Bartram_John_HS334a_01_85","John Bartram, Plants gathered by Mr. John Bartram in Philadelphia, etc., in the years 1742 and 1743, Hortus Siccus 334a, sequence no. 01","Image courtesy of the Sloane Herbarium, Mark Spencer, Curator, the Natural History Museum, London. Creative Commons Attribution-NonCommercial-ShareAlike 3.0 Unported License."
"urn:cite:fufolioimg:BotCarBartramJ.Bartram_John_HS334a_01_86","John Bartram, Plants gathered by Mr. John Bartram in Philadelphia, etc., in the years 1742 and 1743, Hortus Siccus 334a, sequence no. 01","Image courtesy of the Sloane Herbarium, Mark Spencer, Curator, the Natural History Museum, London. Creative Commons Attribution-NonCommercial-ShareAlike 3.0 Unported License."
"urn:cite:fufolioimg:BotCarBartramJ.Bartram_John_HS334a_01_87","John Bartram, Plants gathered by Mr. John Bartram in Philadelphia, etc., in the years 1742 and 1743, Hortus Siccus 334a, sequence no. 01","Image courtesy of the Sloane Herbarium, Mark Spencer, Curator, the Natural History Museum, London. Creative Commons Attribution-NonCommercial-ShareAlike 3.0 Unported License."
"urn:cite:fufolioimg:BotCarBartramJ.Bartram_John_HS334a_02_82","John Bartram, Plants gathered by Mr. John Bartram in Philadelphia, etc., in the years 1742 and 1743, Hortus Siccus 334a, sequence no. 02","Image courtesy of the Sloane Herbarium, Mark Spencer, Curator, the Natural History Museum, London. Creative Commons Attribution-NonCommercial-ShareAlike 3.0 Unported License."
"urn:cite:fufolioimg:BotCarBartramJ.Bartram_John_HS334a_03_84","John Bartram, Plants gathered by Mr. John Bartram in Philadelphia, etc., in the years 1742 and 1743, Hortus Siccus 334a, sequence no. 03","Image courtesy of the Sloane Herbarium, Mark Spencer, Curator, the Natural History Museum, London. Creative Commons Attribution-NonCommercial-ShareAlike 3.0 Unported License."
"urn:cite:fufolioimg:BotCarBartramJ.Bartram_John_HS334a_04_83","John Bartram, Plants gathered by Mr. John Bartram in Philadelphia, etc., in the years 1742 and 1743, Hortus Siccus 334a, sequence no. 04","Image courtesy of the Sloane Herbarium, Mark Spencer, Curator, the Natural History Museum, London. Creative Commons Attribution-NonCommercial-ShareAlike 3.0 Unported License."
"urn:cite:fufolioimg:BotCarBartramJ.Bartram_John_HS334a_05_78","John Bartram, Plants gathered by Mr. John Bartram in Philadelphia, etc., in the years 1742 and 1743, Hortus Siccus 334a, sequence no. 05","Image courtesy of the Sloane Herbarium, Mark Spencer, Curator, the Natural History Museum, London. Creative Commons Attribution-NonCommercial-ShareAlike 3.0 Unported License."
"urn:cite:fufolioimg:BotCarBartramJ.Bartram_John_HS334a_06_80","John Bartram, Plants gathered by Mr. John Bartram in Philadelphia, etc., in the years 1742 and 1743, Hortus Siccus 334a, sequence no. 06","Image courtesy of the Sloane Herbarium, Mark Spencer, Curator, the Natural History Museum, London. Creative Commons Attribution-NonCommercial-ShareAlike 3.0 Unported License."
"urn:cite:fufolioimg:BotCarBartramJ.Bartram_John_HS334a_07_81","John Bartram, Plants gathered by Mr. John Bartram in Philadelphia, etc., in the years 1742 and 1743, Hortus Siccus 334a, sequence no. 07","Image courtesy of the Sloane Herbarium, Mark Spencer, Curator, the Natural History Museum, London. Creative Commons Attribution-NonCommercial-ShareAlike 3.0 Unported License."
"urn:cite:fufolioimg:BotCarBartramJ.Bartram_John_HS334a_08_79","John Bartram, Plants gathered by Mr. John Bartram in Philadelphia, etc., in the years 1742 and 1743, Hortus Siccus 334a, sequence no. 08","Image courtesy of the Sloane Herbarium, Mark Spencer, Curator, the Natural History Museum, London. Creative Commons Attribution-NonCommercial-ShareAlike 3.0 Unported License."
"urn:cite:fufolioimg:BotCarBartramJ.Bartram_John_HS334a_09_76","John Bartram, Plants gathered by Mr. John Bartram in Philadelphia, etc., in the years 1742 and 1743, Hortus Siccus 334a, sequence no. 09","Image courtesy of the Sloane Herbarium, Mark Spencer, Curator, the Natural History Museum, London. Creative Commons Attribution-NonCommercial-ShareAlike 3.0 Unported License."
"urn:cite:fufolioimg:BotCarBartramJ.Bartram_John_HS334a_10_77","John Bartram, Plants gathered by Mr. John Bartram in Philadelphia, etc., in the years 1742 and 1743, Hortus Siccus 334a, sequence no. 10","Image courtesy of the Sloane Herbarium, Mark Spencer, Curator, the Natural History Museum, London. Creative Commons Attribution-NonCommercial-ShareAlike 3.0 Unported License."
"urn:cite:fufolioimg:BotCarBartramJ.Bartram_John_HS334a_11_75","John Bartram, Plants gathered by Mr. John Bartram in Philadelphia, etc., in the years 1742 and 1743, Hortus Siccus 334a, sequence no. 11","Image courtesy of the Sloane Herbarium, Mark Spencer, Curator, the Natural History Museum, London. Creative Commons Attribution-NonCommercial-ShareAlike 3.0 Unported License."
"urn:cite:fufolioimg:BotCarBartramJ.Bartram_John_HS334a_12_73","John Bartram, Plants gathered by Mr. John Bartram in Philadelphia, etc., in the years 1742 and 1743, Hortus Siccus 334a, sequence no. 12","Image courtesy of the Sloane Herbarium, Mark Spencer, Curator, the Natural History Museum, London. Creative Commons Attribution-NonCommercial-ShareAlike 3.0 Unported License."
"urn:cite:fufolioimg:BotCarBartramJ.Bartram_John_HS334a_13_74","John Bartram, Plants gathered by Mr. John Bartram in Philadelphia, etc., in the years 1742 and 1743, Hortus Siccus 334a, sequence no. 13","Image courtesy of the Sloane Herbarium, Mark Spencer, Curator, the Natural History Museum, London. Creative Commons Attribution-NonCommercial-ShareAlike 3.0 Unported License."
"urn:cite:fufolioimg:BotCarBartramJ.Bartram_John_HS334a_14_72","John Bartram, Plants gathered by Mr. John Bartram in Philadelphia, etc., in the years 1742 and 1743, Hortus Siccus 334a, sequence no. 14","Image courtesy of the Sloane Herbarium, Mark Spencer, Curator, the Natural History Museum, London. Creative Commons Attribution-NonCommercial-ShareAlike 3.0 Unported License."
"urn:cite:fufolioimg:BotCarBartramJ.Bartram_John_HS334a_15_01","John Bartram, Plants gathered by Mr. John Bartram in Philadelphia, etc., in the years 1742 and 1743, Hortus Siccus 334a, sequence no. 15","Image courtesy of the Sloane Herbarium, Mark Spencer, Curator, the Natural History Museum, London. Creative Commons Attribution-NonCommercial-ShareAlike 3.0 Unported License."
"urn:cite:fufolioimg:BotCarBartramJ.Bartram_John_HS334a_16_70","John Bartram, Plants gathered by Mr. John Bartram in Philadelphia, etc., in the years 1742 and 1743, Hortus Siccus 334a, sequence no. 16","Image courtesy of the Sloane Herbarium, Mark Spencer, Curator, the Natural History Museum, London. Creative Commons Attribution-NonCommercial-ShareAlike 3.0 Unported License."
"urn:cite:fufolioimg:BotCarBartramJ.Bartram_John_HS334a_17_71","John Bartram, Plants gathered by Mr. John Bartram in Philadelphia, etc., in the years 1742 and 1743, Hortus Siccus 334a, sequence no. 17","Image courtesy of the Sloane Herbarium, Mark Spencer, Curator, the Natural History Museum, London. Creative Commons Attribution-NonCommercial-ShareAlike 3.0 Unported License."
"urn:cite:fufolioimg:BotCarBartramJ.Bartram_John_HS334a_18_68","John Bartram, Plants gathered by Mr. John Bartram in Philadelphia, etc., in the years 1742 and 1743, Hortus Siccus 334a, sequence no. 18","Image courtesy of the Sloane Herbarium, Mark Spencer, Curator, the Natural History Museum, London. Creative Commons Attribution-NonCommercial-ShareAlike 3.0 Unported License."
"urn:cite:fufolioimg:BotCarBartramJ.Bartram_John_HS334a_19_66","John Bartram, Plants gathered by Mr. John Bartram in Philadelphia, etc., in the years 1742 and 1743, Hortus Siccus 334a, sequence no. 19","Image courtesy of the Sloane Herbarium, Mark Spencer, Curator, the Natural History Museum, London. Creative Commons Attribution-NonCommercial-ShareAlike 3.0 Unported License."
"urn:cite:fufolioimg:BotCarBartramJ.Bartram_John_HS334a_20_67","John Bartram, Plants gathered by Mr. John Bartram in Philadelphia, etc., in the years 1742 and 1743, Hortus Siccus 334a, sequence no. 20","Image courtesy of the Sloane Herbarium, Mark Spencer, Curator, the Natural History Museum, London. Creative Commons Attribution-NonCommercial-ShareAlike 3.0 Unported License."
"urn:cite:fufolioimg:BotCarBartramJ.Bartram_John_HS334a_21_69","John Bartram, Plants gathered by Mr. John Bartram in Philadelphia, etc., in the years 1742 and 1743, Hortus Siccus 334a, sequence no. 21","Image courtesy of the Sloane Herbarium, Mark Spencer, Curator, the Natural History Museum, London. Creative Commons Attribution-NonCommercial-ShareAlike 3.0 Unported License."
"urn:cite:fufolioimg:BotCarBartramJ.Bartram_John_HS334a_22_64","John Bartram, Plants gathered by Mr. John Bartram in Philadelphia, etc., in the years 1742 and 1743, Hortus Siccus 334a, sequence no. 22","Image courtesy of the Sloane Herbarium, Mark Spencer, Curator, the Natural History Museum, London. Creative Commons Attribution-NonCommercial-ShareAlike 3.0 Unported License."
"urn:cite:fufolioimg:BotCarBartramJ.Bartram_John_HS334a_23_65","John Bartram, Plants gathered by Mr. John Bartram in Philadelphia, etc., in the years 1742 and 1743, Hortus Siccus 334a, sequence no. 23","Image courtesy of the Sloane Herbarium, Mark Spencer, Curator, the Natural History Museum, London. Creative Commons Attribution-NonCommercial-ShareAlike 3.0 Unported License."
"urn:cite:fufolioimg:BotCarBartramJ.Bartram_John_HS334a_24_59","John Bartram, Plants gathered by Mr. John Bartram in Philadelphia, etc., in the years 1742 and 1743, Hortus Siccus 334a, sequence no. 24","Image courtesy of the Sloane Herbarium, Mark Spencer, Curator, the Natural History Museum, London. Creative Commons Attribution-NonCommercial-ShareAlike 3.0 Unported License."
"urn:cite:fufolioimg:BotCarBartramJ.Bartram_John_HS334a_25_60","John Bartram, Plants gathered by Mr. John Bartram in Philadelphia, etc., in the years 1742 and 1743, Hortus Siccus 334a, sequence no. 25","Image courtesy of the Sloane Herbarium, Mark Spencer, Curator, the Natural History Museum, London. Creative Commons Attribution-NonCommercial-ShareAlike 3.0 Unported License."
"urn:cite:fufolioimg:BotCarBartramJ.Bartram_John_HS334a_26_61","John Bartram, Plants gathered by Mr. John Bartram in Philadelphia, etc., in the years 1742 and 1743, Hortus Siccus 334a, sequence no. 26","Image courtesy of the Sloane Herbarium, Mark Spencer, Curator, the Natural History Museum, London. Creative Commons Attribution-NonCommercial-ShareAlike 3.0 Unported License."
"urn:cite:fufolioimg:BotCarBartramJ.Bartram_John_HS334a_26_62","John Bartram, Plants gathered by Mr. John Bartram in Philadelphia, etc., in the years 1742 and 1743, Hortus Siccus 334a, sequence no. 26","Image courtesy of the Sloane Herbarium, Mark Spencer, Curator, the Natural History Museum, London. Creative Commons Attribution-NonCommercial-ShareAlike 3.0 Unported License."
"urn:cite:fufolioimg:BotCarBartramJ.Bartram_John_HS334a_27_63","John Bartram, Plants gathered by Mr. John Bartram in Philadelphia, etc., in the years 1742 and 1743, Hortus Siccus 334a, sequence no. 27","Image courtesy of the Sloane Herbarium, Mark Spencer, Curator, the Natural History Museum, London. Creative Commons Attribution-NonCommercial-ShareAlike 3.0 Unported License."
"urn:cite:fufolioimg:BotCarBartramJ.Bartram_John_HS334a_28_58","John Bartram, Plants gathered by Mr. John Bartram in Philadelphia, etc., in the years 1742 and 1743, Hortus Siccus 334a, sequence no. 28","Image courtesy of the Sloane Herbarium, Mark Spencer, Curator, the Natural History Museum, London. Creative Commons Attribution-NonCommercial-ShareAlike 3.0 Unported License."
"urn:cite:fufolioimg:BotCarBartramJ.Bartram_John_HS334a_29_55","John Bartram, Plants gathered by Mr. John Bartram in Philadelphia, etc., in the years 1742 and 1743, Hortus Siccus 334a, sequence no. 29","Image courtesy of the Sloane Herbarium, Mark Spencer, Curator, the Natural History Museum, London. Creative Commons Attribution-NonCommercial-ShareAlike 3.0 Unported License."
"urn:cite:fufolioimg:BotCarBartramJ.Bartram_John_HS334a_30_56","John Bartram, Plants gathered by Mr. John Bartram in Philadelphia, etc., in the years 1742 and 1743, Hortus Siccus 334a, sequence no. 30","Image courtesy of the Sloane Herbarium, Mark Spencer, Curator, the Natural History Museum, London. Creative Commons Attribution-NonCommercial-ShareAlike 3.0 Unported License."
"urn:cite:fufolioimg:BotCarBartramJ.Bartram_John_HS334a_31_54","John Bartram, Plants gathered by Mr. John Bartram in Philadelphia, etc., in the years 1742 and 1743, Hortus Siccus 334a, sequence no. 31","Image courtesy of the Sloane Herbarium, Mark Spencer, Curator, the Natural History Museum, London. Creative Commons Attribution-NonCommercial-ShareAlike 3.0 Unported License."
"urn:cite:fufolioimg:BotCarBartramJ.Bartram_John_HS334a_32_57","John Bartram, Plants gathered by Mr. John Bartram in Philadelphia, etc., in the years 1742 and 1743, Hortus Siccus 334a, sequence no. 32","Image courtesy of the Sloane Herbarium, Mark Spencer, Curator, the Natural History Museum, London. Creative Commons Attribution-NonCommercial-ShareAlike 3.0 Unported License."
"urn:cite:fufolioimg:BotCarBartramJ.Bartram_John_HS334a_33_53","John Bartram, Plants gathered by Mr. John Bartram in Philadelphia, etc., in the years 1742 and 1743, Hortus Siccus 334a, sequence no. 33","Image courtesy of the Sloane Herbarium, Mark Spencer, Curator, the Natural History Museum, London. Creative Commons Attribution-NonCommercial-ShareAlike 3.0 Unported License."
"urn:cite:fufolioimg:BotCarBartramJ.Bartram_John_HS334a_34_51","John Bartram, Plants gathered by Mr. John Bartram in Philadelphia, etc., in the years 1742 and 1743, Hortus Siccus 334a, sequence no. 34","Image courtesy of the Sloane Herbarium, Mark Spencer, Curator, the Natural History Museum, London. Creative Commons Attribution-NonCommercial-ShareAlike 3.0 Unported License."
"urn:cite:fufolioimg:BotCarBartramJ.Bartram_John_HS334a_35_52","John Bartram, Plants gathered by Mr. John Bartram in Philadelphia, etc., in the years 1742 and 1743, Hortus Siccus 334a, sequence no. 35","Image courtesy of the Sloane Herbarium, Mark Spencer, Curator, the Natural History Museum, London. Creative Commons Attribution-NonCommercial-ShareAlike 3.0 Unported License."
"urn:cite:fufolioimg:BotCarBartramJ.Bartram_John_HS334a_36_50","John Bartram, Plants gathered by Mr. John Bartram in Philadelphia, etc., in the years 1742 and 1743, Hortus Siccus 334a, sequence no. 36","Image courtesy of the Sloane Herbarium, Mark Spencer, Curator, the Natural History Museum, London. Creative Commons Attribution-NonCommercial-ShareAlike 3.0 Unported License."
"urn:cite:fufolioimg:BotCarBartramJ.Bartram_John_HS334a_37_42","John Bartram, Plants gathered by Mr. John Bartram in Philadelphia, etc., in the years 1742 and 1743, Hortus Siccus 334a, sequence no. 37","Image courtesy of the Sloane Herbarium, Mark Spencer, Curator, the Natural History Museum, London. Creative Commons Attribution-NonCommercial-ShareAlike 3.0 Unported License."
"urn:cite:fufolioimg:BotCarBartramJ.Bartram_John_HS334a_37_44","John Bartram, Plants gathered by Mr. John Bartram in Philadelphia, etc., in the years 1742 and 1743, Hortus Siccus 334a, sequence no. 37","Image courtesy of the Sloane Herbarium, Mark Spencer, Curator, the Natural History Museum, London. Creative Commons Attribution-NonCommercial-ShareAlike 3.0 Unported License."
"urn:cite:fufolioimg:BotCarBartramJ.Bartram_John_HS334a_37_47","John Bartram, Plants gathered by Mr. John Bartram in Philadelphia, etc., in the years 1742 and 1743, Hortus Siccus 334a, sequence no. 37","Image courtesy of the Sloane Herbarium, Mark Spencer, Curator, the Natural History Museum, London. Creative Commons Attribution-NonCommercial-ShareAlike 3.0 Unported License."
"urn:cite:fufolioimg:BotCarBartramJ.Bartram_John_HS334a_37_49","John Bartram, Plants gathered by Mr. John Bartram in Philadelphia, etc., in the years 1742 and 1743, Hortus Siccus 334a, sequence no. 37","Image courtesy of the Sloane Herbarium, Mark Spencer, Curator, the Natural History Museum, London. Creative Commons Attribution-NonCommercial-ShareAlike 3.0 Unported License."
"urn:cite:fufolioimg:BotCarBartramJ.Bartram_John_HS334a_38_45","John Bartram, Plants gathered by Mr. John Bartram in Philadelphia, etc., in the years 1742 and 1743, Hortus Siccus 334a, sequence no. 38","Image courtesy of the Sloane Herbarium, Mark Spencer, Curator, the Natural History Museum, London. Creative Commons Attribution-NonCommercial-ShareAlike 3.0 Unported License."
"urn:cite:fufolioimg:BotCarBartramJ.Bartram_John_HS334a_39_48","John Bartram, Plants gathered by Mr. John Bartram in Philadelphia, etc., in the years 1742 and 1743, Hortus Siccus 334a, sequence no. 39","Image courtesy of the Sloane Herbarium, Mark Spencer, Curator, the Natural History Museum, London. Creative Commons Attribution-NonCommercial-ShareAlike 3.0 Unported License."
"urn:cite:fufolioimg:BotCarBartramJ.Bartram_John_HS334a_40_43","John Bartram, Plants gathered by Mr. John Bartram in Philadelphia, etc., in the years 1742 and 1743, Hortus Siccus 334a, sequence no. 40","Image courtesy of the Sloane Herbarium, Mark Spencer, Curator, the Natural History Museum, London. Creative Commons Attribution-NonCommercial-ShareAlike 3.0 Unported License."
"urn:cite:fufolioimg:BotCarBartramJ.Bartram_John_HS334a_41_46","John Bartram, Plants gathered by Mr. John Bartram in Philadelphia, etc., in the years 1742 and 1743, Hortus Siccus 334a, sequence no. 41","Image courtesy of the Sloane Herbarium, Mark Spencer, Curator, the Natural History Museum, London. Creative Commons Attribution-NonCommercial-ShareAlike 3.0 Unported License."
"urn:cite:fufolioimg:BotCarBartramJ.Bartram_John_HS334a_42_36","John Bartram, Plants gathered by Mr. John Bartram in Philadelphia, etc., in the years 1742 and 1743, Hortus Siccus 334a, sequence no. 42","Image courtesy of the Sloane Herbarium, Mark Spencer, Curator, the Natural History Museum, London. Creative Commons Attribution-NonCommercial-ShareAlike 3.0 Unported License."
"urn:cite:fufolioimg:BotCarBartramJ.Bartram_John_HS334a_43_37","John Bartram, Plants gathered by Mr. John Bartram in Philadelphia, etc., in the years 1742 and 1743, Hortus Siccus 334a, sequence no. 43","Image courtesy of the Sloane Herbarium, Mark Spencer, Curator, the Natural History Museum, London. Creative Commons Attribution-NonCommercial-ShareAlike 3.0 Unported License."
"urn:cite:fufolioimg:BotCarBartramJ.Bartram_John_HS334a_44_41","John Bartram, Plants gathered by Mr. John Bartram in Philadelphia, etc., in the years 1742 and 1743, Hortus Siccus 334a, sequence no. 44","Image courtesy of the Sloane Herbarium, Mark Spencer, Curator, the Natural History Museum, London. Creative Commons Attribution-NonCommercial-ShareAlike 3.0 Unported License."
"urn:cite:fufolioimg:BotCarBartramJ.Bartram_John_HS334a_45_38","John Bartram, Plants gathered by Mr. John Bartram in Philadelphia, etc., in the years 1742 and 1743, Hortus Siccus 334a, sequence no. 45","Image courtesy of the Sloane Herbarium, Mark Spencer, Curator, the Natural History Museum, London. Creative Commons Attribution-NonCommercial-ShareAlike 3.0 Unported License."
"urn:cite:fufolioimg:BotCarBartramJ.Bartram_John_HS334a_46_39","John Bartram, Plants gathered by Mr. John Bartram in Philadelphia, etc., in the years 1742 and 1743, Hortus Siccus 334a, sequence no. 46","Image courtesy of the Sloane Herbarium, Mark Spencer, Curator, the Natural History Museum, London. Creative Commons Attribution-NonCommercial-ShareAlike 3.0 Unported License."
"urn:cite:fufolioimg:BotCarBartramJ.Bartram_John_HS334a_46a_40","John Bartram, Plants gathered by Mr. John Bartram in Philadelphia, etc., in the years 1742 and 1743, Hortus Siccus 334a, sequence no. 46a","Image courtesy of the Sloane Herbarium, Mark Spencer, Curator, the Natural History Museum, London. Creative Commons Attribution-NonCommercial-ShareAlike 3.0 Unported License."
"urn:cite:fufolioimg:BotCarBartramJ.Bartram_John_HS334a_47_30","John Bartram, Plants gathered by Mr. John Bartram in Philadelphia, etc., in the years 1742 and 1743, Hortus Siccus 334a, sequence no. 47","Image courtesy of the Sloane Herbarium, Mark Spencer, Curator, the Natural History Museum, London. Creative Commons Attribution-NonCommercial-ShareAlike 3.0 Unported License."
"urn:cite:fufolioimg:BotCarBartramJ.Bartram_John_HS334a_48_24","John Bartram, Plants gathered by Mr. John Bartram in Philadelphia, etc., in the years 1742 and 1743, Hortus Siccus 334a, sequence no. 48","Image courtesy of the Sloane Herbarium, Mark Spencer, Curator, the Natural History Museum, London. Creative Commons Attribution-NonCommercial-ShareAlike 3.0 Unported License."
"urn:cite:fufolioimg:BotCarBartramJ.Bartram_John_HS334a_49_35","John Bartram, Plants gathered by Mr. John Bartram in Philadelphia, etc., in the years 1742 and 1743, Hortus Siccus 334a, sequence no. 49","Image courtesy of the Sloane Herbarium, Mark Spencer, Curator, the Natural History Museum, London. Creative Commons Attribution-NonCommercial-ShareAlike 3.0 Unported License."
"urn:cite:fufolioimg:BotCarBartramJ.Bartram_John_HS334a_50_34","John Bartram, Plants gathered by Mr. John Bartram in Philadelphia, etc., in the years 1742 and 1743, Hortus Siccus 334a, sequence no. 50","Image courtesy of the Sloane Herbarium, Mark Spencer, Curator, the Natural History Museum, London. Creative Commons Attribution-NonCommercial-ShareAlike 3.0 Unported License."
"urn:cite:fufolioimg:BotCarBartramJ.Bartram_John_HS334a_51_29","John Bartram, Plants gathered by Mr. John Bartram in Philadelphia, etc., in the years 1742 and 1743, Hortus Siccus 334a, sequence no. 51","Image courtesy of the Sloane Herbarium, Mark Spencer, Curator, the Natural History Museum, London. Creative Commons Attribution-NonCommercial-ShareAlike 3.0 Unported License."
"urn:cite:fufolioimg:BotCarBartramJ.Bartram_John_HS334a_52_28","John Bartram, Plants gathered by Mr. John Bartram in Philadelphia, etc., in the years 1742 and 1743, Hortus Siccus 334a, sequence no. 52","Image courtesy of the Sloane Herbarium, Mark Spencer, Curator, the Natural History Museum, London. Creative Commons Attribution-NonCommercial-ShareAlike 3.0 Unported License."
"urn:cite:fufolioimg:BotCarBartramJ.Bartram_John_HS334a_53_33","John Bartram, Plants gathered by Mr. John Bartram in Philadelphia, etc., in the years 1742 and 1743, Hortus Siccus 334a, sequence no. 53","Image courtesy of the Sloane Herbarium, Mark Spencer, Curator, the Natural History Museum, London. Creative Commons Attribution-NonCommercial-ShareAlike 3.0 Unported License."
"urn:cite:fufolioimg:BotCarBartramJ.Bartram_John_HS334a_53a_32","John Bartram, Plants gathered by Mr. John Bartram in Philadelphia, etc., in the years 1742 and 1743, Hortus Siccus 334a, sequence no. 53a","Image courtesy of the Sloane Herbarium, Mark Spencer, Curator, the Natural History Museum, London. Creative Commons Attribution-NonCommercial-ShareAlike 3.0 Unported License."
"urn:cite:fufolioimg:BotCarBartramJ.Bartram_John_HS334a_54_31","John Bartram, Plants gathered by Mr. John Bartram in Philadelphia, etc., in the years 1742 and 1743, Hortus Siccus 334a, sequence no. 54","Image courtesy of the Sloane Herbarium, Mark Spencer, Curator, the Natural History Museum, London. Creative Commons Attribution-NonCommercial-ShareAlike 3.0 Unported License."
"urn:cite:fufolioimg:BotCarBartramJ.Bartram_John_HS334a_55_27","John Bartram, Plants gathered by Mr. John Bartram in Philadelphia, etc., in the years 1742 and 1743, Hortus Siccus 334a, sequence no. 55","Image courtesy of the Sloane Herbarium, Mark Spencer, Curator, the Natural History Museum, London. Creative Commons Attribution-NonCommercial-ShareAlike 3.0 Unported License."
"urn:cite:fufolioimg:BotCarBartramJ.Bartram_John_HS334a_56_26","John Bartram, Plants gathered by Mr. John Bartram in Philadelphia, etc., in the years 1742 and 1743, Hortus Siccus 334a, sequence no. 56","Image courtesy of the Sloane Herbarium, Mark Spencer, Curator, the Natural History Museum, London. Creative Commons Attribution-NonCommercial-ShareAlike 3.0 Unported License."
"urn:cite:fufolioimg:BotCarBartramJ.Bartram_John_HS334a_57_25","John Bartram, Plants gathered by Mr. John Bartram in Philadelphia, etc., in the years 1742 and 1743, Hortus Siccus 334a, sequence no. 57","Image courtesy of the Sloane Herbarium, Mark Spencer, Curator, the Natural History Museum, London. Creative Commons Attribution-NonCommercial-ShareAlike 3.0 Unported License."
"urn:cite:fufolioimg:BotCarBartramJ.Bartram_John_HS334a_58_19","John Bartram, Plants gathered by Mr. John Bartram in Philadelphia, etc., in the years 1742 and 1743, Hortus Siccus 334a, sequence no. 58","Image courtesy of the Sloane Herbarium, Mark Spencer, Curator, the Natural History Museum, London. Creative Commons Attribution-NonCommercial-ShareAlike 3.0 Unported License."
"urn:cite:fufolioimg:BotCarBartramJ.Bartram_John_HS334a_59_23","John Bartram, Plants gathered by Mr. John Bartram in Philadelphia, etc., in the years 1742 and 1743, Hortus Siccus 334a, sequence no. 59","Image courtesy of the Sloane Herbarium, Mark Spencer, Curator, the Natural History Museum, London. Creative Commons Attribution-NonCommercial-ShareAlike 3.0 Unported License."
"urn:cite:fufolioimg:BotCarBartramJ.Bartram_John_HS334a_60_16","John Bartram, Plants gathered by Mr. John Bartram in Philadelphia, etc., in the years 1742 and 1743, Hortus Siccus 334a, sequence no. 60","Image courtesy of the Sloane Herbarium, Mark Spencer, Curator, the Natural History Museum, London. Creative Commons Attribution-NonCommercial-ShareAlike 3.0 Unported License."
"urn:cite:fufolioimg:BotCarBartramJ.Bartram_John_HS334a_61_21","John Bartram, Plants gathered by Mr. John Bartram in Philadelphia, etc., in the years 1742 and 1743, Hortus Siccus 334a, sequence no. 61","Image courtesy of the Sloane Herbarium, Mark Spencer, Curator, the Natural History Museum, London. Creative Commons Attribution-NonCommercial-ShareAlike 3.0 Unported License."
"urn:cite:fufolioimg:BotCarBartramJ.Bartram_John_HS334a_62_17","John Bartram, Plants gathered by Mr. John Bartram in Philadelphia, etc., in the years 1742 and 1743, Hortus Siccus 334a, sequence no. 62","Image courtesy of the Sloane Herbarium, Mark Spencer, Curator, the Natural History Museum, London. Creative Commons Attribution-NonCommercial-ShareAlike 3.0 Unported License."
"urn:cite:fufolioimg:BotCarBartramJ.Bartram_John_HS334a_63_20","John Bartram, Plants gathered by Mr. John Bartram in Philadelphia, etc., in the years 1742 and 1743, Hortus Siccus 334a, sequence no. 63","Image courtesy of the Sloane Herbarium, Mark Spencer, Curator, the Natural History Museum, London. Creative Commons Attribution-NonCommercial-ShareAlike 3.0 Unported License."
"urn:cite:fufolioimg:BotCarBartramJ.Bartram_John_HS334a_64_15","John Bartram, Plants gathered by Mr. John Bartram in Philadelphia, etc., in the years 1742 and 1743, Hortus Siccus 334a, sequence no. 64","Image courtesy of the Sloane Herbarium, Mark Spencer, Curator, the Natural History Museum, London. Creative Commons Attribution-NonCommercial-ShareAlike 3.0 Unported License."
"urn:cite:fufolioimg:BotCarBartramJ.Bartram_John_HS334a_65_18","John Bartram, Plants gathered by Mr. John Bartram in Philadelphia, etc., in the years 1742 and 1743, Hortus Siccus 334a, sequence no. 65","Image courtesy of the Sloane Herbarium, Mark Spencer, Curator, the Natural History Museum, London. Creative Commons Attribution-NonCommercial-ShareAlike 3.0 Unported License."
"urn:cite:fufolioimg:BotCarBartramJ.Bartram_John_HS334a_66_22","John Bartram, Plants gathered by Mr. John Bartram in Philadelphia, etc., in the years 1742 and 1743, Hortus Siccus 334a, sequence no. 66","Image courtesy of the Sloane Herbarium, Mark Spencer, Curator, the Natural History Museum, London. Creative Commons Attribution-NonCommercial-ShareAlike 3.0 Unported License."
"urn:cite:fufolioimg:BotCarBartramJ.Bartram_John_HS334a_66a_13","John Bartram, Plants gathered by Mr. John Bartram in Philadelphia, etc., in the years 1742 and 1743, Hortus Siccus 334a, sequence no. 66a","Image courtesy of the Sloane Herbarium, Mark Spencer, Curator, the Natural History Museum, London. Creative Commons Attribution-NonCommercial-ShareAlike 3.0 Unported License."
"urn:cite:fufolioimg:BotCarBartramJ.Bartram_John_HS334a_67_07","John Bartram, Plants gathered by Mr. John Bartram in Philadelphia, etc., in the years 1742 and 1743, Hortus Siccus 334a, sequence no. 67","Image courtesy of the Sloane Herbarium, Mark Spencer, Curator, the Natural History Museum, London. Creative Commons Attribution-NonCommercial-ShareAlike 3.0 Unported License."
"urn:cite:fufolioimg:BotCarBartramJ.Bartram_John_HS334a_68_06","John Bartram, Plants gathered by Mr. John Bartram in Philadelphia, etc., in the years 1742 and 1743, Hortus Siccus 334a, sequence no. 68","Image courtesy of the Sloane Herbarium, Mark Spencer, Curator, the Natural History Museum, London. Creative Commons Attribution-NonCommercial-ShareAlike 3.0 Unported License."
"urn:cite:fufolioimg:BotCarBartramJ.Bartram_John_HS334a_69_05","John Bartram, Plants gathered by Mr. John Bartram in Philadelphia, etc., in the years 1742 and 1743, Hortus Siccus 334a, sequence no. 69","Image courtesy of the Sloane Herbarium, Mark Spencer, Curator, the Natural History Museum, London. Creative Commons Attribution-NonCommercial-ShareAlike 3.0 Unported License."
"urn:cite:fufolioimg:BotCarBartramJ.Bartram_John_HS334a_70_12","John Bartram, Plants gathered by Mr. John Bartram in Philadelphia, etc., in the years 1742 and 1743, Hortus Siccus 334a, sequence no. 70","Image courtesy of the Sloane Herbarium, Mark Spencer, Curator, the Natural History Museum, London. Creative Commons Attribution-NonCommercial-ShareAlike 3.0 Unported License."
"urn:cite:fufolioimg:BotCarBartramJ.Bartram_John_HS334a_71_04","John Bartram, Plants gathered by Mr. John Bartram in Philadelphia, etc., in the years 1742 and 1743, Hortus Siccus 334a, sequence no. 71","Image courtesy of the Sloane Herbarium, Mark Spencer, Curator, the Natural History Museum, London. Creative Commons Attribution-NonCommercial-ShareAlike 3.0 Unported License."
"urn:cite:fufolioimg:BotCarBartramJ.Bartram_John_HS334a_71_11","John Bartram, Plants gathered by Mr. John Bartram in Philadelphia, etc., in the years 1742 and 1743, Hortus Siccus 334a, sequence no. 71","Image courtesy of the Sloane Herbarium, Mark Spencer, Curator, the Natural History Museum, London. Creative Commons Attribution-NonCommercial-ShareAlike 3.0 Unported License."
"urn:cite:fufolioimg:BotCarBartramJ.Bartram_John_HS334a_72_03","John Bartram, Plants gathered by Mr. John Bartram in Philadelphia, etc., in the years 1742 and 1743, Hortus Siccus 334a, sequence no. 72","Image courtesy of the Sloane Herbarium, Mark Spencer, Curator, the Natural History Museum, London. Creative Commons Attribution-NonCommercial-ShareAlike 3.0 Unported License."
"urn:cite:fufolioimg:BotCarBartramJ.Bartram_John_HS334a_bb_09","John Bartram, Plants gathered by Mr. John Bartram in Philadelphia, etc., in the years 1742 and 1743, Hortus Siccus 334a, sequence no. bb","Image courtesy of the Sloane Herbarium, Mark Spencer, Curator, the Natural History Museum, London. Creative Commons Attribution-NonCommercial-ShareAlike 3.0 Unported License."
"urn:cite:fufolioimg:BotCarBartramJ.Bartram_John_HS334a_bc_08","John Bartram, Plants gathered by Mr. John Bartram in Philadelphia, etc., in the years 1742 and 1743, Hortus Siccus 334a, sequence no. bc","Image courtesy of the Sloane Herbarium, Mark Spencer, Curator, the Natural History Museum, London. Creative Commons Attribution-NonCommercial-ShareAlike 3.0 Unported License."
"urn:cite:fufolioimg:BotCarBartramJ.Bartram_John_HS334a_bf_02","John Bartram, Plants gathered by Mr. John Bartram in Philadelphia, etc., in the years 1742 and 1743, Hortus Siccus 334a, sequence no. bf","Image courtesy of the Sloane Herbarium, Mark Spencer, Curator, the Natural History Museum, London. Creative Commons Attribution-NonCommercial-ShareAlike 3.0 Unported License."
"urn:cite:fufolioimg:BotCarBartramJ.Bartram_John_HS334a_bf2_10","John Bartram, Plants gathered by Mr. John Bartram in Philadelphia, etc., in the years 1742 and 1743, Hortus Siccus 334a, sequence no. bf2","Image courtesy of the Sloane Herbarium, Mark Spencer, Curator, the Natural History Museum, London. Creative Commons Attribution-NonCommercial-ShareAlike 3.0 Unported License."
"urn:cite:fufolioimg:BotCarBartramJ.Bartram_John_HS334a_spine_14","John Bartram, Plants gathered by Mr. John Bartram in Philadelphia, etc., in the years 1742 and 1743, Hortus Siccus 334a, sequence no. spine","Image courtesy of the Sloane Herbarium, Mark Spencer, Curator, the Natural History Museum, London. Creative Commons Attribution-NonCommercial-ShareAlike 3.0 Unported License."
"urn:cite:fufolioimg:BotCarBartramJ.Bartram_John_HS334b_073_0173","John Bartram, Plants gathered by Mr. John Bartram in Philadelphia, etc., in the years 1742 and 1743, Hortus Siccus 334b, sequence no. 073","Image courtesy of the Sloane Herbarium, Mark Spencer, Curator, the Natural History Museum, London. Creative Commons Attribution-NonCommercial-ShareAlike 3.0 Unported License."
"urn:cite:fufolioimg:BotCarBartramJ.Bartram_John_HS334b_074_0166","John Bartram, Plants gathered by Mr. John Bartram in Philadelphia, etc., in the years 1742 and 1743, Hortus Siccus 334b, sequence no. 074","Image courtesy of the Sloane Herbarium, Mark Spencer, Curator, the Natural History Museum, London. Creative Commons Attribution-NonCommercial-ShareAlike 3.0 Unported License."
"urn:cite:fufolioimg:BotCarBartramJ.Bartram_John_HS334b_074_0174","John Bartram, Plants gathered by Mr. John Bartram in Philadelphia, etc., in the years 1742 and 1743, Hortus Siccus 334b, sequence no. 074","Image courtesy of the Sloane Herbarium, Mark Spencer, Curator, the Natural History Museum, London. Creative Commons Attribution-NonCommercial-ShareAlike 3.0 Unported License."
"urn:cite:fufolioimg:BotCarBartramJ.Bartram_John_HS334b_075_0168","John Bartram, Plants gathered by Mr. John Bartram in Philadelphia, etc., in the years 1742 and 1743, Hortus Siccus 334b, sequence no. 075","Image courtesy of the Sloane Herbarium, Mark Spencer, Curator, the Natural History Museum, London. Creative Commons Attribution-NonCommercial-ShareAlike 3.0 Unported License."
"urn:cite:fufolioimg:BotCarBartramJ.Bartram_John_HS334b_076_0172","John Bartram, Plants gathered by Mr. John Bartram in Philadelphia, etc., in the years 1742 and 1743, Hortus Siccus 334b, sequence no. 076","Image courtesy of the Sloane Herbarium, Mark Spencer, Curator, the Natural History Museum, London. Creative Commons Attribution-NonCommercial-ShareAlike 3.0 Unported License."
"urn:cite:fufolioimg:BotCarBartramJ.Bartram_John_HS334b_077_0169","John Bartram, Plants gathered by Mr. John Bartram in Philadelphia, etc., in the years 1742 and 1743, Hortus Siccus 334b, sequence no. 077","Image courtesy of the Sloane Herbarium, Mark Spencer, Curator, the Natural History Museum, London. Creative Commons Attribution-NonCommercial-ShareAlike 3.0 Unported License."
"urn:cite:fufolioimg:BotCarBartramJ.Bartram_John_HS334b_077_0170","John Bartram, Plants gathered by Mr. John Bartram in Philadelphia, etc., in the years 1742 and 1743, Hortus Siccus 334b, sequence no. 077","Image courtesy of the Sloane Herbarium, Mark Spencer, Curator, the Natural History Museum, London. Creative Commons Attribution-NonCommercial-ShareAlike 3.0 Unported License."
"urn:cite:fufolioimg:BotCarBartramJ.Bartram_John_HS334b_078_0167","John Bartram, Plants gathered by Mr. John Bartram in Philadelphia, etc., in the years 1742 and 1743, Hortus Siccus 334b, sequence no. 078","Image courtesy of the Sloane Herbarium, Mark Spencer, Curator, the Natural History Museum, London. Creative Commons Attribution-NonCommercial-ShareAlike 3.0 Unported License."
"urn:cite:fufolioimg:BotCarBartramJ.Bartram_John_HS334b_079_0171","John Bartram, Plants gathered by Mr. John Bartram in Philadelphia, etc., in the years 1742 and 1743, Hortus Siccus 334b, sequence no. 079","Image courtesy of the Sloane Herbarium, Mark Spencer, Curator, the Natural History Museum, London. Creative Commons Attribution-NonCommercial-ShareAlike 3.0 Unported License."
"urn:cite:fufolioimg:BotCarBartramJ.Bartram_John_HS334b_080_0165","John Bartram, Plants gathered by Mr. John Bartram in Philadelphia, etc., in the years 1742 and 1743, Hortus Siccus 334b, sequence no. 080","Image courtesy of the Sloane Herbarium, Mark Spencer, Curator, the Natural History Museum, London. Creative Commons Attribution-NonCommercial-ShareAlike 3.0 Unported License."
"urn:cite:fufolioimg:BotCarBartramJ.Bartram_John_HS334b_081_0163","John Bartram, Plants gathered by Mr. John Bartram in Philadelphia, etc., in the years 1742 and 1743, Hortus Siccus 334b, sequence no. 081","Image courtesy of the Sloane Herbarium, Mark Spencer, Curator, the Natural History Museum, London. Creative Commons Attribution-NonCommercial-ShareAlike 3.0 Unported License."
"urn:cite:fufolioimg:BotCarBartramJ.Bartram_John_HS334b_082_0161","John Bartram, Plants gathered by Mr. John Bartram in Philadelphia, etc., in the years 1742 and 1743, Hortus Siccus 334b, sequence no. 082","Image courtesy of the Sloane Herbarium, Mark Spencer, Curator, the Natural History Museum, London. Creative Commons Attribution-NonCommercial-ShareAlike 3.0 Unported License."
"urn:cite:fufolioimg:BotCarBartramJ.Bartram_John_HS334b_083_0162","John Bartram, Plants gathered by Mr. John Bartram in Philadelphia, etc., in the years 1742 and 1743, Hortus Siccus 334b, sequence no. 083","Image courtesy of the Sloane Herbarium, Mark Spencer, Curator, the Natural History Museum, London. Creative Commons Attribution-NonCommercial-ShareAlike 3.0 Unported License."
"urn:cite:fufolioimg:BotCarBartramJ.Bartram_John_HS334b_084_0164","John Bartram, Plants gathered by Mr. John Bartram in Philadelphia, etc., in the years 1742 and 1743, Hortus Siccus 334b, sequence no. 084","Image courtesy of the Sloane Herbarium, Mark Spencer, Curator, the Natural History Museum, London. Creative Commons Attribution-NonCommercial-ShareAlike 3.0 Unported License."
"urn:cite:fufolioimg:BotCarBartramJ.Bartram_John_HS334b_085_0159","John Bartram, Plants gathered by Mr. John Bartram in Philadelphia, etc., in the years 1742 and 1743, Hortus Siccus 334b, sequence no. 085","Image courtesy of the Sloane Herbarium, Mark Spencer, Curator, the Natural History Museum, London. Creative Commons Attribution-NonCommercial-ShareAlike 3.0 Unported License."
"urn:cite:fufolioimg:BotCarBartramJ.Bartram_John_HS334b_086_0160","John Bartram, Plants gathered by Mr. John Bartram in Philadelphia, etc., in the years 1742 and 1743, Hortus Siccus 334b, sequence no. 086","Image courtesy of the Sloane Herbarium, Mark Spencer, Curator, the Natural History Museum, London. Creative Commons Attribution-NonCommercial-ShareAlike 3.0 Unported License."
"urn:cite:fufolioimg:BotCarBartramJ.Bartram_John_HS334b_087_0147","John Bartram, Plants gathered by Mr. John Bartram in Philadelphia, etc., in the years 1742 and 1743, Hortus Siccus 334b, sequence no. 087","Image courtesy of the Sloane Herbarium, Mark Spencer, Curator, the Natural History Museum, London. Creative Commons Attribution-NonCommercial-ShareAlike 3.0 Unported License."
"urn:cite:fufolioimg:BotCarBartramJ.Bartram_John_HS334b_088_0152","John Bartram, Plants gathered by Mr. John Bartram in Philadelphia, etc., in the years 1742 and 1743, Hortus Siccus 334b, sequence no. 088","Image courtesy of the Sloane Herbarium, Mark Spencer, Curator, the Natural History Museum, London. Creative Commons Attribution-NonCommercial-ShareAlike 3.0 Unported License."
"urn:cite:fufolioimg:BotCarBartramJ.Bartram_John_HS334b_089_0151","John Bartram, Plants gathered by Mr. John Bartram in Philadelphia, etc., in the years 1742 and 1743, Hortus Siccus 334b, sequence no. 089","Image courtesy of the Sloane Herbarium, Mark Spencer, Curator, the Natural History Museum, London. Creative Commons Attribution-NonCommercial-ShareAlike 3.0 Unported License."
"urn:cite:fufolioimg:BotCarBartramJ.Bartram_John_HS334b_090_0158","John Bartram, Plants gathered by Mr. John Bartram in Philadelphia, etc., in the years 1742 and 1743, Hortus Siccus 334b, sequence no. 090","Image courtesy of the Sloane Herbarium, Mark Spencer, Curator, the Natural History Museum, London. Creative Commons Attribution-NonCommercial-ShareAlike 3.0 Unported License."
"urn:cite:fufolioimg:BotCarBartramJ.Bartram_John_HS334b_091_0157","John Bartram, Plants gathered by Mr. John Bartram in Philadelphia, etc., in the years 1742 and 1743, Hortus Siccus 334b, sequence no. 091","Image courtesy of the Sloane Herbarium, Mark Spencer, Curator, the Natural History Museum, London. Creative Commons Attribution-NonCommercial-ShareAlike 3.0 Unported License."
"urn:cite:fufolioimg:BotCarBartramJ.Bartram_John_HS334b_092_0156","John Bartram, Plants gathered by Mr. John Bartram in Philadelphia, etc., in the years 1742 and 1743, Hortus Siccus 334b, sequence no. 092","Image courtesy of the Sloane Herbarium, Mark Spencer, Curator, the Natural History Museum, London. Creative Commons Attribution-NonCommercial-ShareAlike 3.0 Unported License."
"urn:cite:fufolioimg:BotCarBartramJ.Bartram_John_HS334b_093_0150","John Bartram, Plants gathered by Mr. John Bartram in Philadelphia, etc., in the years 1742 and 1743, Hortus Siccus 334b, sequence no. 093","Image courtesy of the Sloane Herbarium, Mark Spencer, Curator, the Natural History Museum, London. Creative Commons Attribution-NonCommercial-ShareAlike 3.0 Unported License."
"urn:cite:fufolioimg:BotCarBartramJ.Bartram_John_HS334b_094_0149","John Bartram, Plants gathered by Mr. John Bartram in Philadelphia, etc., in the years 1742 and 1743, Hortus Siccus 334b, sequence no. 094","Image courtesy of the Sloane Herbarium, Mark Spencer, Curator, the Natural History Museum, London. Creative Commons Attribution-NonCommercial-ShareAlike 3.0 Unported License."
"urn:cite:fufolioimg:BotCarBartramJ.Bartram_John_HS334b_095_0155","John Bartram, Plants gathered by Mr. John Bartram in Philadelphia, etc., in the years 1742 and 1743, Hortus Siccus 334b, sequence no. 095","Image courtesy of the Sloane Herbarium, Mark Spencer, Curator, the Natural History Museum, London. Creative Commons Attribution-NonCommercial-ShareAlike 3.0 Unported License."
"urn:cite:fufolioimg:BotCarBartramJ.Bartram_John_HS334b_096_0154","John Bartram, Plants gathered by Mr. John Bartram in Philadelphia, etc., in the years 1742 and 1743, Hortus Siccus 334b, sequence no. 096","Image courtesy of the Sloane Herbarium, Mark Spencer, Curator, the Natural History Museum, London. Creative Commons Attribution-NonCommercial-ShareAlike 3.0 Unported License."
"urn:cite:fufolioimg:BotCarBartramJ.Bartram_John_HS334b_097_0153","John Bartram, Plants gathered by Mr. John Bartram in Philadelphia, etc., in the years 1742 and 1743, Hortus Siccus 334b, sequence no. 097","Image courtesy of the Sloane Herbarium, Mark Spencer, Curator, the Natural History Museum, London. Creative Commons Attribution-NonCommercial-ShareAlike 3.0 Unported License."
"urn:cite:fufolioimg:BotCarBartramJ.Bartram_John_HS334b_098_0148","John Bartram, Plants gathered by Mr. John Bartram in Philadelphia, etc., in the years 1742 and 1743, Hortus Siccus 334b, sequence no. 098","Image courtesy of the Sloane Herbarium, Mark Spencer, Curator, the Natural History Museum, London. Creative Commons Attribution-NonCommercial-ShareAlike 3.0 Unported License."
"urn:cite:fufolioimg:BotCarBartramJ.Bartram_John_HS334b_099_0136","John Bartram, Plants gathered by Mr. John Bartram in Philadelphia, etc., in the years 1742 and 1743, Hortus Siccus 334b, sequence no. 099","Image courtesy of the Sloane Herbarium, Mark Spencer, Curator, the Natural History Museum, London. Creative Commons Attribution-NonCommercial-ShareAlike 3.0 Unported License."
"urn:cite:fufolioimg:BotCarBartramJ.Bartram_John_HS334b_100_0135","John Bartram, Plants gathered by Mr. John Bartram in Philadelphia, etc., in the years 1742 and 1743, Hortus Siccus 334b, sequence no. 100","Image courtesy of the Sloane Herbarium, Mark Spencer, Curator, the Natural History Museum, London. Creative Commons Attribution-NonCommercial-ShareAlike 3.0 Unported License."
"urn:cite:fufolioimg:BotCarBartramJ.Bartram_John_HS334b_101_0141","John Bartram, Plants gathered by Mr. John Bartram in Philadelphia, etc., in the years 1742 and 1743, Hortus Siccus 334b, sequence no. 101","Image courtesy of the Sloane Herbarium, Mark Spencer, Curator, the Natural History Museum, London. Creative Commons Attribution-NonCommercial-ShareAlike 3.0 Unported License."
"urn:cite:fufolioimg:BotCarBartramJ.Bartram_John_HS334b_102_0140","John Bartram, Plants gathered by Mr. John Bartram in Philadelphia, etc., in the years 1742 and 1743, Hortus Siccus 334b, sequence no. 102","Image courtesy of the Sloane Herbarium, Mark Spencer, Curator, the Natural History Museum, London. Creative Commons Attribution-NonCommercial-ShareAlike 3.0 Unported License."
"urn:cite:fufolioimg:BotCarBartramJ.Bartram_John_HS334b_102_0146","John Bartram, Plants gathered by Mr. John Bartram in Philadelphia, etc., in the years 1742 and 1743, Hortus Siccus 334b, sequence no. 102","Image courtesy of the Sloane Herbarium, Mark Spencer, Curator, the Natural History Museum, London. Creative Commons Attribution-NonCommercial-ShareAlike 3.0 Unported License."
"urn:cite:fufolioimg:BotCarBartramJ.Bartram_John_HS334b_103_0145","John Bartram, Plants gathered by Mr. John Bartram in Philadelphia, etc., in the years 1742 and 1743, Hortus Siccus 334b, sequence no. 103","Image courtesy of the Sloane Herbarium, Mark Spencer, Curator, the Natural History Museum, London. Creative Commons Attribution-NonCommercial-ShareAlike 3.0 Unported License."
"urn:cite:fufolioimg:BotCarBartramJ.Bartram_John_HS334b_104_0144","John Bartram, Plants gathered by Mr. John Bartram in Philadelphia, etc., in the years 1742 and 1743, Hortus Siccus 334b, sequence no. 104","Image courtesy of the Sloane Herbarium, Mark Spencer, Curator, the Natural History Museum, London. Creative Commons Attribution-NonCommercial-ShareAlike 3.0 Unported License."
"urn:cite:fufolioimg:BotCarBartramJ.Bartram_John_HS334b_105_0139","John Bartram, Plants gathered by Mr. John Bartram in Philadelphia, etc., in the years 1742 and 1743, Hortus Siccus 334b, sequence no. 105","Image courtesy of the Sloane Herbarium, Mark Spencer, Curator, the Natural History Museum, London. Creative Commons Attribution-NonCommercial-ShareAlike 3.0 Unported License."
"urn:cite:fufolioimg:BotCarBartramJ.Bartram_John_HS334b_106_0138","John Bartram, Plants gathered by Mr. John Bartram in Philadelphia, etc., in the years 1742 and 1743, Hortus Siccus 334b, sequence no. 106","Image courtesy of the Sloane Herbarium, Mark Spencer, Curator, the Natural History Museum, London. Creative Commons Attribution-NonCommercial-ShareAlike 3.0 Unported License."
"urn:cite:fufolioimg:BotCarBartramJ.Bartram_John_HS334b_107_0137","John Bartram, Plants gathered by Mr. John Bartram in Philadelphia, etc., in the years 1742 and 1743, Hortus Siccus 334b, sequence no. 107","Image courtesy of the Sloane Herbarium, Mark Spencer, Curator, the Natural History Museum, London. Creative Commons Attribution-NonCommercial-ShareAlike 3.0 Unported License."
"urn:cite:fufolioimg:BotCarBartramJ.Bartram_John_HS334b_108_0143","John Bartram, Plants gathered by Mr. John Bartram in Philadelphia, etc., in the years 1742 and 1743, Hortus Siccus 334b, sequence no. 108","Image courtesy of the Sloane Herbarium, Mark Spencer, Curator, the Natural History Museum, London. Creative Commons Attribution-NonCommercial-ShareAlike 3.0 Unported License."
"urn:cite:fufolioimg:BotCarBartramJ.Bartram_John_HS334b_109_0142","John Bartram, Plants gathered by Mr. John Bartram in Philadelphia, etc., in the years 1742 and 1743, Hortus Siccus 334b, sequence no. 109","Image courtesy of the Sloane Herbarium, Mark Spencer, Curator, the Natural History Museum, London. Creative Commons Attribution-NonCommercial-ShareAlike 3.0 Unported License."
"urn:cite:fufolioimg:BotCarBartramJ.Bartram_John_HS334b_110_0113","John Bartram, Plants gathered by Mr. John Bartram in Philadelphia, etc., in the years 1742 and 1743, Hortus Siccus 334b, sequence no. 110","Image courtesy of the Sloane Herbarium, Mark Spencer, Curator, the Natural History Museum, London. Creative Commons Attribution-NonCommercial-ShareAlike 3.0 Unported License."
"urn:cite:fufolioimg:BotCarBartramJ.Bartram_John_HS334b_111_0131","John Bartram, Plants gathered by Mr. John Bartram in Philadelphia, etc., in the years 1742 and 1743, Hortus Siccus 334b, sequence no. 111","Image courtesy of the Sloane Herbarium, Mark Spencer, Curator, the Natural History Museum, London. Creative Commons Attribution-NonCommercial-ShareAlike 3.0 Unported License."
"urn:cite:fufolioimg:BotCarBartramJ.Bartram_John_HS334b_112_0126","John Bartram, Plants gathered by Mr. John Bartram in Philadelphia, etc., in the years 1742 and 1743, Hortus Siccus 334b, sequence no. 112","Image courtesy of the Sloane Herbarium, Mark Spencer, Curator, the Natural History Museum, London. Creative Commons Attribution-NonCommercial-ShareAlike 3.0 Unported License."
"urn:cite:fufolioimg:BotCarBartramJ.Bartram_John_HS334b_113_0117","John Bartram, Plants gathered by Mr. John Bartram in Philadelphia, etc., in the years 1742 and 1743, Hortus Siccus 334b, sequence no. 113","Image courtesy of the Sloane Herbarium, Mark Spencer, Curator, the Natural History Museum, London. Creative Commons Attribution-NonCommercial-ShareAlike 3.0 Unported License."
"urn:cite:fufolioimg:BotCarBartramJ.Bartram_John_HS334b_114_0133","John Bartram, Plants gathered by Mr. John Bartram in Philadelphia, etc., in the years 1742 and 1743, Hortus Siccus 334b, sequence no. 114","Image courtesy of the Sloane Herbarium, Mark Spencer, Curator, the Natural History Museum, London. Creative Commons Attribution-NonCommercial-ShareAlike 3.0 Unported License."
"urn:cite:fufolioimg:BotCarBartramJ.Bartram_John_HS334b_115_0124","John Bartram, Plants gathered by Mr. John Bartram in Philadelphia, etc., in the years 1742 and 1743, Hortus Siccus 334b, sequence no. 115","Image courtesy of the Sloane Herbarium, Mark Spencer, Curator, the Natural History Museum, London. Creative Commons Attribution-NonCommercial-ShareAlike 3.0 Unported License."
"urn:cite:fufolioimg:BotCarBartramJ.Bartram_John_HS334b_116_0119","John Bartram, Plants gathered by Mr. John Bartram in Philadelphia, etc., in the years 1742 and 1743, Hortus Siccus 334b, sequence no. 116","Image courtesy of the Sloane Herbarium, Mark Spencer, Curator, the Natural History Museum, London. Creative Commons Attribution-NonCommercial-ShareAlike 3.0 Unported License."
"urn:cite:fufolioimg:BotCarBartramJ.Bartram_John_HS334b_117_0111","John Bartram, Plants gathered by Mr. John Bartram in Philadelphia, etc., in the years 1742 and 1743, Hortus Siccus 334b, sequence no. 117","Image courtesy of the Sloane Herbarium, Mark Spencer, Curator, the Natural History Museum, London. Creative Commons Attribution-NonCommercial-ShareAlike 3.0 Unported License."
"urn:cite:fufolioimg:BotCarBartramJ.Bartram_John_HS334b_118_0128","John Bartram, Plants gathered by Mr. John Bartram in Philadelphia, etc., in the years 1742 and 1743, Hortus Siccus 334b, sequence no. 118","Image courtesy of the Sloane Herbarium, Mark Spencer, Curator, the Natural History Museum, London. Creative Commons Attribution-NonCommercial-ShareAlike 3.0 Unported License."
"urn:cite:fufolioimg:BotCarBartramJ.Bartram_John_HS334b_119_0121","John Bartram, Plants gathered by Mr. John Bartram in Philadelphia, etc., in the years 1742 and 1743, Hortus Siccus 334b, sequence no. 119","Image courtesy of the Sloane Herbarium, Mark Spencer, Curator, the Natural History Museum, London. Creative Commons Attribution-NonCommercial-ShareAlike 3.0 Unported License."
"urn:cite:fufolioimg:BotCarBartramJ.Bartram_John_HS334b_120_0115","John Bartram, Plants gathered by Mr. John Bartram in Philadelphia, etc., in the years 1742 and 1743, Hortus Siccus 334b, sequence no. 120","Image courtesy of the Sloane Herbarium, Mark Spencer, Curator, the Natural History Museum, London. Creative Commons Attribution-NonCommercial-ShareAlike 3.0 Unported License."
"urn:cite:fufolioimg:BotCarBartramJ.Bartram_John_HS334b_121_0114","John Bartram, Plants gathered by Mr. John Bartram in Philadelphia, etc., in the years 1742 and 1743, Hortus Siccus 334b, sequence no. 121","Image courtesy of the Sloane Herbarium, Mark Spencer, Curator, the Natural History Museum, London. Creative Commons Attribution-NonCommercial-ShareAlike 3.0 Unported License."
"urn:cite:fufolioimg:BotCarBartramJ.Bartram_John_HS334b_121_0123","John Bartram, Plants gathered by Mr. John Bartram in Philadelphia, etc., in the years 1742 and 1743, Hortus Siccus 334b, sequence no. 121","Image courtesy of the Sloane Herbarium, Mark Spencer, Curator, the Natural History Museum, London. Creative Commons Attribution-NonCommercial-ShareAlike 3.0 Unported License."
"urn:cite:fufolioimg:BotCarBartramJ.Bartram_John_HS334b_121_0130","John Bartram, Plants gathered by Mr. John Bartram in Philadelphia, etc., in the years 1742 and 1743, Hortus Siccus 334b, sequence no. 121","Image courtesy of the Sloane Herbarium, Mark Spencer, Curator, the Natural History Museum, London. Creative Commons Attribution-NonCommercial-ShareAlike 3.0 Unported License."
"urn:cite:fufolioimg:BotCarBartramJ.Bartram_John_HS334b_122_0132","John Bartram, Plants gathered by Mr. John Bartram in Philadelphia, etc., in the years 1742 and 1743, Hortus Siccus 334b, sequence no. 122","Image courtesy of the Sloane Herbarium, Mark Spencer, Curator, the Natural History Museum, London. Creative Commons Attribution-NonCommercial-ShareAlike 3.0 Unported License."
"urn:cite:fufolioimg:BotCarBartramJ.Bartram_John_HS334b_123_0127","John Bartram, Plants gathered by Mr. John Bartram in Philadelphia, etc., in the years 1742 and 1743, Hortus Siccus 334b, sequence no. 123","Image courtesy of the Sloane Herbarium, Mark Spencer, Curator, the Natural History Museum, London. Creative Commons Attribution-NonCommercial-ShareAlike 3.0 Unported License."
"urn:cite:fufolioimg:BotCarBartramJ.Bartram_John_HS334b_124_0118","John Bartram, Plants gathered by Mr. John Bartram in Philadelphia, etc., in the years 1742 and 1743, Hortus Siccus 334b, sequence no. 124","Image courtesy of the Sloane Herbarium, Mark Spencer, Curator, the Natural History Museum, London. Creative Commons Attribution-NonCommercial-ShareAlike 3.0 Unported License."
"urn:cite:fufolioimg:BotCarBartramJ.Bartram_John_HS334b_124_0134","John Bartram, Plants gathered by Mr. John Bartram in Philadelphia, etc., in the years 1742 and 1743, Hortus Siccus 334b, sequence no. 124","Image courtesy of the Sloane Herbarium, Mark Spencer, Curator, the Natural History Museum, London. Creative Commons Attribution-NonCommercial-ShareAlike 3.0 Unported License."
"urn:cite:fufolioimg:BotCarBartramJ.Bartram_John_HS334b_125_0125","John Bartram, Plants gathered by Mr. John Bartram in Philadelphia, etc., in the years 1742 and 1743, Hortus Siccus 334b, sequence no. 125","Image courtesy of the Sloane Herbarium, Mark Spencer, Curator, the Natural History Museum, London. Creative Commons Attribution-NonCommercial-ShareAlike 3.0 Unported License."
"urn:cite:fufolioimg:BotCarBartramJ.Bartram_John_HS334b_126_0120","John Bartram, Plants gathered by Mr. John Bartram in Philadelphia, etc., in the years 1742 and 1743, Hortus Siccus 334b, sequence no. 126","Image courtesy of the Sloane Herbarium, Mark Spencer, Curator, the Natural History Museum, London. Creative Commons Attribution-NonCommercial-ShareAlike 3.0 Unported License."
"urn:cite:fufolioimg:BotCarBartramJ.Bartram_John_HS334b_127_0112","John Bartram, Plants gathered by Mr. John Bartram in Philadelphia, etc., in the years 1742 and 1743, Hortus Siccus 334b, sequence no. 127","Image courtesy of the Sloane Herbarium, Mark Spencer, Curator, the Natural History Museum, London. Creative Commons Attribution-NonCommercial-ShareAlike 3.0 Unported License."
"urn:cite:fufolioimg:BotCarBartramJ.Bartram_John_HS334b_128_0129","John Bartram, Plants gathered by Mr. John Bartram in Philadelphia, etc., in the years 1742 and 1743, Hortus Siccus 334b, sequence no. 128","Image courtesy of the Sloane Herbarium, Mark Spencer, Curator, the Natural History Museum, London. Creative Commons Attribution-NonCommercial-ShareAlike 3.0 Unported License."
"urn:cite:fufolioimg:BotCarBartramJ.Bartram_John_HS334b_129_0122","John Bartram, Plants gathered by Mr. John Bartram in Philadelphia, etc., in the years 1742 and 1743, Hortus Siccus 334b, sequence no. 129","Image courtesy of the Sloane Herbarium, Mark Spencer, Curator, the Natural History Museum, London. Creative Commons Attribution-NonCommercial-ShareAlike 3.0 Unported License."
"urn:cite:fufolioimg:BotCarBartramJ.Bartram_John_HS334b_130_0116","John Bartram, Plants gathered by Mr. John Bartram in Philadelphia, etc., in the years 1742 and 1743, Hortus Siccus 334b, sequence no. 130","Image courtesy of the Sloane Herbarium, Mark Spencer, Curator, the Natural History Museum, London. Creative Commons Attribution-NonCommercial-ShareAlike 3.0 Unported License."
"urn:cite:fufolioimg:BotCarBartramJ.Bartram_John_HS334b_130a_0100","John Bartram, Plants gathered by Mr. John Bartram in Philadelphia, etc., in the years 1742 and 1743, Hortus Siccus 334b, sequence no. 130a","Image courtesy of the Sloane Herbarium, Mark Spencer, Curator, the Natural History Museum, London. Creative Commons Attribution-NonCommercial-ShareAlike 3.0 Unported License."
"urn:cite:fufolioimg:BotCarBartramJ.Bartram_John_HS334b_130a_0108","John Bartram, Plants gathered by Mr. John Bartram in Philadelphia, etc., in the years 1742 and 1743, Hortus Siccus 334b, sequence no. 130a","Image courtesy of the Sloane Herbarium, Mark Spencer, Curator, the Natural History Museum, London. Creative Commons Attribution-NonCommercial-ShareAlike 3.0 Unported License."
"urn:cite:fufolioimg:BotCarBartramJ.Bartram_John_HS334b_130a_0109","John Bartram, Plants gathered by Mr. John Bartram in Philadelphia, etc., in the years 1742 and 1743, Hortus Siccus 334b, sequence no. 130a","Image courtesy of the Sloane Herbarium, Mark Spencer, Curator, the Natural History Museum, London. Creative Commons Attribution-NonCommercial-ShareAlike 3.0 Unported License."
"urn:cite:fufolioimg:BotCarBartramJ.Bartram_John_HS334b_131_0099","John Bartram, Plants gathered by Mr. John Bartram in Philadelphia, etc., in the years 1742 and 1743, Hortus Siccus 334b, sequence no. 131","Image courtesy of the Sloane Herbarium, Mark Spencer, Curator, the Natural History Museum, London. Creative Commons Attribution-NonCommercial-ShareAlike 3.0 Unported License."
"urn:cite:fufolioimg:BotCarBartramJ.Bartram_John_HS334b_132_0098","John Bartram, Plants gathered by Mr. John Bartram in Philadelphia, etc., in the years 1742 and 1743, Hortus Siccus 334b, sequence no. 132","Image courtesy of the Sloane Herbarium, Mark Spencer, Curator, the Natural History Museum, London. Creative Commons Attribution-NonCommercial-ShareAlike 3.0 Unported License."
"urn:cite:fufolioimg:BotCarBartramJ.Bartram_John_HS334b_133_0107","John Bartram, Plants gathered by Mr. John Bartram in Philadelphia, etc., in the years 1742 and 1743, Hortus Siccus 334b, sequence no. 133","Image courtesy of the Sloane Herbarium, Mark Spencer, Curator, the Natural History Museum, London. Creative Commons Attribution-NonCommercial-ShareAlike 3.0 Unported License."
"urn:cite:fufolioimg:BotCarBartramJ.Bartram_John_HS334b_134_0106","John Bartram, Plants gathered by Mr. John Bartram in Philadelphia, etc., in the years 1742 and 1743, Hortus Siccus 334b, sequence no. 134","Image courtesy of the Sloane Herbarium, Mark Spencer, Curator, the Natural History Museum, London. Creative Commons Attribution-NonCommercial-ShareAlike 3.0 Unported License."
"urn:cite:fufolioimg:BotCarBartramJ.Bartram_John_HS334b_135_0105","John Bartram, Plants gathered by Mr. John Bartram in Philadelphia, etc., in the years 1742 and 1743, Hortus Siccus 334b, sequence no. 135","Image courtesy of the Sloane Herbarium, Mark Spencer, Curator, the Natural History Museum, London. Creative Commons Attribution-NonCommercial-ShareAlike 3.0 Unported License."
"urn:cite:fufolioimg:BotCarBartramJ.Bartram_John_HS334b_136_0097","John Bartram, Plants gathered by Mr. John Bartram in Philadelphia, etc., in the years 1742 and 1743, Hortus Siccus 334b, sequence no. 136","Image courtesy of the Sloane Herbarium, Mark Spencer, Curator, the Natural History Museum, London. Creative Commons Attribution-NonCommercial-ShareAlike 3.0 Unported License."
"urn:cite:fufolioimg:BotCarBartramJ.Bartram_John_HS334b_137_0096","John Bartram, Plants gathered by Mr. John Bartram in Philadelphia, etc., in the years 1742 and 1743, Hortus Siccus 334b, sequence no. 137","Image courtesy of the Sloane Herbarium, Mark Spencer, Curator, the Natural History Museum, London. Creative Commons Attribution-NonCommercial-ShareAlike 3.0 Unported License."
"urn:cite:fufolioimg:BotCarBartramJ.Bartram_John_HS334b_138_0104","John Bartram, Plants gathered by Mr. John Bartram in Philadelphia, etc., in the years 1742 and 1743, Hortus Siccus 334b, sequence no. 138","Image courtesy of the Sloane Herbarium, Mark Spencer, Curator, the Natural History Museum, London. Creative Commons Attribution-NonCommercial-ShareAlike 3.0 Unported License."
"urn:cite:fufolioimg:BotCarBartramJ.Bartram_John_HS334b_cov_0095","John Bartram, Plants gathered by Mr. John Bartram in Philadelphia, etc., in the years 1742 and 1743, Hortus Siccus 334b, sequence no. cov","Image courtesy of the Sloane Herbarium, Mark Spencer, Curator, the Natural History Museum, London. Creative Commons Attribution-NonCommercial-ShareAlike 3.0 Unported License."
"urn:cite:fufolioimg:BotCarBartramJ.Bartram_John_HS334b_fc_0179","John Bartram, Plants gathered by Mr. John Bartram in Philadelphia, etc., in the years 1742 and 1743, Hortus Siccus 334b, sequence no. fc","Image courtesy of the Sloane Herbarium, Mark Spencer, Curator, the Natural History Museum, London. Creative Commons Attribution-NonCommercial-ShareAlike 3.0 Unported License."
"urn:cite:fufolioimg:BotCarBartramJ.Bartram_John_HS334b_ff_0102","John Bartram, Plants gathered by Mr. John Bartram in Philadelphia, etc., in the years 1742 and 1743, Hortus Siccus 334b, sequence no. ff","Image courtesy of the Sloane Herbarium, Mark Spencer, Curator, the Natural History Museum, London. Creative Commons Attribution-NonCommercial-ShareAlike 3.0 Unported License."
"urn:cite:fufolioimg:BotCarBartramJ.Bartram_John_HS334b_ff_0177","John Bartram, Plants gathered by Mr. John Bartram in Philadelphia, etc., in the years 1742 and 1743, Hortus Siccus 334b, sequence no. ff","Image courtesy of the Sloane Herbarium, Mark Spencer, Curator, the Natural History Museum, London. Creative Commons Attribution-NonCommercial-ShareAlike 3.0 Unported License."
"urn:cite:fufolioimg:BotCarBartramJ.Bartram_John_HS334b_ff_0178","John Bartram, Plants gathered by Mr. John Bartram in Philadelphia, etc., in the years 1742 and 1743, Hortus Siccus 334b, sequence no. ff","Image courtesy of the Sloane Herbarium, Mark Spencer, Curator, the Natural History Museum, London. Creative Commons Attribution-NonCommercial-ShareAlike 3.0 Unported License."
"urn:cite:fufolioimg:BotCarBartramJ.Bartram_John_HS334b_ff2_0103","John Bartram, Plants gathered by Mr. John Bartram in Philadelphia, etc., in the years 1742 and 1743, Hortus Siccus 334b, sequence no. ff2","Image courtesy of the Sloane Herbarium, Mark Spencer, Curator, the Natural History Museum, London. Creative Commons Attribution-NonCommercial-ShareAlike 3.0 Unported License."
"urn:cite:fufolioimg:BotCarBartramJ.Bartram_John_HS334b_incov_0110","John Bartram, Plants gathered by Mr. John Bartram in Philadelphia, etc., in the years 1742 and 1743, Hortus Siccus 334b, sequence no. incov","Image courtesy of the Sloane Herbarium, Mark Spencer, Curator, the Natural History Museum, London. Creative Commons Attribution-NonCommercial-ShareAlike 3.0 Unported License."
"urn:cite:fufolioimg:BotCarBartramJ.Bartram_John_HS334b_spine_0101","John Bartram, Plants gathered by Mr. John Bartram in Philadelphia, etc., in the years 1742 and 1743, Hortus Siccus 334b, sequence no. spine","Image courtesy of the Sloane Herbarium, Mark Spencer, Curator, the Natural History Museum, London. Creative Commons Attribution-NonCommercial-ShareAlike 3.0 Unported License."
"urn:cite:fufolioimg:BotCarBartramJ.Bartram_John_HS334b_title_0175","John Bartram, Plants gathered by Mr. John Bartram in Philadelphia, etc., in the years 1742 and 1743, Hortus Siccus 334b, sequence no. title","Image courtesy of the Sloane Herbarium, Mark Spencer, Curator, the Natural History Museum, London. Creative Commons Attribution-NonCommercial-ShareAlike 3.0 Unported License."
"urn:cite:fufolioimg:BotCarBartramJ.Bartram_John_HS334b_title_0176","John Bartram, Plants gathered by Mr. John Bartram in Philadelphia, etc., in the years 1742 and 1743, Hortus Siccus 334b, sequence no. title","Image courtesy of the Sloane Herbarium, Mark Spencer, Curator, the Natural History Museum, London. Creative Commons Attribution-NonCommercial-ShareAlike 3.0 Unported License."
