"urn:cite:fufolioimg:BotCarMichaux.Michaux_Sample_1","Herbarium specimen collected by André Michaux, Jardin des Plantes, Paris. Sample 1","Creative Commons Attribution-NonCommercial-ShareAlike 3.0 Unported License."
"urn:cite:fufolioimg:BotCarMichaux.Michaux_Sample_2","Herbarium specimen collected by André Michaux, Jardin des Plantes, Paris. Sample 2","Creative Commons Attribution-NonCommercial-ShareAlike 3.0 Unported License."
"urn:cite:fufolioimg:BotCarMichaux.Michaux_Sample_3","Herbarium specimen collected by André Michaux, Jardin des Plantes, Paris. Sample 3","Creative Commons Attribution-NonCommercial-ShareAlike 3.0 Unported License."
"urn:cite:fufolioimg:BotCarMichaux.Michaux_Sample_4","Herbarium specimen collected by André Michaux, Jardin des Plantes, Paris. Sample 4","Creative Commons Attribution-NonCommercial-ShareAlike 3.0 Unported License."
"urn:cite:fufolioimg:BotCarMichaux.Michaux_Sample_5","Herbarium specimen collected by André Michaux, Jardin des Plantes, Paris. Sample 5","Creative Commons Attribution-NonCommercial-ShareAlike 3.0 Unported License."
"urn:cite:fufolioimg:BotCarMichaux.Michaux_Sample_6","Herbarium specimen collected by André Michaux, Jardin des Plantes, Paris. Sample 6","Creative Commons Attribution-NonCommercial-ShareAlike 3.0 Unported License."
"urn:cite:fufolioimg:BotCarMichaux.Michaux_Sample_7","Herbarium specimen collected by André Michaux, Jardin des Plantes, Paris. Sample 7","Creative Commons Attribution-NonCommercial-ShareAlike 3.0 Unported License."
"urn:cite:fufolioimg:BotCarMichaux.Michaux_Sample_8","Herbarium specimen collected by André Michaux, Jardin des Plantes, Paris. Sample 8","Creative Commons Attribution-NonCommercial-ShareAlike 3.0 Unported License."
"urn:cite:fufolioimg:BotCarMichaux.Michaux_Sample_9","Herbarium specimen collected by André Michaux, Jardin des Plantes, Paris. Sample 9","Creative Commons Attribution-NonCommercial-ShareAlike 3.0 Unported License."
"urn:cite:fufolioimg:BotCarMichaux.Michaux_Sample_10","Herbarium specimen collected by André Michaux, Jardin des Plantes, Paris. Sample 10","Creative Commons Attribution-NonCommercial-ShareAlike 3.0 Unported License."
"urn:cite:fufolioimg:BotCarMichaux.Michaux_Sample_11","Herbarium specimen collected by André Michaux, Jardin des Plantes, Paris. Sample 11","Creative Commons Attribution-NonCommercial-ShareAlike 3.0 Unported License."
"urn:cite:fufolioimg:BotCarMichaux.Michaux_Sample_12","Herbarium specimen collected by André Michaux, Jardin des Plantes, Paris. Sample 12","Creative Commons Attribution-NonCommercial-ShareAlike 3.0 Unported License."
"urn:cite:fufolioimg:BotCarMichaux.Michaux_Sample_13","Herbarium specimen collected by André Michaux, Jardin des Plantes, Paris. Sample 13","Creative Commons Attribution-NonCommercial-ShareAlike 3.0 Unported License."
"urn:cite:fufolioimg:BotCarMichaux.Michaux_Sample_14","Herbarium specimen collected by André Michaux, Jardin des Plantes, Paris. Sample 14","Creative Commons Attribution-NonCommercial-ShareAlike 3.0 Unported License."
"urn:cite:fufolioimg:BotCarMichaux.Michaux_Sample_15","Herbarium specimen collected by André Michaux, Jardin des Plantes, Paris. Sample 15","Creative Commons Attribution-NonCommercial-ShareAlike 3.0 Unported License."
"urn:cite:fufolioimg:BotCarMichaux.Michaux_Sample_16","Herbarium specimen collected by André Michaux, Jardin des Plantes, Paris. Sample 16","Creative Commons Attribution-NonCommercial-ShareAlike 3.0 Unported License."
"urn:cite:fufolioimg:BotCarMichaux.Michaux_Sample_17","Herbarium specimen collected by André Michaux, Jardin des Plantes, Paris. Sample 17","Creative Commons Attribution-NonCommercial-ShareAlike 3.0 Unported License."
"urn:cite:fufolioimg:BotCarMichaux.Michaux_Sample_18","Herbarium specimen collected by André Michaux, Jardin des Plantes, Paris. Sample 18","Creative Commons Attribution-NonCommercial-ShareAlike 3.0 Unported License."
"urn:cite:fufolioimg:BotCarMichaux.Michaux_Sample_19","Herbarium specimen collected by André Michaux, Jardin des Plantes, Paris. Sample 19","Creative Commons Attribution-NonCommercial-ShareAlike 3.0 Unported License."
"urn:cite:fufolioimg:BotCarMichaux.Michaux_Sample_20","Herbarium specimen collected by André Michaux, Jardin des Plantes, Paris. Sample 20","Creative Commons Attribution-NonCommercial-ShareAlike 3.0 Unported License."
"urn:cite:fufolioimg:BotCarMichaux.Michaux_Sample_21","Herbarium specimen collected by André Michaux, Jardin des Plantes, Paris. Sample 21","Creative Commons Attribution-NonCommercial-ShareAlike 3.0 Unported License."
"urn:cite:fufolioimg:BotCarMichaux.Michaux_Sample_22","Herbarium specimen collected by André Michaux, Jardin des Plantes, Paris. Sample 22","Creative Commons Attribution-NonCommercial-ShareAlike 3.0 Unported License."
"urn:cite:fufolioimg:BotCarMichaux.Michaux_Sample_23","Herbarium specimen collected by André Michaux, Jardin des Plantes, Paris. Sample 23","Creative Commons Attribution-NonCommercial-ShareAlike 3.0 Unported License."
"urn:cite:fufolioimg:BotCarMichaux.Michaux_Sample_24","Herbarium specimen collected by André Michaux, Jardin des Plantes, Paris. Sample 24","Creative Commons Attribution-NonCommercial-ShareAlike 3.0 Unported License."
"urn:cite:fufolioimg:BotCarMichaux.Michaux_Sample_25","Herbarium specimen collected by André Michaux, Jardin des Plantes, Paris. Sample 25","Creative Commons Attribution-NonCommercial-ShareAlike 3.0 Unported License."
"urn:cite:fufolioimg:BotCarMichaux.Michaux_Sample_26","Herbarium specimen collected by André Michaux, Jardin des Plantes, Paris. Sample 26","Creative Commons Attribution-NonCommercial-ShareAlike 3.0 Unported License."
"urn:cite:fufolioimg:BotCarMichaux.Michaux_Sample_27","Herbarium specimen collected by André Michaux, Jardin des Plantes, Paris. Sample 27","Creative Commons Attribution-NonCommercial-ShareAlike 3.0 Unported License."
"urn:cite:fufolioimg:BotCarMichaux.Michaux_Sample_28","Herbarium specimen collected by André Michaux, Jardin des Plantes, Paris. Sample 28","Creative Commons Attribution-NonCommercial-ShareAlike 3.0 Unported License."
"urn:cite:fufolioimg:BotCarMichaux.Michaux_Sample_29","Herbarium specimen collected by André Michaux, Jardin des Plantes, Paris. Sample 29","Creative Commons Attribution-NonCommercial-ShareAlike 3.0 Unported License."
"urn:cite:fufolioimg:BotCarMichaux.Michaux_Sample_30","Herbarium specimen collected by André Michaux, Jardin des Plantes, Paris. Sample 30","Creative Commons Attribution-NonCommercial-ShareAlike 3.0 Unported License."
"urn:cite:fufolioimg:BotCarMichaux.Michaux_Sample_31","Herbarium specimen collected by André Michaux, Jardin des Plantes, Paris. Sample 31","Creative Commons Attribution-NonCommercial-ShareAlike 3.0 Unported License."
"urn:cite:fufolioimg:BotCarMichaux.Michaux_Sample_32","Herbarium specimen collected by André Michaux, Jardin des Plantes, Paris. Sample 32","Creative Commons Attribution-NonCommercial-ShareAlike 3.0 Unported License."
"urn:cite:fufolioimg:BotCarMichaux.Michaux_Sample_33","Herbarium specimen collected by André Michaux, Jardin des Plantes, Paris. Sample 33","Creative Commons Attribution-NonCommercial-ShareAlike 3.0 Unported License."
"urn:cite:fufolioimg:BotCarMichaux.Michaux_Sample_34","Herbarium specimen collected by André Michaux, Jardin des Plantes, Paris. Sample 34","Creative Commons Attribution-NonCommercial-ShareAlike 3.0 Unported License."
"urn:cite:fufolioimg:BotCarMichaux.Michaux_Sample_35","Herbarium specimen collected by André Michaux, Jardin des Plantes, Paris. Sample 35","Creative Commons Attribution-NonCommercial-ShareAlike 3.0 Unported License."
"urn:cite:fufolioimg:BotCarMichaux.Michaux_Sample_36","Herbarium specimen collected by André Michaux, Jardin des Plantes, Paris. Sample 36","Creative Commons Attribution-NonCommercial-ShareAlike 3.0 Unported License."
"urn:cite:fufolioimg:BotCarMichaux.Michaux_Sample_37","Herbarium specimen collected by André Michaux, Jardin des Plantes, Paris. Sample 37","Creative Commons Attribution-NonCommercial-ShareAlike 3.0 Unported License."
"urn:cite:fufolioimg:BotCarMichaux.Michaux_Sample_38","Herbarium specimen collected by André Michaux, Jardin des Plantes, Paris. Sample 38","Creative Commons Attribution-NonCommercial-ShareAlike 3.0 Unported License."
"urn:cite:fufolioimg:BotCarMichaux.Michaux_Sample_39","Herbarium specimen collected by André Michaux, Jardin des Plantes, Paris. Sample 39","Creative Commons Attribution-NonCommercial-ShareAlike 3.0 Unported License."
"urn:cite:fufolioimg:BotCarMichaux.Michaux_Sample_40","Herbarium specimen collected by André Michaux, Jardin des Plantes, Paris. Sample 40","Creative Commons Attribution-NonCommercial-ShareAlike 3.0 Unported License."
"urn:cite:fufolioimg:BotCarMichaux.Michaux_Sample_41","Herbarium specimen collected by André Michaux, Jardin des Plantes, Paris. Sample 41","Creative Commons Attribution-NonCommercial-ShareAlike 3.0 Unported License."
"urn:cite:fufolioimg:BotCarMichaux.Michaux_Sample_42","Herbarium specimen collected by André Michaux, Jardin des Plantes, Paris. Sample 42","Creative Commons Attribution-NonCommercial-ShareAlike 3.0 Unported License."
"urn:cite:fufolioimg:BotCarMichaux.Michaux_Sample_43","Herbarium specimen collected by André Michaux, Jardin des Plantes, Paris. Sample 43","Creative Commons Attribution-NonCommercial-ShareAlike 3.0 Unported License."
"urn:cite:fufolioimg:BotCarMichaux.Michaux_Sample_44","Herbarium specimen collected by André Michaux, Jardin des Plantes, Paris. Sample 44","Creative Commons Attribution-NonCommercial-ShareAlike 3.0 Unported License."
"urn:cite:fufolioimg:BotCarMichaux.Michaux_Sample_45","Herbarium specimen collected by André Michaux, Jardin des Plantes, Paris. Sample 45","Creative Commons Attribution-NonCommercial-ShareAlike 3.0 Unported License."
"urn:cite:fufolioimg:BotCarMichaux.Michaux_Sample_46","Herbarium specimen collected by André Michaux, Jardin des Plantes, Paris. Sample 46","Creative Commons Attribution-NonCommercial-ShareAlike 3.0 Unported License."
"urn:cite:fufolioimg:BotCarMichaux.Michaux_Sample_47","Herbarium specimen collected by André Michaux, Jardin des Plantes, Paris. Sample 47","Creative Commons Attribution-NonCommercial-ShareAlike 3.0 Unported License."
"urn:cite:fufolioimg:BotCarMichaux.Michaux_Sample_48","Herbarium specimen collected by André Michaux, Jardin des Plantes, Paris. Sample 48","Creative Commons Attribution-NonCommercial-ShareAlike 3.0 Unported License."
"urn:cite:fufolioimg:BotCarMichaux.Michaux_Sample_49","Herbarium specimen collected by André Michaux, Jardin des Plantes, Paris. Sample 49","Creative Commons Attribution-NonCommercial-ShareAlike 3.0 Unported License."
"urn:cite:fufolioimg:BotCarMichaux.Michaux_Sample_50","Herbarium specimen collected by André Michaux, Jardin des Plantes, Paris. Sample 50","Creative Commons Attribution-NonCommercial-ShareAlike 3.0 Unported License."
"urn:cite:fufolioimg:BotCarMichaux.Michaux_Sample_51","Herbarium specimen collected by André Michaux, Jardin des Plantes, Paris. Sample 51","Creative Commons Attribution-NonCommercial-ShareAlike 3.0 Unported License."
"urn:cite:fufolioimg:BotCarMichaux.Michaux_Sample_52","Herbarium specimen collected by André Michaux, Jardin des Plantes, Paris. Sample 52","Creative Commons Attribution-NonCommercial-ShareAlike 3.0 Unported License."
"urn:cite:fufolioimg:BotCarMichaux.Michaux_Sample_53","Herbarium specimen collected by André Michaux, Jardin des Plantes, Paris. Sample 53","Creative Commons Attribution-NonCommercial-ShareAlike 3.0 Unported License."
"urn:cite:fufolioimg:BotCarMichaux.Michaux_Sample_54","Herbarium specimen collected by André Michaux, Jardin des Plantes, Paris. Sample 54","Creative Commons Attribution-NonCommercial-ShareAlike 3.0 Unported License."
"urn:cite:fufolioimg:BotCarMichaux.Michaux_Sample_55","Herbarium specimen collected by André Michaux, Jardin des Plantes, Paris. Sample 55","Creative Commons Attribution-NonCommercial-ShareAlike 3.0 Unported License."
"urn:cite:fufolioimg:BotCarMichaux.Michaux_Sample_56","Herbarium specimen collected by André Michaux, Jardin des Plantes, Paris. Sample 56","Creative Commons Attribution-NonCommercial-ShareAlike 3.0 Unported License."
"urn:cite:fufolioimg:BotCarMichaux.Michaux_Sample_57","Herbarium specimen collected by André Michaux, Jardin des Plantes, Paris. Sample 57","Creative Commons Attribution-NonCommercial-ShareAlike 3.0 Unported License."
"urn:cite:fufolioimg:BotCarMichaux.Michaux_Sample_58","Herbarium specimen collected by André Michaux, Jardin des Plantes, Paris. Sample 58","Creative Commons Attribution-NonCommercial-ShareAlike 3.0 Unported License."
"urn:cite:fufolioimg:BotCarMichaux.Michaux_Sample_59","Herbarium specimen collected by André Michaux, Jardin des Plantes, Paris. Sample 59","Creative Commons Attribution-NonCommercial-ShareAlike 3.0 Unported License."
"urn:cite:fufolioimg:BotCarMichaux.Michaux_Sample_60","Herbarium specimen collected by André Michaux, Jardin des Plantes, Paris. Sample 60","Creative Commons Attribution-NonCommercial-ShareAlike 3.0 Unported License."
"urn:cite:fufolioimg:BotCarMichaux.Michaux_Sample_61","Herbarium specimen collected by André Michaux, Jardin des Plantes, Paris. Sample 61","Creative Commons Attribution-NonCommercial-ShareAlike 3.0 Unported License."
"urn:cite:fufolioimg:BotCarMichaux.Michaux_Sample_62","Herbarium specimen collected by André Michaux, Jardin des Plantes, Paris. Sample 62","Creative Commons Attribution-NonCommercial-ShareAlike 3.0 Unported License."
"urn:cite:fufolioimg:BotCarMichaux.Michaux_Sample_63","Herbarium specimen collected by André Michaux, Jardin des Plantes, Paris. Sample 63","Creative Commons Attribution-NonCommercial-ShareAlike 3.0 Unported License."
"urn:cite:fufolioimg:BotCarMichaux.Michaux_Sample_64","Herbarium specimen collected by André Michaux, Jardin des Plantes, Paris. Sample 64","Creative Commons Attribution-NonCommercial-ShareAlike 3.0 Unported License."
"urn:cite:fufolioimg:BotCarMichaux.Michaux_Sample_65","Herbarium specimen collected by André Michaux, Jardin des Plantes, Paris. Sample 65","Creative Commons Attribution-NonCommercial-ShareAlike 3.0 Unported License."
"urn:cite:fufolioimg:BotCarMichaux.Michaux_Sample_66","Herbarium specimen collected by André Michaux, Jardin des Plantes, Paris. Sample 66","Creative Commons Attribution-NonCommercial-ShareAlike 3.0 Unported License."
"urn:cite:fufolioimg:BotCarMichaux.Michaux_Sample_67","Herbarium specimen collected by André Michaux, Jardin des Plantes, Paris. Sample 67","Creative Commons Attribution-NonCommercial-ShareAlike 3.0 Unported License."
"urn:cite:fufolioimg:BotCarMichaux.Michaux_Sample_68","Herbarium specimen collected by André Michaux, Jardin des Plantes, Paris. Sample 68","Creative Commons Attribution-NonCommercial-ShareAlike 3.0 Unported License."
"urn:cite:fufolioimg:BotCarMichaux.Michaux_Sample_69","Herbarium specimen collected by André Michaux, Jardin des Plantes, Paris. Sample 69","Creative Commons Attribution-NonCommercial-ShareAlike 3.0 Unported License."
"urn:cite:fufolioimg:BotCarMichaux.Michaux_Sample_70","Herbarium specimen collected by André Michaux, Jardin des Plantes, Paris. Sample 70","Creative Commons Attribution-NonCommercial-ShareAlike 3.0 Unported License."
"urn:cite:fufolioimg:BotCarMichaux.Michaux_Sample_71","Herbarium specimen collected by André Michaux, Jardin des Plantes, Paris. Sample 71","Creative Commons Attribution-NonCommercial-ShareAlike 3.0 Unported License."
"urn:cite:fufolioimg:BotCarMichaux.Michaux_Sample_72","Herbarium specimen collected by André Michaux, Jardin des Plantes, Paris. Sample 72","Creative Commons Attribution-NonCommercial-ShareAlike 3.0 Unported License."
"urn:cite:fufolioimg:BotCarMichaux.Michaux_Sample_73","Herbarium specimen collected by André Michaux, Jardin des Plantes, Paris. Sample 73","Creative Commons Attribution-NonCommercial-ShareAlike 3.0 Unported License."
"urn:cite:fufolioimg:BotCarMichaux.Michaux_Sample_74","Herbarium specimen collected by André Michaux, Jardin des Plantes, Paris. Sample 74","Creative Commons Attribution-NonCommercial-ShareAlike 3.0 Unported License."
"urn:cite:fufolioimg:BotCarMichaux.Michaux_Sample_75","Herbarium specimen collected by André Michaux, Jardin des Plantes, Paris. Sample 75","Creative Commons Attribution-NonCommercial-ShareAlike 3.0 Unported License."
"urn:cite:fufolioimg:BotCarMichaux.Michaux_Sample_76","Herbarium specimen collected by André Michaux, Jardin des Plantes, Paris. Sample 76","Creative Commons Attribution-NonCommercial-ShareAlike 3.0 Unported License."
"urn:cite:fufolioimg:BotCarMichaux.Michaux_Sample_77","Herbarium specimen collected by André Michaux, Jardin des Plantes, Paris. Sample 77","Creative Commons Attribution-NonCommercial-ShareAlike 3.0 Unported License."
"urn:cite:fufolioimg:BotCarMichaux.Michaux_Sample_78","Herbarium specimen collected by André Michaux, Jardin des Plantes, Paris. Sample 78","Creative Commons Attribution-NonCommercial-ShareAlike 3.0 Unported License."
"urn:cite:fufolioimg:BotCarMichaux.Michaux_Sample_79","Herbarium specimen collected by André Michaux, Jardin des Plantes, Paris. Sample 79","Creative Commons Attribution-NonCommercial-ShareAlike 3.0 Unported License."
"urn:cite:fufolioimg:BotCarMichaux.Michaux_Sample_80","Herbarium specimen collected by André Michaux, Jardin des Plantes, Paris. Sample 80","Creative Commons Attribution-NonCommercial-ShareAlike 3.0 Unported License."
"urn:cite:fufolioimg:BotCarMichaux.Michaux_Sample_81","Herbarium specimen collected by André Michaux, Jardin des Plantes, Paris. Sample 81","Creative Commons Attribution-NonCommercial-ShareAlike 3.0 Unported License."
"urn:cite:fufolioimg:BotCarMichaux.Michaux_Sample_82","Herbarium specimen collected by André Michaux, Jardin des Plantes, Paris. Sample 82","Creative Commons Attribution-NonCommercial-ShareAlike 3.0 Unported License."
"urn:cite:fufolioimg:BotCarMichaux.Michaux_Sample_83","Herbarium specimen collected by André Michaux, Jardin des Plantes, Paris. Sample 83","Creative Commons Attribution-NonCommercial-ShareAlike 3.0 Unported License."
"urn:cite:fufolioimg:BotCarMichaux.Michaux_Sample_84","Herbarium specimen collected by André Michaux, Jardin des Plantes, Paris. Sample 84","Creative Commons Attribution-NonCommercial-ShareAlike 3.0 Unported License."
"urn:cite:fufolioimg:BotCarMichaux.Michaux_Sample_85","Herbarium specimen collected by André Michaux, Jardin des Plantes, Paris. Sample 85","Creative Commons Attribution-NonCommercial-ShareAlike 3.0 Unported License."
"urn:cite:fufolioimg:BotCarMichaux.Michaux_Sample_86","Herbarium specimen collected by André Michaux, Jardin des Plantes, Paris. Sample 86","Creative Commons Attribution-NonCommercial-ShareAlike 3.0 Unported License."
"urn:cite:fufolioimg:BotCarMichaux.Michaux_Sample_87","Herbarium specimen collected by André Michaux, Jardin des Plantes, Paris. Sample 87","Creative Commons Attribution-NonCommercial-ShareAlike 3.0 Unported License."
"urn:cite:fufolioimg:BotCarMichaux.Michaux_Sample_88","Herbarium specimen collected by André Michaux, Jardin des Plantes, Paris. Sample 88","Creative Commons Attribution-NonCommercial-ShareAlike 3.0 Unported License."
"urn:cite:fufolioimg:BotCarMichaux.Michaux_Sample_89","Herbarium specimen collected by André Michaux, Jardin des Plantes, Paris. Sample 89","Creative Commons Attribution-NonCommercial-ShareAlike 3.0 Unported License."
"urn:cite:fufolioimg:BotCarMichaux.Michaux_Sample_90","Herbarium specimen collected by André Michaux, Jardin des Plantes, Paris. Sample 90","Creative Commons Attribution-NonCommercial-ShareAlike 3.0 Unported License."
"urn:cite:fufolioimg:BotCarMichaux.Michaux_Sample_91","Herbarium specimen collected by André Michaux, Jardin des Plantes, Paris. Sample 91","Creative Commons Attribution-NonCommercial-ShareAlike 3.0 Unported License."
"urn:cite:fufolioimg:BotCarMichaux.Michaux_Sample_92","Herbarium specimen collected by André Michaux, Jardin des Plantes, Paris. Sample 92","Creative Commons Attribution-NonCommercial-ShareAlike 3.0 Unported License."
"urn:cite:fufolioimg:BotCarMichaux.Michaux_Sample_93","Herbarium specimen collected by André Michaux, Jardin des Plantes, Paris. Sample 93","Creative Commons Attribution-NonCommercial-ShareAlike 3.0 Unported License."
"urn:cite:fufolioimg:BotCarMichaux.Michaux_Sample_94","Herbarium specimen collected by André Michaux, Jardin des Plantes, Paris. Sample 94","Creative Commons Attribution-NonCommercial-ShareAlike 3.0 Unported License."
"urn:cite:fufolioimg:BotCarMichaux.Michaux_Sample_95","Herbarium specimen collected by André Michaux, Jardin des Plantes, Paris. Sample 95","Creative Commons Attribution-NonCommercial-ShareAlike 3.0 Unported License."
"urn:cite:fufolioimg:BotCarMichaux.Michaux_Sample_96","Herbarium specimen collected by André Michaux, Jardin des Plantes, Paris. Sample 96","Creative Commons Attribution-NonCommercial-ShareAlike 3.0 Unported License."
"urn:cite:fufolioimg:BotCarMichaux.Michaux_Sample_97","Herbarium specimen collected by André Michaux, Jardin des Plantes, Paris. Sample 97","Creative Commons Attribution-NonCommercial-ShareAlike 3.0 Unported License."
"urn:cite:fufolioimg:BotCarMichaux.Michaux_Sample_98","Herbarium specimen collected by André Michaux, Jardin des Plantes, Paris. Sample 98","Creative Commons Attribution-NonCommercial-ShareAlike 3.0 Unported License."
"urn:cite:fufolioimg:BotCarMichaux.Michaux_Sample_99","Herbarium specimen collected by André Michaux, Jardin des Plantes, Paris. Sample 99","Creative Commons Attribution-NonCommercial-ShareAlike 3.0 Unported License."
"urn:cite:fufolioimg:BotCarMichaux.Michaux_Sample_100","Herbarium specimen collected by André Michaux, Jardin des Plantes, Paris. Sample 100","Creative Commons Attribution-NonCommercial-ShareAlike 3.0 Unported License."
"urn:cite:fufolioimg:BotCarMichaux.Michaux_Sample_101","Herbarium specimen collected by André Michaux, Jardin des Plantes, Paris. Sample 101","Creative Commons Attribution-NonCommercial-ShareAlike 3.0 Unported License."
"urn:cite:fufolioimg:BotCarMichaux.Michaux_Sample_102","Herbarium specimen collected by André Michaux, Jardin des Plantes, Paris. Sample 102","Creative Commons Attribution-NonCommercial-ShareAlike 3.0 Unported License."
"urn:cite:fufolioimg:BotCarMichaux.Michaux_Sample_103","Herbarium specimen collected by André Michaux, Jardin des Plantes, Paris. Sample 103","Creative Commons Attribution-NonCommercial-ShareAlike 3.0 Unported License."
"urn:cite:fufolioimg:BotCarMichaux.Michaux_Sample_104","Herbarium specimen collected by André Michaux, Jardin des Plantes, Paris. Sample 104","Creative Commons Attribution-NonCommercial-ShareAlike 3.0 Unported License."
"urn:cite:fufolioimg:BotCarMichaux.Michaux_Sample_105","Herbarium specimen collected by André Michaux, Jardin des Plantes, Paris. Sample 105","Creative Commons Attribution-NonCommercial-ShareAlike 3.0 Unported License."
"urn:cite:fufolioimg:BotCarMichaux.Michaux_Sample_106","Herbarium specimen collected by André Michaux, Jardin des Plantes, Paris. Sample 106","Creative Commons Attribution-NonCommercial-ShareAlike 3.0 Unported License."
"urn:cite:fufolioimg:BotCarMichaux.Michaux_Sample_107","Herbarium specimen collected by André Michaux, Jardin des Plantes, Paris. Sample 107","Creative Commons Attribution-NonCommercial-ShareAlike 3.0 Unported License."
"urn:cite:fufolioimg:BotCarMichaux.Michaux_Sample_108","Herbarium specimen collected by André Michaux, Jardin des Plantes, Paris. Sample 108","Creative Commons Attribution-NonCommercial-ShareAlike 3.0 Unported License."
"urn:cite:fufolioimg:BotCarMichaux.Michaux_Sample_109","Herbarium specimen collected by André Michaux, Jardin des Plantes, Paris. Sample 109","Creative Commons Attribution-NonCommercial-ShareAlike 3.0 Unported License."
"urn:cite:fufolioimg:BotCarMichaux.Michaux_Sample_110","Herbarium specimen collected by André Michaux, Jardin des Plantes, Paris. Sample 110","Creative Commons Attribution-NonCommercial-ShareAlike 3.0 Unported License."
"urn:cite:fufolioimg:BotCarMichaux.Michaux_Sample_111","Herbarium specimen collected by André Michaux, Jardin des Plantes, Paris. Sample 111","Creative Commons Attribution-NonCommercial-ShareAlike 3.0 Unported License."
"urn:cite:fufolioimg:BotCarMichaux.Michaux_Sample_112","Herbarium specimen collected by André Michaux, Jardin des Plantes, Paris. Sample 112","Creative Commons Attribution-NonCommercial-ShareAlike 3.0 Unported License."
"urn:cite:fufolioimg:BotCarMichaux.Michaux_Sample_113","Herbarium specimen collected by André Michaux, Jardin des Plantes, Paris. Sample 113","Creative Commons Attribution-NonCommercial-ShareAlike 3.0 Unported License."
"urn:cite:fufolioimg:BotCarMichaux.Michaux_Sample_114","Herbarium specimen collected by André Michaux, Jardin des Plantes, Paris. Sample 114","Creative Commons Attribution-NonCommercial-ShareAlike 3.0 Unported License."
"urn:cite:fufolioimg:BotCarMichaux.Michaux_Sample_115","Herbarium specimen collected by André Michaux, Jardin des Plantes, Paris. Sample 115","Creative Commons Attribution-NonCommercial-ShareAlike 3.0 Unported License."
"urn:cite:fufolioimg:BotCarMichaux.Michaux_Sample_116","Herbarium specimen collected by André Michaux, Jardin des Plantes, Paris. Sample 116","Creative Commons Attribution-NonCommercial-ShareAlike 3.0 Unported License."
"urn:cite:fufolioimg:BotCarMichaux.Michaux_Sample_117","Herbarium specimen collected by André Michaux, Jardin des Plantes, Paris. Sample 117","Creative Commons Attribution-NonCommercial-ShareAlike 3.0 Unported License."
"urn:cite:fufolioimg:BotCarMichaux.Michaux_Sample_118","Herbarium specimen collected by André Michaux, Jardin des Plantes, Paris. Sample 118","Creative Commons Attribution-NonCommercial-ShareAlike 3.0 Unported License."
"urn:cite:fufolioimg:BotCarMichaux.Michaux_Sample_119","Herbarium specimen collected by André Michaux, Jardin des Plantes, Paris. Sample 119","Creative Commons Attribution-NonCommercial-ShareAlike 3.0 Unported License."
"urn:cite:fufolioimg:BotCarMichaux.Michaux_Sample_120","Herbarium specimen collected by André Michaux, Jardin des Plantes, Paris. Sample 120","Creative Commons Attribution-NonCommercial-ShareAlike 3.0 Unported License."
"urn:cite:fufolioimg:BotCarMichaux.Michaux_Sample_121","Herbarium specimen collected by André Michaux, Jardin des Plantes, Paris. Sample 121","Creative Commons Attribution-NonCommercial-ShareAlike 3.0 Unported License."
"urn:cite:fufolioimg:BotCarMichaux.Michaux_Sample_122","Herbarium specimen collected by André Michaux, Jardin des Plantes, Paris. Sample 122","Creative Commons Attribution-NonCommercial-ShareAlike 3.0 Unported License."
"urn:cite:fufolioimg:BotCarMichaux.Michaux_Sample_123","Herbarium specimen collected by André Michaux, Jardin des Plantes, Paris. Sample 123","Creative Commons Attribution-NonCommercial-ShareAlike 3.0 Unported License."
"urn:cite:fufolioimg:BotCarMichaux.Michaux_Sample_124","Herbarium specimen collected by André Michaux, Jardin des Plantes, Paris. Sample 124","Creative Commons Attribution-NonCommercial-ShareAlike 3.0 Unported License."
"urn:cite:fufolioimg:BotCarMichaux.Michaux_Sample_125","Herbarium specimen collected by André Michaux, Jardin des Plantes, Paris. Sample 125","Creative Commons Attribution-NonCommercial-ShareAlike 3.0 Unported License."
"urn:cite:fufolioimg:BotCarMichaux.Michaux_Sample_126","Herbarium specimen collected by André Michaux, Jardin des Plantes, Paris. Sample 126","Creative Commons Attribution-NonCommercial-ShareAlike 3.0 Unported License."
"urn:cite:fufolioimg:BotCarMichaux.Michaux_Sample_127","Herbarium specimen collected by André Michaux, Jardin des Plantes, Paris. Sample 127","Creative Commons Attribution-NonCommercial-ShareAlike 3.0 Unported License."
"urn:cite:fufolioimg:BotCarMichaux.Michaux_Sample_128","Herbarium specimen collected by André Michaux, Jardin des Plantes, Paris. Sample 128","Creative Commons Attribution-NonCommercial-ShareAlike 3.0 Unported License."
"urn:cite:fufolioimg:BotCarMichaux.Michaux_Sample_129","Herbarium specimen collected by André Michaux, Jardin des Plantes, Paris. Sample 129","Creative Commons Attribution-NonCommercial-ShareAlike 3.0 Unported License."
"urn:cite:fufolioimg:BotCarMichaux.Michaux_Sample_130","Herbarium specimen collected by André Michaux, Jardin des Plantes, Paris. Sample 130","Creative Commons Attribution-NonCommercial-ShareAlike 3.0 Unported License."
"urn:cite:fufolioimg:BotCarMichaux.Michaux_Sample_131","Herbarium specimen collected by André Michaux, Jardin des Plantes, Paris. Sample 131","Creative Commons Attribution-NonCommercial-ShareAlike 3.0 Unported License."
"urn:cite:fufolioimg:BotCarMichaux.Michaux_Sample_132","Herbarium specimen collected by André Michaux, Jardin des Plantes, Paris. Sample 132","Creative Commons Attribution-NonCommercial-ShareAlike 3.0 Unported License."
"urn:cite:fufolioimg:BotCarMichaux.Michaux_Sample_133","Herbarium specimen collected by André Michaux, Jardin des Plantes, Paris. Sample 133","Creative Commons Attribution-NonCommercial-ShareAlike 3.0 Unported License."
"urn:cite:fufolioimg:BotCarMichaux.Michaux_Sample_134","Herbarium specimen collected by André Michaux, Jardin des Plantes, Paris. Sample 134","Creative Commons Attribution-NonCommercial-ShareAlike 3.0 Unported License."
"urn:cite:fufolioimg:BotCarMichaux.Michaux_Sample_135","Herbarium specimen collected by André Michaux, Jardin des Plantes, Paris. Sample 135","Creative Commons Attribution-NonCommercial-ShareAlike 3.0 Unported License."
"urn:cite:fufolioimg:BotCarMichaux.Michaux_Sample_136","Herbarium specimen collected by André Michaux, Jardin des Plantes, Paris. Sample 136","Creative Commons Attribution-NonCommercial-ShareAlike 3.0 Unported License."
"urn:cite:fufolioimg:BotCarMichaux.Michaux_Sample_137","Herbarium specimen collected by André Michaux, Jardin des Plantes, Paris. Sample 137","Creative Commons Attribution-NonCommercial-ShareAlike 3.0 Unported License."
"urn:cite:fufolioimg:BotCarMichaux.Michaux_Sample_138","Herbarium specimen collected by André Michaux, Jardin des Plantes, Paris. Sample 138","Creative Commons Attribution-NonCommercial-ShareAlike 3.0 Unported License."
"urn:cite:fufolioimg:BotCarMichaux.Michaux_Sample_139","Herbarium specimen collected by André Michaux, Jardin des Plantes, Paris. Sample 139","Creative Commons Attribution-NonCommercial-ShareAlike 3.0 Unported License."
"urn:cite:fufolioimg:BotCarMichaux.Michaux_Sample_140","Herbarium specimen collected by André Michaux, Jardin des Plantes, Paris. Sample 140","Creative Commons Attribution-NonCommercial-ShareAlike 3.0 Unported License."
"urn:cite:fufolioimg:BotCarMichaux.Michaux_Sample_141","Herbarium specimen collected by André Michaux, Jardin des Plantes, Paris. Sample 141","Creative Commons Attribution-NonCommercial-ShareAlike 3.0 Unported License."
"urn:cite:fufolioimg:BotCarMichaux.Michaux_Sample_142","Herbarium specimen collected by André Michaux, Jardin des Plantes, Paris. Sample 142","Creative Commons Attribution-NonCommercial-ShareAlike 3.0 Unported License."
"urn:cite:fufolioimg:BotCarMichaux.Michaux_Sample_143","Herbarium specimen collected by André Michaux, Jardin des Plantes, Paris. Sample 143","Creative Commons Attribution-NonCommercial-ShareAlike 3.0 Unported License."
"urn:cite:fufolioimg:BotCarMichaux.Michaux_Sample_144","Herbarium specimen collected by André Michaux, Jardin des Plantes, Paris. Sample 144","Creative Commons Attribution-NonCommercial-ShareAlike 3.0 Unported License."
"urn:cite:fufolioimg:BotCarMichaux.Michaux_Sample_145","Herbarium specimen collected by André Michaux, Jardin des Plantes, Paris. Sample 145","Creative Commons Attribution-NonCommercial-ShareAlike 3.0 Unported License."
"urn:cite:fufolioimg:BotCarMichaux.Michaux_Sample_146","Herbarium specimen collected by André Michaux, Jardin des Plantes, Paris. Sample 146","Creative Commons Attribution-NonCommercial-ShareAlike 3.0 Unported License."
"urn:cite:fufolioimg:BotCarMichaux.Michaux_Sample_147","Herbarium specimen collected by André Michaux, Jardin des Plantes, Paris. Sample 147","Creative Commons Attribution-NonCommercial-ShareAlike 3.0 Unported License."
"urn:cite:fufolioimg:BotCarMichaux.Michaux_Sample_148","Herbarium specimen collected by André Michaux, Jardin des Plantes, Paris. Sample 148","Creative Commons Attribution-NonCommercial-ShareAlike 3.0 Unported License."
"urn:cite:fufolioimg:BotCarMichaux.Michaux_Sample_149","Herbarium specimen collected by André Michaux, Jardin des Plantes, Paris. Sample 149","Creative Commons Attribution-NonCommercial-ShareAlike 3.0 Unported License."
"urn:cite:fufolioimg:BotCarMichaux.Michaux_Sample_150","Herbarium specimen collected by André Michaux, Jardin des Plantes, Paris. Sample 150","Creative Commons Attribution-NonCommercial-ShareAlike 3.0 Unported License."
"urn:cite:fufolioimg:BotCarMichaux.Michaux_Sample_151","Herbarium specimen collected by André Michaux, Jardin des Plantes, Paris. Sample 151","Creative Commons Attribution-NonCommercial-ShareAlike 3.0 Unported License."
"urn:cite:fufolioimg:BotCarMichaux.Michaux_Sample_152","Herbarium specimen collected by André Michaux, Jardin des Plantes, Paris. Sample 152","Creative Commons Attribution-NonCommercial-ShareAlike 3.0 Unported License."
"urn:cite:fufolioimg:BotCarMichaux.Michaux_Sample_153","Herbarium specimen collected by André Michaux, Jardin des Plantes, Paris. Sample 153","Creative Commons Attribution-NonCommercial-ShareAlike 3.0 Unported License."
"urn:cite:fufolioimg:BotCarMichaux.Michaux_Sample_154","Herbarium specimen collected by André Michaux, Jardin des Plantes, Paris. Sample 154","Creative Commons Attribution-NonCommercial-ShareAlike 3.0 Unported License."
"urn:cite:fufolioimg:BotCarMichaux.Michaux_Sample_155","Herbarium specimen collected by André Michaux, Jardin des Plantes, Paris. Sample 155","Creative Commons Attribution-NonCommercial-ShareAlike 3.0 Unported License."
"urn:cite:fufolioimg:BotCarMichaux.Michaux_Sample_156","Herbarium specimen collected by André Michaux, Jardin des Plantes, Paris. Sample 156","Creative Commons Attribution-NonCommercial-ShareAlike 3.0 Unported License."
"urn:cite:fufolioimg:BotCarMichaux.Michaux_Sample_157","Herbarium specimen collected by André Michaux, Jardin des Plantes, Paris. Sample 157","Creative Commons Attribution-NonCommercial-ShareAlike 3.0 Unported License."
"urn:cite:fufolioimg:BotCarMichaux.Michaux_Sample_158","Herbarium specimen collected by André Michaux, Jardin des Plantes, Paris. Sample 158","Creative Commons Attribution-NonCommercial-ShareAlike 3.0 Unported License."
"urn:cite:fufolioimg:BotCarMichaux.Michaux_Sample_159","Herbarium specimen collected by André Michaux, Jardin des Plantes, Paris. Sample 159","Creative Commons Attribution-NonCommercial-ShareAlike 3.0 Unported License."
"urn:cite:fufolioimg:BotCarMichaux.Michaux_Sample_160","Herbarium specimen collected by André Michaux, Jardin des Plantes, Paris. Sample 160","Creative Commons Attribution-NonCommercial-ShareAlike 3.0 Unported License."
"urn:cite:fufolioimg:BotCarMichaux.Michaux_Sample_161","Herbarium specimen collected by André Michaux, Jardin des Plantes, Paris. Sample 161","Creative Commons Attribution-NonCommercial-ShareAlike 3.0 Unported License."
"urn:cite:fufolioimg:BotCarMichaux.Michaux_Sample_162","Herbarium specimen collected by André Michaux, Jardin des Plantes, Paris. Sample 162","Creative Commons Attribution-NonCommercial-ShareAlike 3.0 Unported License."
"urn:cite:fufolioimg:BotCarMichaux.Michaux_Sample_163","Herbarium specimen collected by André Michaux, Jardin des Plantes, Paris. Sample 163","Creative Commons Attribution-NonCommercial-ShareAlike 3.0 Unported License."
"urn:cite:fufolioimg:BotCarMichaux.Michaux_Sample_164","Herbarium specimen collected by André Michaux, Jardin des Plantes, Paris. Sample 164","Creative Commons Attribution-NonCommercial-ShareAlike 3.0 Unported License."
"urn:cite:fufolioimg:BotCarMichaux.Michaux_Sample_165","Herbarium specimen collected by André Michaux, Jardin des Plantes, Paris. Sample 165","Creative Commons Attribution-NonCommercial-ShareAlike 3.0 Unported License."
"urn:cite:fufolioimg:BotCarMichaux.Michaux_Sample_166","Herbarium specimen collected by André Michaux, Jardin des Plantes, Paris. Sample 166","Creative Commons Attribution-NonCommercial-ShareAlike 3.0 Unported License."
"urn:cite:fufolioimg:BotCarMichaux.Michaux_Sample_167","Herbarium specimen collected by André Michaux, Jardin des Plantes, Paris. Sample 167","Creative Commons Attribution-NonCommercial-ShareAlike 3.0 Unported License."
"urn:cite:fufolioimg:BotCarMichaux.Michaux_Sample_168","Herbarium specimen collected by André Michaux, Jardin des Plantes, Paris. Sample 168","Creative Commons Attribution-NonCommercial-ShareAlike 3.0 Unported License."
"urn:cite:fufolioimg:BotCarMichaux.Michaux_Sample_169","Herbarium specimen collected by André Michaux, Jardin des Plantes, Paris. Sample 169","Creative Commons Attribution-NonCommercial-ShareAlike 3.0 Unported License."
"urn:cite:fufolioimg:BotCarMichaux.Michaux_Sample_170","Herbarium specimen collected by André Michaux, Jardin des Plantes, Paris. Sample 170","Creative Commons Attribution-NonCommercial-ShareAlike 3.0 Unported License."
"urn:cite:fufolioimg:BotCarMichaux.Michaux_Sample_171","Herbarium specimen collected by André Michaux, Jardin des Plantes, Paris. Sample 171","Creative Commons Attribution-NonCommercial-ShareAlike 3.0 Unported License."
"urn:cite:fufolioimg:BotCarMichaux.Michaux_Sample_172","Herbarium specimen collected by André Michaux, Jardin des Plantes, Paris. Sample 172","Creative Commons Attribution-NonCommercial-ShareAlike 3.0 Unported License."
"urn:cite:fufolioimg:BotCarMichaux.Michaux_Sample_173","Herbarium specimen collected by André Michaux, Jardin des Plantes, Paris. Sample 173","Creative Commons Attribution-NonCommercial-ShareAlike 3.0 Unported License."
"urn:cite:fufolioimg:BotCarMichaux.Michaux_Sample_174","Herbarium specimen collected by André Michaux, Jardin des Plantes, Paris. Sample 174","Creative Commons Attribution-NonCommercial-ShareAlike 3.0 Unported License."
"urn:cite:fufolioimg:BotCarMichaux.Michaux_Sample_175","Herbarium specimen collected by André Michaux, Jardin des Plantes, Paris. Sample 175","Creative Commons Attribution-NonCommercial-ShareAlike 3.0 Unported License."
"urn:cite:fufolioimg:BotCarMichaux.Michaux_Sample_176","Herbarium specimen collected by André Michaux, Jardin des Plantes, Paris. Sample 176","Creative Commons Attribution-NonCommercial-ShareAlike 3.0 Unported License."
"urn:cite:fufolioimg:BotCarMichaux.Michaux_Sample_177","Herbarium specimen collected by André Michaux, Jardin des Plantes, Paris. Sample 177","Creative Commons Attribution-NonCommercial-ShareAlike 3.0 Unported License."
"urn:cite:fufolioimg:BotCarMichaux.Michaux_Sample_178","Herbarium specimen collected by André Michaux, Jardin des Plantes, Paris. Sample 178","Creative Commons Attribution-NonCommercial-ShareAlike 3.0 Unported License."
"urn:cite:fufolioimg:BotCarMichaux.Michaux_Sample_179","Herbarium specimen collected by André Michaux, Jardin des Plantes, Paris. Sample 179","Creative Commons Attribution-NonCommercial-ShareAlike 3.0 Unported License."
"urn:cite:fufolioimg:BotCarMichaux.Michaux_Sample_180","Herbarium specimen collected by André Michaux, Jardin des Plantes, Paris. Sample 180","Creative Commons Attribution-NonCommercial-ShareAlike 3.0 Unported License."
"urn:cite:fufolioimg:BotCarMichaux.Michaux_Sample_181","Herbarium specimen collected by André Michaux, Jardin des Plantes, Paris. Sample 181","Creative Commons Attribution-NonCommercial-ShareAlike 3.0 Unported License."
"urn:cite:fufolioimg:BotCarMichaux.Michaux_Sample_182","Herbarium specimen collected by André Michaux, Jardin des Plantes, Paris. Sample 182","Creative Commons Attribution-NonCommercial-ShareAlike 3.0 Unported License."
"urn:cite:fufolioimg:BotCarMichaux.Michaux_Sample_183","Herbarium specimen collected by André Michaux, Jardin des Plantes, Paris. Sample 183","Creative Commons Attribution-NonCommercial-ShareAlike 3.0 Unported License."
"urn:cite:fufolioimg:BotCarMichaux.Michaux_Sample_184","Herbarium specimen collected by André Michaux, Jardin des Plantes, Paris. Sample 184","Creative Commons Attribution-NonCommercial-ShareAlike 3.0 Unported License."
"urn:cite:fufolioimg:BotCarMichaux.Michaux_Sample_185","Herbarium specimen collected by André Michaux, Jardin des Plantes, Paris. Sample 185","Creative Commons Attribution-NonCommercial-ShareAlike 3.0 Unported License."
"urn:cite:fufolioimg:BotCarMichaux.Michaux_Sample_186","Herbarium specimen collected by André Michaux, Jardin des Plantes, Paris. Sample 186","Creative Commons Attribution-NonCommercial-ShareAlike 3.0 Unported License."
"urn:cite:fufolioimg:BotCarMichaux.Michaux_Sample_187","Herbarium specimen collected by André Michaux, Jardin des Plantes, Paris. Sample 187","Creative Commons Attribution-NonCommercial-ShareAlike 3.0 Unported License."
"urn:cite:fufolioimg:BotCarMichaux.Michaux_Sample_188","Herbarium specimen collected by André Michaux, Jardin des Plantes, Paris. Sample 188","Creative Commons Attribution-NonCommercial-ShareAlike 3.0 Unported License."
"urn:cite:fufolioimg:BotCarMichaux.Michaux_Sample_189","Herbarium specimen collected by André Michaux, Jardin des Plantes, Paris. Sample 189","Creative Commons Attribution-NonCommercial-ShareAlike 3.0 Unported License."
"urn:cite:fufolioimg:BotCarMichaux.Michaux_Sample_190","Herbarium specimen collected by André Michaux, Jardin des Plantes, Paris. Sample 190","Creative Commons Attribution-NonCommercial-ShareAlike 3.0 Unported License."
"urn:cite:fufolioimg:BotCarMichaux.Michaux_Sample_191","Herbarium specimen collected by André Michaux, Jardin des Plantes, Paris. Sample 191","Creative Commons Attribution-NonCommercial-ShareAlike 3.0 Unported License."
"urn:cite:fufolioimg:BotCarMichaux.Michaux_Sample_192","Herbarium specimen collected by André Michaux, Jardin des Plantes, Paris. Sample 192","Creative Commons Attribution-NonCommercial-ShareAlike 3.0 Unported License."
"urn:cite:fufolioimg:BotCarMichaux.Michaux_Sample_193","Herbarium specimen collected by André Michaux, Jardin des Plantes, Paris. Sample 193","Creative Commons Attribution-NonCommercial-ShareAlike 3.0 Unported License."
"urn:cite:fufolioimg:BotCarMichaux.Michaux_Sample_194","Herbarium specimen collected by André Michaux, Jardin des Plantes, Paris. Sample 194","Creative Commons Attribution-NonCommercial-ShareAlike 3.0 Unported License."
"urn:cite:fufolioimg:BotCarMichaux.Michaux_Sample_195","Herbarium specimen collected by André Michaux, Jardin des Plantes, Paris. Sample 195","Creative Commons Attribution-NonCommercial-ShareAlike 3.0 Unported License."
"urn:cite:fufolioimg:BotCarMichaux.Michaux_Sample_196","Herbarium specimen collected by André Michaux, Jardin des Plantes, Paris. Sample 196","Creative Commons Attribution-NonCommercial-ShareAlike 3.0 Unported License."
"urn:cite:fufolioimg:BotCarMichaux.Michaux_Sample_197","Herbarium specimen collected by André Michaux, Jardin des Plantes, Paris. Sample 197","Creative Commons Attribution-NonCommercial-ShareAlike 3.0 Unported License."
"urn:cite:fufolioimg:BotCarMichaux.Michaux_Sample_198","Herbarium specimen collected by André Michaux, Jardin des Plantes, Paris. Sample 198","Creative Commons Attribution-NonCommercial-ShareAlike 3.0 Unported License."
"urn:cite:fufolioimg:BotCarMichaux.Michaux_Sample_199","Herbarium specimen collected by André Michaux, Jardin des Plantes, Paris. Sample 199","Creative Commons Attribution-NonCommercial-ShareAlike 3.0 Unported License."
"urn:cite:fufolioimg:BotCarMichaux.Michaux_Sample_200","Herbarium specimen collected by André Michaux, Jardin des Plantes, Paris. Sample 200","Creative Commons Attribution-NonCommercial-ShareAlike 3.0 Unported License."
"urn:cite:fufolioimg:BotCarMichaux.Michaux_Sample_201","Herbarium specimen collected by André Michaux, Jardin des Plantes, Paris. Sample 201","Creative Commons Attribution-NonCommercial-ShareAlike 3.0 Unported License."
"urn:cite:fufolioimg:BotCarMichaux.Michaux_Sample_202","Herbarium specimen collected by André Michaux, Jardin des Plantes, Paris. Sample 202","Creative Commons Attribution-NonCommercial-ShareAlike 3.0 Unported License."
"urn:cite:fufolioimg:BotCarMichaux.Michaux_Sample_203","Herbarium specimen collected by André Michaux, Jardin des Plantes, Paris. Sample 203","Creative Commons Attribution-NonCommercial-ShareAlike 3.0 Unported License."
"urn:cite:fufolioimg:BotCarMichaux.Michaux_Sample_204","Herbarium specimen collected by André Michaux, Jardin des Plantes, Paris. Sample 204","Creative Commons Attribution-NonCommercial-ShareAlike 3.0 Unported License."
"urn:cite:fufolioimg:BotCarMichaux.Michaux_Sample_205","Herbarium specimen collected by André Michaux, Jardin des Plantes, Paris. Sample 205","Creative Commons Attribution-NonCommercial-ShareAlike 3.0 Unported License."
"urn:cite:fufolioimg:BotCarMichaux.Michaux_Sample_206","Herbarium specimen collected by André Michaux, Jardin des Plantes, Paris. Sample 206","Creative Commons Attribution-NonCommercial-ShareAlike 3.0 Unported License."
"urn:cite:fufolioimg:BotCarMichaux.Michaux_Sample_207","Herbarium specimen collected by André Michaux, Jardin des Plantes, Paris. Sample 207","Creative Commons Attribution-NonCommercial-ShareAlike 3.0 Unported License."
"urn:cite:fufolioimg:BotCarMichaux.Michaux_Sample_208","Herbarium specimen collected by André Michaux, Jardin des Plantes, Paris. Sample 208","Creative Commons Attribution-NonCommercial-ShareAlike 3.0 Unported License."
"urn:cite:fufolioimg:BotCarMichaux.Michaux_Sample_209","Herbarium specimen collected by André Michaux, Jardin des Plantes, Paris. Sample 209","Creative Commons Attribution-NonCommercial-ShareAlike 3.0 Unported License."
"urn:cite:fufolioimg:BotCarMichaux.Michaux_Sample_210","Herbarium specimen collected by André Michaux, Jardin des Plantes, Paris. Sample 210","Creative Commons Attribution-NonCommercial-ShareAlike 3.0 Unported License."
"urn:cite:fufolioimg:BotCarMichaux.Michaux_Sample_211","Herbarium specimen collected by André Michaux, Jardin des Plantes, Paris. Sample 211","Creative Commons Attribution-NonCommercial-ShareAlike 3.0 Unported License."
"urn:cite:fufolioimg:BotCarMichaux.Michaux_Sample_212","Herbarium specimen collected by André Michaux, Jardin des Plantes, Paris. Sample 212","Creative Commons Attribution-NonCommercial-ShareAlike 3.0 Unported License."
"urn:cite:fufolioimg:BotCarMichaux.Michaux_Sample_213","Herbarium specimen collected by André Michaux, Jardin des Plantes, Paris. Sample 213","Creative Commons Attribution-NonCommercial-ShareAlike 3.0 Unported License."
"urn:cite:fufolioimg:BotCarMichaux.Michaux_Sample_214","Herbarium specimen collected by André Michaux, Jardin des Plantes, Paris. Sample 214","Creative Commons Attribution-NonCommercial-ShareAlike 3.0 Unported License."
"urn:cite:fufolioimg:BotCarMichaux.Michaux_Sample_215","Herbarium specimen collected by André Michaux, Jardin des Plantes, Paris. Sample 215","Creative Commons Attribution-NonCommercial-ShareAlike 3.0 Unported License."
"urn:cite:fufolioimg:BotCarMichaux.Michaux_Sample_216","Herbarium specimen collected by André Michaux, Jardin des Plantes, Paris. Sample 216","Creative Commons Attribution-NonCommercial-ShareAlike 3.0 Unported License."
"urn:cite:fufolioimg:BotCarMichaux.Michaux_Sample_217","Herbarium specimen collected by André Michaux, Jardin des Plantes, Paris. Sample 217","Creative Commons Attribution-NonCommercial-ShareAlike 3.0 Unported License."
"urn:cite:fufolioimg:BotCarMichaux.Michaux_Sample_218","Herbarium specimen collected by André Michaux, Jardin des Plantes, Paris. Sample 218","Creative Commons Attribution-NonCommercial-ShareAlike 3.0 Unported License."
"urn:cite:fufolioimg:BotCarMichaux.Michaux_Sample_219","Herbarium specimen collected by André Michaux, Jardin des Plantes, Paris. Sample 219","Creative Commons Attribution-NonCommercial-ShareAlike 3.0 Unported License."
"urn:cite:fufolioimg:BotCarMichaux.Michaux_Sample_220","Herbarium specimen collected by André Michaux, Jardin des Plantes, Paris. Sample 220","Creative Commons Attribution-NonCommercial-ShareAlike 3.0 Unported License."
"urn:cite:fufolioimg:BotCarMichaux.Michaux_Sample_221","Herbarium specimen collected by André Michaux, Jardin des Plantes, Paris. Sample 221","Creative Commons Attribution-NonCommercial-ShareAlike 3.0 Unported License."
"urn:cite:fufolioimg:BotCarMichaux.Michaux_Sample_222","Herbarium specimen collected by André Michaux, Jardin des Plantes, Paris. Sample 222","Creative Commons Attribution-NonCommercial-ShareAlike 3.0 Unported License."
"urn:cite:fufolioimg:BotCarMichaux.Michaux_Sample_223","Herbarium specimen collected by André Michaux, Jardin des Plantes, Paris. Sample 223","Creative Commons Attribution-NonCommercial-ShareAlike 3.0 Unported License."
"urn:cite:fufolioimg:BotCarMichaux.Michaux_Sample_224","Herbarium specimen collected by André Michaux, Jardin des Plantes, Paris. Sample 224","Creative Commons Attribution-NonCommercial-ShareAlike 3.0 Unported License."
"urn:cite:fufolioimg:BotCarMichaux.Michaux_Sample_225","Herbarium specimen collected by André Michaux, Jardin des Plantes, Paris. Sample 225","Creative Commons Attribution-NonCommercial-ShareAlike 3.0 Unported License."
"urn:cite:fufolioimg:BotCarMichaux.Michaux_Sample_226","Herbarium specimen collected by André Michaux, Jardin des Plantes, Paris. Sample 226","Creative Commons Attribution-NonCommercial-ShareAlike 3.0 Unported License."
"urn:cite:fufolioimg:BotCarMichaux.Michaux_Sample_227","Herbarium specimen collected by André Michaux, Jardin des Plantes, Paris. Sample 227","Creative Commons Attribution-NonCommercial-ShareAlike 3.0 Unported License."
"urn:cite:fufolioimg:BotCarMichaux.Michaux_Sample_228","Herbarium specimen collected by André Michaux, Jardin des Plantes, Paris. Sample 228","Creative Commons Attribution-NonCommercial-ShareAlike 3.0 Unported License."
"urn:cite:fufolioimg:BotCarMichaux.Michaux_Sample_229","Herbarium specimen collected by André Michaux, Jardin des Plantes, Paris. Sample 229","Creative Commons Attribution-NonCommercial-ShareAlike 3.0 Unported License."
"urn:cite:fufolioimg:BotCarMichaux.Michaux_Sample_230","Herbarium specimen collected by André Michaux, Jardin des Plantes, Paris. Sample 230","Creative Commons Attribution-NonCommercial-ShareAlike 3.0 Unported License."
"urn:cite:fufolioimg:BotCarMichaux.Michaux_Sample_231","Herbarium specimen collected by André Michaux, Jardin des Plantes, Paris. Sample 231","Creative Commons Attribution-NonCommercial-ShareAlike 3.0 Unported License."
"urn:cite:fufolioimg:BotCarMichaux.Michaux_Sample_232","Herbarium specimen collected by André Michaux, Jardin des Plantes, Paris. Sample 232","Creative Commons Attribution-NonCommercial-ShareAlike 3.0 Unported License."
"urn:cite:fufolioimg:BotCarMichaux.Michaux_Sample_233","Herbarium specimen collected by André Michaux, Jardin des Plantes, Paris. Sample 233","Creative Commons Attribution-NonCommercial-ShareAlike 3.0 Unported License."
"urn:cite:fufolioimg:BotCarMichaux.Michaux_Sample_234","Herbarium specimen collected by André Michaux, Jardin des Plantes, Paris. Sample 234","Creative Commons Attribution-NonCommercial-ShareAlike 3.0 Unported License."
"urn:cite:fufolioimg:BotCarMichaux.Michaux_Sample_235","Herbarium specimen collected by André Michaux, Jardin des Plantes, Paris. Sample 235","Creative Commons Attribution-NonCommercial-ShareAlike 3.0 Unported License."
"urn:cite:fufolioimg:BotCarMichaux.Michaux_Sample_236","Herbarium specimen collected by André Michaux, Jardin des Plantes, Paris. Sample 236","Creative Commons Attribution-NonCommercial-ShareAlike 3.0 Unported License."
"urn:cite:fufolioimg:BotCarMichaux.Michaux_Sample_237","Herbarium specimen collected by André Michaux, Jardin des Plantes, Paris. Sample 237","Creative Commons Attribution-NonCommercial-ShareAlike 3.0 Unported License."
"urn:cite:fufolioimg:BotCarMichaux.Michaux_Sample_238","Herbarium specimen collected by André Michaux, Jardin des Plantes, Paris. Sample 238","Creative Commons Attribution-NonCommercial-ShareAlike 3.0 Unported License."
"urn:cite:fufolioimg:BotCarMichaux.Michaux_Sample_239","Herbarium specimen collected by André Michaux, Jardin des Plantes, Paris. Sample 239","Creative Commons Attribution-NonCommercial-ShareAlike 3.0 Unported License."
"urn:cite:fufolioimg:BotCarMichaux.Michaux_Sample_240","Herbarium specimen collected by André Michaux, Jardin des Plantes, Paris. Sample 240","Creative Commons Attribution-NonCommercial-ShareAlike 3.0 Unported License."
"urn:cite:fufolioimg:BotCarMichaux.Michaux_Sample_241","Herbarium specimen collected by André Michaux, Jardin des Plantes, Paris. Sample 241","Creative Commons Attribution-NonCommercial-ShareAlike 3.0 Unported License."
"urn:cite:fufolioimg:BotCarMichaux.Michaux_Sample_242","Herbarium specimen collected by André Michaux, Jardin des Plantes, Paris. Sample 242","Creative Commons Attribution-NonCommercial-ShareAlike 3.0 Unported License."
"urn:cite:fufolioimg:BotCarMichaux.Michaux_Sample_243","Herbarium specimen collected by André Michaux, Jardin des Plantes, Paris. Sample 243","Creative Commons Attribution-NonCommercial-ShareAlike 3.0 Unported License."
"urn:cite:fufolioimg:BotCarMichaux.Michaux_Sample_244","Herbarium specimen collected by André Michaux, Jardin des Plantes, Paris. Sample 244","Creative Commons Attribution-NonCommercial-ShareAlike 3.0 Unported License."
"urn:cite:fufolioimg:BotCarMichaux.Michaux_Sample_245","Herbarium specimen collected by André Michaux, Jardin des Plantes, Paris. Sample 245","Creative Commons Attribution-NonCommercial-ShareAlike 3.0 Unported License."
"urn:cite:fufolioimg:BotCarMichaux.Michaux_Sample_246","Herbarium specimen collected by André Michaux, Jardin des Plantes, Paris. Sample 246","Creative Commons Attribution-NonCommercial-ShareAlike 3.0 Unported License."
"urn:cite:fufolioimg:BotCarMichaux.Michaux_Sample_247","Herbarium specimen collected by André Michaux, Jardin des Plantes, Paris. Sample 247","Creative Commons Attribution-NonCommercial-ShareAlike 3.0 Unported License."
"urn:cite:fufolioimg:BotCarMichaux.Michaux_Sample_248","Herbarium specimen collected by André Michaux, Jardin des Plantes, Paris. Sample 248","Creative Commons Attribution-NonCommercial-ShareAlike 3.0 Unported License."
"urn:cite:fufolioimg:BotCarMichaux.Michaux_Sample_249","Herbarium specimen collected by André Michaux, Jardin des Plantes, Paris. Sample 249","Creative Commons Attribution-NonCommercial-ShareAlike 3.0 Unported License."
"urn:cite:fufolioimg:BotCarMichaux.Michaux_Sample_250","Herbarium specimen collected by André Michaux, Jardin des Plantes, Paris. Sample 250","Creative Commons Attribution-NonCommercial-ShareAlike 3.0 Unported License."
"urn:cite:fufolioimg:BotCarMichaux.Michaux_Sample_251","Herbarium specimen collected by André Michaux, Jardin des Plantes, Paris. Sample 251","Creative Commons Attribution-NonCommercial-ShareAlike 3.0 Unported License."
"urn:cite:fufolioimg:BotCarMichaux.Michaux_Sample_252","Herbarium specimen collected by André Michaux, Jardin des Plantes, Paris. Sample 252","Creative Commons Attribution-NonCommercial-ShareAlike 3.0 Unported License."
"urn:cite:fufolioimg:BotCarMichaux.Michaux_Sample_253","Herbarium specimen collected by André Michaux, Jardin des Plantes, Paris. Sample 253","Creative Commons Attribution-NonCommercial-ShareAlike 3.0 Unported License."
"urn:cite:fufolioimg:BotCarMichaux.Michaux_Sample_254","Herbarium specimen collected by André Michaux, Jardin des Plantes, Paris. Sample 254","Creative Commons Attribution-NonCommercial-ShareAlike 3.0 Unported License."
"urn:cite:fufolioimg:BotCarMichaux.Michaux_Sample_255","Herbarium specimen collected by André Michaux, Jardin des Plantes, Paris. Sample 255","Creative Commons Attribution-NonCommercial-ShareAlike 3.0 Unported License."
"urn:cite:fufolioimg:BotCarMichaux.Michaux_Sample_256","Herbarium specimen collected by André Michaux, Jardin des Plantes, Paris. Sample 256","Creative Commons Attribution-NonCommercial-ShareAlike 3.0 Unported License."
"urn:cite:fufolioimg:BotCarMichaux.Michaux_Sample_257","Herbarium specimen collected by André Michaux, Jardin des Plantes, Paris. Sample 257","Creative Commons Attribution-NonCommercial-ShareAlike 3.0 Unported License."
"urn:cite:fufolioimg:BotCarMichaux.Michaux_Sample_258","Herbarium specimen collected by André Michaux, Jardin des Plantes, Paris. Sample 258","Creative Commons Attribution-NonCommercial-ShareAlike 3.0 Unported License."
"urn:cite:fufolioimg:BotCarMichaux.Michaux_Sample_259","Herbarium specimen collected by André Michaux, Jardin des Plantes, Paris. Sample 259","Creative Commons Attribution-NonCommercial-ShareAlike 3.0 Unported License."
"urn:cite:fufolioimg:BotCarMichaux.Michaux_Sample_260","Herbarium specimen collected by André Michaux, Jardin des Plantes, Paris. Sample 260","Creative Commons Attribution-NonCommercial-ShareAlike 3.0 Unported License."
"urn:cite:fufolioimg:BotCarMichaux.Michaux_Sample_261","Herbarium specimen collected by André Michaux, Jardin des Plantes, Paris. Sample 261","Creative Commons Attribution-NonCommercial-ShareAlike 3.0 Unported License."
"urn:cite:fufolioimg:BotCarMichaux.Michaux_Sample_262","Herbarium specimen collected by André Michaux, Jardin des Plantes, Paris. Sample 262","Creative Commons Attribution-NonCommercial-ShareAlike 3.0 Unported License."
"urn:cite:fufolioimg:BotCarMichaux.Michaux_Sample_263","Herbarium specimen collected by André Michaux, Jardin des Plantes, Paris. Sample 263","Creative Commons Attribution-NonCommercial-ShareAlike 3.0 Unported License."
"urn:cite:fufolioimg:BotCarMichaux.Michaux_Sample_264","Herbarium specimen collected by André Michaux, Jardin des Plantes, Paris. Sample 264","Creative Commons Attribution-NonCommercial-ShareAlike 3.0 Unported License."
"urn:cite:fufolioimg:BotCarMichaux.Michaux_Sample_265","Herbarium specimen collected by André Michaux, Jardin des Plantes, Paris. Sample 265","Creative Commons Attribution-NonCommercial-ShareAlike 3.0 Unported License."
"urn:cite:fufolioimg:BotCarMichaux.Michaux_Sample_266","Herbarium specimen collected by André Michaux, Jardin des Plantes, Paris. Sample 266","Creative Commons Attribution-NonCommercial-ShareAlike 3.0 Unported License."
"urn:cite:fufolioimg:BotCarMichaux.Michaux_Sample_267","Herbarium specimen collected by André Michaux, Jardin des Plantes, Paris. Sample 267","Creative Commons Attribution-NonCommercial-ShareAlike 3.0 Unported License."
"urn:cite:fufolioimg:BotCarMichaux.Michaux_Sample_268","Herbarium specimen collected by André Michaux, Jardin des Plantes, Paris. Sample 268","Creative Commons Attribution-NonCommercial-ShareAlike 3.0 Unported License."
"urn:cite:fufolioimg:BotCarMichaux.Michaux_Sample_269","Herbarium specimen collected by André Michaux, Jardin des Plantes, Paris. Sample 269","Creative Commons Attribution-NonCommercial-ShareAlike 3.0 Unported License."
"urn:cite:fufolioimg:BotCarMichaux.Michaux_Sample_270","Herbarium specimen collected by André Michaux, Jardin des Plantes, Paris. Sample 270","Creative Commons Attribution-NonCommercial-ShareAlike 3.0 Unported License."
"urn:cite:fufolioimg:BotCarMichaux.Michaux_Sample_271","Herbarium specimen collected by André Michaux, Jardin des Plantes, Paris. Sample 271","Creative Commons Attribution-NonCommercial-ShareAlike 3.0 Unported License."
"urn:cite:fufolioimg:BotCarMichaux.Michaux_Sample_272","Herbarium specimen collected by André Michaux, Jardin des Plantes, Paris. Sample 272","Creative Commons Attribution-NonCommercial-ShareAlike 3.0 Unported License."
"urn:cite:fufolioimg:BotCarMichaux.Michaux_Sample_273","Herbarium specimen collected by André Michaux, Jardin des Plantes, Paris. Sample 273","Creative Commons Attribution-NonCommercial-ShareAlike 3.0 Unported License."
"urn:cite:fufolioimg:BotCarMichaux.Michaux_Sample_274","Herbarium specimen collected by André Michaux, Jardin des Plantes, Paris. Sample 274","Creative Commons Attribution-NonCommercial-ShareAlike 3.0 Unported License."
"urn:cite:fufolioimg:BotCarMichaux.Michaux_Sample_275","Herbarium specimen collected by André Michaux, Jardin des Plantes, Paris. Sample 275","Creative Commons Attribution-NonCommercial-ShareAlike 3.0 Unported License."
"urn:cite:fufolioimg:BotCarMichaux.Michaux_Sample_276","Herbarium specimen collected by André Michaux, Jardin des Plantes, Paris. Sample 276","Creative Commons Attribution-NonCommercial-ShareAlike 3.0 Unported License."
"urn:cite:fufolioimg:BotCarMichaux.Michaux_Sample_277","Herbarium specimen collected by André Michaux, Jardin des Plantes, Paris. Sample 277","Creative Commons Attribution-NonCommercial-ShareAlike 3.0 Unported License."
"urn:cite:fufolioimg:BotCarMichaux.Michaux_Sample_278","Herbarium specimen collected by André Michaux, Jardin des Plantes, Paris. Sample 278","Creative Commons Attribution-NonCommercial-ShareAlike 3.0 Unported License."
"urn:cite:fufolioimg:BotCarMichaux.Michaux_Sample_279","Herbarium specimen collected by André Michaux, Jardin des Plantes, Paris. Sample 279","Creative Commons Attribution-NonCommercial-ShareAlike 3.0 Unported License."
"urn:cite:fufolioimg:BotCarMichaux.Michaux_Sample_280","Herbarium specimen collected by André Michaux, Jardin des Plantes, Paris. Sample 280","Creative Commons Attribution-NonCommercial-ShareAlike 3.0 Unported License."
"urn:cite:fufolioimg:BotCarMichaux.Michaux_Sample_281","Herbarium specimen collected by André Michaux, Jardin des Plantes, Paris. Sample 281","Creative Commons Attribution-NonCommercial-ShareAlike 3.0 Unported License."
"urn:cite:fufolioimg:BotCarMichaux.Michaux_Sample_282","Herbarium specimen collected by André Michaux, Jardin des Plantes, Paris. Sample 282","Creative Commons Attribution-NonCommercial-ShareAlike 3.0 Unported License."
"urn:cite:fufolioimg:BotCarMichaux.Michaux_Sample_283","Herbarium specimen collected by André Michaux, Jardin des Plantes, Paris. Sample 283","Creative Commons Attribution-NonCommercial-ShareAlike 3.0 Unported License."
"urn:cite:fufolioimg:BotCarMichaux.Michaux_Sample_284","Herbarium specimen collected by André Michaux, Jardin des Plantes, Paris. Sample 284","Creative Commons Attribution-NonCommercial-ShareAlike 3.0 Unported License."
"urn:cite:fufolioimg:BotCarMichaux.Michaux_Sample_285","Herbarium specimen collected by André Michaux, Jardin des Plantes, Paris. Sample 285","Creative Commons Attribution-NonCommercial-ShareAlike 3.0 Unported License."
"urn:cite:fufolioimg:BotCarMichaux.Michaux_Sample_286","Herbarium specimen collected by André Michaux, Jardin des Plantes, Paris. Sample 286","Creative Commons Attribution-NonCommercial-ShareAlike 3.0 Unported License."
"urn:cite:fufolioimg:BotCarMichaux.Michaux_Sample_287","Herbarium specimen collected by André Michaux, Jardin des Plantes, Paris. Sample 287","Creative Commons Attribution-NonCommercial-ShareAlike 3.0 Unported License."
"urn:cite:fufolioimg:BotCarMichaux.Michaux_Sample_288","Herbarium specimen collected by André Michaux, Jardin des Plantes, Paris. Sample 288","Creative Commons Attribution-NonCommercial-ShareAlike 3.0 Unported License."
"urn:cite:fufolioimg:BotCarMichaux.Michaux_Sample_289","Herbarium specimen collected by André Michaux, Jardin des Plantes, Paris. Sample 289","Creative Commons Attribution-NonCommercial-ShareAlike 3.0 Unported License."
"urn:cite:fufolioimg:BotCarMichaux.Michaux_Sample_290","Herbarium specimen collected by André Michaux, Jardin des Plantes, Paris. Sample 290","Creative Commons Attribution-NonCommercial-ShareAlike 3.0 Unported License."
"urn:cite:fufolioimg:BotCarMichaux.Michaux_Sample_291","Herbarium specimen collected by André Michaux, Jardin des Plantes, Paris. Sample 291","Creative Commons Attribution-NonCommercial-ShareAlike 3.0 Unported License."
"urn:cite:fufolioimg:BotCarMichaux.Michaux_Sample_292","Herbarium specimen collected by André Michaux, Jardin des Plantes, Paris. Sample 292","Creative Commons Attribution-NonCommercial-ShareAlike 3.0 Unported License."
"urn:cite:fufolioimg:BotCarMichaux.Michaux_Sample_293","Herbarium specimen collected by André Michaux, Jardin des Plantes, Paris. Sample 293","Creative Commons Attribution-NonCommercial-ShareAlike 3.0 Unported License."
"urn:cite:fufolioimg:BotCarMichaux.Michaux_Sample_294","Herbarium specimen collected by André Michaux, Jardin des Plantes, Paris. Sample 294","Creative Commons Attribution-NonCommercial-ShareAlike 3.0 Unported License."
"urn:cite:fufolioimg:BotCarMichaux.Michaux_Sample_295","Herbarium specimen collected by André Michaux, Jardin des Plantes, Paris. Sample 295","Creative Commons Attribution-NonCommercial-ShareAlike 3.0 Unported License."
