"urn:cite:fufolioimg:BotCarWalter.walter-r_backpage_01028","Walter Herbarium, backpage, recto. Sloane Herbarium.","Image courtesy of the Sloane Herbarium, Mark Spencer, Curator, the Natural History Museum, London. Creative Commons Attribution-NonCommercial-ShareAlike 3.0 Unported License."
"urn:cite:fufolioimg:BotCarWalter.walter-r_blank_01024","Walter Herbarium, blank, recto. Sloane Herbarium.","Image courtesy of the Sloane Herbarium, Mark Spencer, Curator, the Natural History Museum, London. Creative Commons Attribution-NonCommercial-ShareAlike 3.0 Unported License."
"urn:cite:fufolioimg:BotCarWalter.walter-r_blank_01025","Walter Herbarium, blank, recto. Sloane Herbarium.","Image courtesy of the Sloane Herbarium, Mark Spencer, Curator, the Natural History Museum, London. Creative Commons Attribution-NonCommercial-ShareAlike 3.0 Unported License."
"urn:cite:fufolioimg:BotCarWalter.walter-r_blank_01026","Walter Herbarium, blank, recto. Sloane Herbarium.","Image courtesy of the Sloane Herbarium, Mark Spencer, Curator, the Natural History Museum, London. Creative Commons Attribution-NonCommercial-ShareAlike 3.0 Unported License."
"urn:cite:fufolioimg:BotCarWalter.walter-r_blank_01027","Walter Herbarium, blank, recto. Sloane Herbarium.","Image courtesy of the Sloane Herbarium, Mark Spencer, Curator, the Natural History Museum, London. Creative Commons Attribution-NonCommercial-ShareAlike 3.0 Unported License."
"urn:cite:fufolioimg:BotCarWalter.walter-r_cover_01029","Walter Herbarium, cover, recto. Sloane Herbarium.","Image courtesy of the Sloane Herbarium, Mark Spencer, Curator, the Natural History Museum, London. Creative Commons Attribution-NonCommercial-ShareAlike 3.0 Unported License."
"urn:cite:fufolioimg:BotCarWalter.walter-r_cover_01031","Walter Herbarium, cover, recto. Sloane Herbarium.","Image courtesy of the Sloane Herbarium, Mark Spencer, Curator, the Natural History Museum, London. Creative Commons Attribution-NonCommercial-ShareAlike 3.0 Unported License."
"urn:cite:fufolioimg:BotCarWalter.walter-r_endpage_01030","Walter Herbarium, endpage, recto. Sloane Herbarium.","Image courtesy of the Sloane Herbarium, Mark Spencer, Curator, the Natural History Museum, London. Creative Commons Attribution-NonCommercial-ShareAlike 3.0 Unported License."
"urn:cite:fufolioimg:BotCarWalter.walter-r_herbarium_01021","Walter Herbarium, herbarium, recto. Sloane Herbarium.","Image courtesy of the Sloane Herbarium, Mark Spencer, Curator, the Natural History Museum, London. Creative Commons Attribution-NonCommercial-ShareAlike 3.0 Unported License."
"urn:cite:fufolioimg:BotCarWalter.walter-r_herbarium_01023","Walter Herbarium, herbarium, recto. Sloane Herbarium.","Image courtesy of the Sloane Herbarium, Mark Spencer, Curator, the Natural History Museum, London. Creative Commons Attribution-NonCommercial-ShareAlike 3.0 Unported License."
"urn:cite:fufolioimg:BotCarWalter.walter-r_title_01020","Walter Herbarium, title, recto. Sloane Herbarium.","Image courtesy of the Sloane Herbarium, Mark Spencer, Curator, the Natural History Museum, London. Creative Commons Attribution-NonCommercial-ShareAlike 3.0 Unported License."
"urn:cite:fufolioimg:BotCarWalter.walter-r_herbarium_01022","Walter Herbarium, herbarium, recto. Sloane Herbarium.","Image courtesy of the Sloane Herbarium, Mark Spencer, Curator, the Natural History Museum, London. Creative Commons Attribution-NonCommercial-ShareAlike 3.0 Unported License."
"urn:cite:fufolioimg:BotCarWalter.walter-v_1_01036","Walter Herbarium, 1, verso. Sloane Herbarium.","Image courtesy of the Sloane Herbarium, Mark Spencer, Curator, the Natural History Museum, London. Creative Commons Attribution-NonCommercial-ShareAlike 3.0 Unported License."
"urn:cite:fufolioimg:BotCarWalter.walter-v_2_01041","Walter Herbarium, 2, verso. Sloane Herbarium.","Image courtesy of the Sloane Herbarium, Mark Spencer, Curator, the Natural History Museum, London. Creative Commons Attribution-NonCommercial-ShareAlike 3.0 Unported License."
"urn:cite:fufolioimg:BotCarWalter.walter-v_3_01038","Walter Herbarium, 3, verso. Sloane Herbarium.","Image courtesy of the Sloane Herbarium, Mark Spencer, Curator, the Natural History Museum, London. Creative Commons Attribution-NonCommercial-ShareAlike 3.0 Unported License."
"urn:cite:fufolioimg:BotCarWalter.walter-v_4_01043","Walter Herbarium, 4, verso. Sloane Herbarium.","Image courtesy of the Sloane Herbarium, Mark Spencer, Curator, the Natural History Museum, London. Creative Commons Attribution-NonCommercial-ShareAlike 3.0 Unported License."
"urn:cite:fufolioimg:BotCarWalter.walter-v_5_01040","Walter Herbarium, 5, verso. Sloane Herbarium.","Image courtesy of the Sloane Herbarium, Mark Spencer, Curator, the Natural History Museum, London. Creative Commons Attribution-NonCommercial-ShareAlike 3.0 Unported License."
"urn:cite:fufolioimg:BotCarWalter.walter-v_6_01035","Walter Herbarium, 6, verso. Sloane Herbarium.","Image courtesy of the Sloane Herbarium, Mark Spencer, Curator, the Natural History Museum, London. Creative Commons Attribution-NonCommercial-ShareAlike 3.0 Unported License."
"urn:cite:fufolioimg:BotCarWalter.walter-v_7_01039","Walter Herbarium, 7, verso. Sloane Herbarium.","Image courtesy of the Sloane Herbarium, Mark Spencer, Curator, the Natural History Museum, London. Creative Commons Attribution-NonCommercial-ShareAlike 3.0 Unported License."
"urn:cite:fufolioimg:BotCarWalter.walter-v_8_01037","Walter Herbarium, 8, verso. Sloane Herbarium.","Image courtesy of the Sloane Herbarium, Mark Spencer, Curator, the Natural History Museum, London. Creative Commons Attribution-NonCommercial-ShareAlike 3.0 Unported License."
"urn:cite:fufolioimg:BotCarWalter.walter-v_9_01050","Walter Herbarium, 9, verso. Sloane Herbarium.","Image courtesy of the Sloane Herbarium, Mark Spencer, Curator, the Natural History Museum, London. Creative Commons Attribution-NonCommercial-ShareAlike 3.0 Unported License."
"urn:cite:fufolioimg:BotCarWalter.walter-v_10_01046","Walter Herbarium, 10, verso. Sloane Herbarium.","Image courtesy of the Sloane Herbarium, Mark Spencer, Curator, the Natural History Museum, London. Creative Commons Attribution-NonCommercial-ShareAlike 3.0 Unported License."
"urn:cite:fufolioimg:BotCarWalter.walter-v_11_01032","Walter Herbarium, 11, verso. Sloane Herbarium.","Image courtesy of the Sloane Herbarium, Mark Spencer, Curator, the Natural History Museum, London. Creative Commons Attribution-NonCommercial-ShareAlike 3.0 Unported License."
"urn:cite:fufolioimg:BotCarWalter.walter-v_12_01048","Walter Herbarium, 12, verso. Sloane Herbarium.","Image courtesy of the Sloane Herbarium, Mark Spencer, Curator, the Natural History Museum, London. Creative Commons Attribution-NonCommercial-ShareAlike 3.0 Unported License."
"urn:cite:fufolioimg:BotCarWalter.walter-v_13_01045","Walter Herbarium, 13, verso. Sloane Herbarium.","Image courtesy of the Sloane Herbarium, Mark Spencer, Curator, the Natural History Museum, London. Creative Commons Attribution-NonCommercial-ShareAlike 3.0 Unported License."
"urn:cite:fufolioimg:BotCarWalter.walter-v_14_01049","Walter Herbarium, 14, verso. Sloane Herbarium.","Image courtesy of the Sloane Herbarium, Mark Spencer, Curator, the Natural History Museum, London. Creative Commons Attribution-NonCommercial-ShareAlike 3.0 Unported License."
"urn:cite:fufolioimg:BotCarWalter.walter-v_15_01044","Walter Herbarium, 15, verso. Sloane Herbarium.","Image courtesy of the Sloane Herbarium, Mark Spencer, Curator, the Natural History Museum, London. Creative Commons Attribution-NonCommercial-ShareAlike 3.0 Unported License."
"urn:cite:fufolioimg:BotCarWalter.walter-v_16_01051","Walter Herbarium, 16, verso. Sloane Herbarium.","Image courtesy of the Sloane Herbarium, Mark Spencer, Curator, the Natural History Museum, London. Creative Commons Attribution-NonCommercial-ShareAlike 3.0 Unported License."
"urn:cite:fufolioimg:BotCarWalter.walter-v_17_01047","Walter Herbarium, 17, verso. Sloane Herbarium.","Image courtesy of the Sloane Herbarium, Mark Spencer, Curator, the Natural History Museum, London. Creative Commons Attribution-NonCommercial-ShareAlike 3.0 Unported License."
"urn:cite:fufolioimg:BotCarWalter.walter-v_18_01055","Walter Herbarium, 18, verso. Sloane Herbarium.","Image courtesy of the Sloane Herbarium, Mark Spencer, Curator, the Natural History Museum, London. Creative Commons Attribution-NonCommercial-ShareAlike 3.0 Unported License."
"urn:cite:fufolioimg:BotCarWalter.walter-v_19_01056","Walter Herbarium, 19, verso. Sloane Herbarium.","Image courtesy of the Sloane Herbarium, Mark Spencer, Curator, the Natural History Museum, London. Creative Commons Attribution-NonCommercial-ShareAlike 3.0 Unported License."
"urn:cite:fufolioimg:BotCarWalter.walter-v_20_01057","Walter Herbarium, 20, verso. Sloane Herbarium.","Image courtesy of the Sloane Herbarium, Mark Spencer, Curator, the Natural History Museum, London. Creative Commons Attribution-NonCommercial-ShareAlike 3.0 Unported License."
"urn:cite:fufolioimg:BotCarWalter.walter-v_21_01061","Walter Herbarium, 21, verso. Sloane Herbarium.","Image courtesy of the Sloane Herbarium, Mark Spencer, Curator, the Natural History Museum, London. Creative Commons Attribution-NonCommercial-ShareAlike 3.0 Unported License."
"urn:cite:fufolioimg:BotCarWalter.walter-v_22_01062","Walter Herbarium, 22, verso. Sloane Herbarium.","Image courtesy of the Sloane Herbarium, Mark Spencer, Curator, the Natural History Museum, London. Creative Commons Attribution-NonCommercial-ShareAlike 3.0 Unported License."
"urn:cite:fufolioimg:BotCarWalter.walter-v_23_01063","Walter Herbarium, 23, verso. Sloane Herbarium.","Image courtesy of the Sloane Herbarium, Mark Spencer, Curator, the Natural History Museum, London. Creative Commons Attribution-NonCommercial-ShareAlike 3.0 Unported License."
"urn:cite:fufolioimg:BotCarWalter.walter-v_24_01058","Walter Herbarium, 24, verso. Sloane Herbarium.","Image courtesy of the Sloane Herbarium, Mark Spencer, Curator, the Natural History Museum, London. Creative Commons Attribution-NonCommercial-ShareAlike 3.0 Unported License."
"urn:cite:fufolioimg:BotCarWalter.walter-v_25_01059","Walter Herbarium, 25, verso. Sloane Herbarium.","Image courtesy of the Sloane Herbarium, Mark Spencer, Curator, the Natural History Museum, London. Creative Commons Attribution-NonCommercial-ShareAlike 3.0 Unported License."
"urn:cite:fufolioimg:BotCarWalter.walter-v_26_01052","Walter Herbarium, 26, verso. Sloane Herbarium.","Image courtesy of the Sloane Herbarium, Mark Spencer, Curator, the Natural History Museum, London. Creative Commons Attribution-NonCommercial-ShareAlike 3.0 Unported License."
"urn:cite:fufolioimg:BotCarWalter.walter-v_27_01053","Walter Herbarium, 27, verso. Sloane Herbarium.","Image courtesy of the Sloane Herbarium, Mark Spencer, Curator, the Natural History Museum, London. Creative Commons Attribution-NonCommercial-ShareAlike 3.0 Unported License."
"urn:cite:fufolioimg:BotCarWalter.walter-v_28_01054","Walter Herbarium, 28, verso. Sloane Herbarium.","Image courtesy of the Sloane Herbarium, Mark Spencer, Curator, the Natural History Museum, London. Creative Commons Attribution-NonCommercial-ShareAlike 3.0 Unported License."
"urn:cite:fufolioimg:BotCarWalter.walter-v_29_01060","Walter Herbarium, 29, verso. Sloane Herbarium.","Image courtesy of the Sloane Herbarium, Mark Spencer, Curator, the Natural History Museum, London. Creative Commons Attribution-NonCommercial-ShareAlike 3.0 Unported License."
"urn:cite:fufolioimg:BotCarWalter.walter-v_30_01068","Walter Herbarium, 30, verso. Sloane Herbarium.","Image courtesy of the Sloane Herbarium, Mark Spencer, Curator, the Natural History Museum, London. Creative Commons Attribution-NonCommercial-ShareAlike 3.0 Unported License."
"urn:cite:fufolioimg:BotCarWalter.walter-v_31_01069","Walter Herbarium, 31, verso. Sloane Herbarium.","Image courtesy of the Sloane Herbarium, Mark Spencer, Curator, the Natural History Museum, London. Creative Commons Attribution-NonCommercial-ShareAlike 3.0 Unported License."
"urn:cite:fufolioimg:BotCarWalter.walter-v_32_01067","Walter Herbarium, 32, verso. Sloane Herbarium.","Image courtesy of the Sloane Herbarium, Mark Spencer, Curator, the Natural History Museum, London. Creative Commons Attribution-NonCommercial-ShareAlike 3.0 Unported License."
"urn:cite:fufolioimg:BotCarWalter.walter-v_33_01064","Walter Herbarium, 33, verso. Sloane Herbarium.","Image courtesy of the Sloane Herbarium, Mark Spencer, Curator, the Natural History Museum, London. Creative Commons Attribution-NonCommercial-ShareAlike 3.0 Unported License."
"urn:cite:fufolioimg:BotCarWalter.walter-v_34_01066","Walter Herbarium, 34, verso. Sloane Herbarium.","Image courtesy of the Sloane Herbarium, Mark Spencer, Curator, the Natural History Museum, London. Creative Commons Attribution-NonCommercial-ShareAlike 3.0 Unported License."
"urn:cite:fufolioimg:BotCarWalter.walter-v_35_01065","Walter Herbarium, 35, verso. Sloane Herbarium.","Image courtesy of the Sloane Herbarium, Mark Spencer, Curator, the Natural History Museum, London. Creative Commons Attribution-NonCommercial-ShareAlike 3.0 Unported License."
"urn:cite:fufolioimg:BotCarWalter.walter-v_36_01073","Walter Herbarium, 36, verso. Sloane Herbarium.","Image courtesy of the Sloane Herbarium, Mark Spencer, Curator, the Natural History Museum, London. Creative Commons Attribution-NonCommercial-ShareAlike 3.0 Unported License."
"urn:cite:fufolioimg:BotCarWalter.walter-v_37_01070","Walter Herbarium, 37, verso. Sloane Herbarium.","Image courtesy of the Sloane Herbarium, Mark Spencer, Curator, the Natural History Museum, London. Creative Commons Attribution-NonCommercial-ShareAlike 3.0 Unported License."
"urn:cite:fufolioimg:BotCarWalter.walter-v_38_01075","Walter Herbarium, 38, verso. Sloane Herbarium.","Image courtesy of the Sloane Herbarium, Mark Spencer, Curator, the Natural History Museum, London. Creative Commons Attribution-NonCommercial-ShareAlike 3.0 Unported License."
"urn:cite:fufolioimg:BotCarWalter.walter-v_39_01072","Walter Herbarium, 39, verso. Sloane Herbarium.","Image courtesy of the Sloane Herbarium, Mark Spencer, Curator, the Natural History Museum, London. Creative Commons Attribution-NonCommercial-ShareAlike 3.0 Unported License."
"urn:cite:fufolioimg:BotCarWalter.walter-v_40_01076","Walter Herbarium, 40, verso. Sloane Herbarium.","Image courtesy of the Sloane Herbarium, Mark Spencer, Curator, the Natural History Museum, London. Creative Commons Attribution-NonCommercial-ShareAlike 3.0 Unported License."
"urn:cite:fufolioimg:BotCarWalter.walter-v_41_01071","Walter Herbarium, 41, verso. Sloane Herbarium.","Image courtesy of the Sloane Herbarium, Mark Spencer, Curator, the Natural History Museum, London. Creative Commons Attribution-NonCommercial-ShareAlike 3.0 Unported License."
"urn:cite:fufolioimg:BotCarWalter.walter-v_42_01077","Walter Herbarium, 42, verso. Sloane Herbarium.","Image courtesy of the Sloane Herbarium, Mark Spencer, Curator, the Natural History Museum, London. Creative Commons Attribution-NonCommercial-ShareAlike 3.0 Unported License."
"urn:cite:fufolioimg:BotCarWalter.walter-v_43_01074","Walter Herbarium, 43, verso. Sloane Herbarium.","Image courtesy of the Sloane Herbarium, Mark Spencer, Curator, the Natural History Museum, London. Creative Commons Attribution-NonCommercial-ShareAlike 3.0 Unported License."
"urn:cite:fufolioimg:BotCarWalter.walter-v_44_01078","Walter Herbarium, 44, verso. Sloane Herbarium.","Image courtesy of the Sloane Herbarium, Mark Spencer, Curator, the Natural History Museum, London. Creative Commons Attribution-NonCommercial-ShareAlike 3.0 Unported License."
"urn:cite:fufolioimg:BotCarWalter.walter-v_45_01080","Walter Herbarium, 45, verso. Sloane Herbarium.","Image courtesy of the Sloane Herbarium, Mark Spencer, Curator, the Natural History Museum, London. Creative Commons Attribution-NonCommercial-ShareAlike 3.0 Unported License."
"urn:cite:fufolioimg:BotCarWalter.walter-v_46_01079","Walter Herbarium, 46, verso. Sloane Herbarium.","Image courtesy of the Sloane Herbarium, Mark Spencer, Curator, the Natural History Museum, London. Creative Commons Attribution-NonCommercial-ShareAlike 3.0 Unported License."
"urn:cite:fufolioimg:BotCarWalter.walter-v_47_01081","Walter Herbarium, 47, verso. Sloane Herbarium.","Image courtesy of the Sloane Herbarium, Mark Spencer, Curator, the Natural History Museum, London. Creative Commons Attribution-NonCommercial-ShareAlike 3.0 Unported License."
"urn:cite:fufolioimg:BotCarWalter.walter-v_48_01082","Walter Herbarium, 48, verso. Sloane Herbarium.","Image courtesy of the Sloane Herbarium, Mark Spencer, Curator, the Natural History Museum, London. Creative Commons Attribution-NonCommercial-ShareAlike 3.0 Unported License."
"urn:cite:fufolioimg:BotCarWalter.walter-v_49_01087","Walter Herbarium, 49, verso. Sloane Herbarium.","Image courtesy of the Sloane Herbarium, Mark Spencer, Curator, the Natural History Museum, London. Creative Commons Attribution-NonCommercial-ShareAlike 3.0 Unported License."
"urn:cite:fufolioimg:BotCarWalter.walter-v_50_01086","Walter Herbarium, 50, verso. Sloane Herbarium.","Image courtesy of the Sloane Herbarium, Mark Spencer, Curator, the Natural History Museum, London. Creative Commons Attribution-NonCommercial-ShareAlike 3.0 Unported License."
"urn:cite:fufolioimg:BotCarWalter.walter-v_51_01084","Walter Herbarium, 51, verso. Sloane Herbarium.","Image courtesy of the Sloane Herbarium, Mark Spencer, Curator, the Natural History Museum, London. Creative Commons Attribution-NonCommercial-ShareAlike 3.0 Unported License."
"urn:cite:fufolioimg:BotCarWalter.walter-v_52_01083","Walter Herbarium, 52, verso. Sloane Herbarium.","Image courtesy of the Sloane Herbarium, Mark Spencer, Curator, the Natural History Museum, London. Creative Commons Attribution-NonCommercial-ShareAlike 3.0 Unported License."
"urn:cite:fufolioimg:BotCarWalter.walter-v_53_01085","Walter Herbarium, 53, verso. Sloane Herbarium.","Image courtesy of the Sloane Herbarium, Mark Spencer, Curator, the Natural History Museum, London. Creative Commons Attribution-NonCommercial-ShareAlike 3.0 Unported License."
"urn:cite:fufolioimg:BotCarWalter.walter-v_54_01093","Walter Herbarium, 54, verso. Sloane Herbarium.","Image courtesy of the Sloane Herbarium, Mark Spencer, Curator, the Natural History Museum, London. Creative Commons Attribution-NonCommercial-ShareAlike 3.0 Unported License."
"urn:cite:fufolioimg:BotCarWalter.walter-v_55_01091","Walter Herbarium, 55, verso. Sloane Herbarium.","Image courtesy of the Sloane Herbarium, Mark Spencer, Curator, the Natural History Museum, London. Creative Commons Attribution-NonCommercial-ShareAlike 3.0 Unported License."
"urn:cite:fufolioimg:BotCarWalter.walter-v_56_01095","Walter Herbarium, 56, verso. Sloane Herbarium.","Image courtesy of the Sloane Herbarium, Mark Spencer, Curator, the Natural History Museum, London. Creative Commons Attribution-NonCommercial-ShareAlike 3.0 Unported License."
"urn:cite:fufolioimg:BotCarWalter.walter-v_57_01089","Walter Herbarium, 57, verso. Sloane Herbarium.","Image courtesy of the Sloane Herbarium, Mark Spencer, Curator, the Natural History Museum, London. Creative Commons Attribution-NonCommercial-ShareAlike 3.0 Unported License."
"urn:cite:fufolioimg:BotCarWalter.walter-v_58_01088","Walter Herbarium, 58, verso. Sloane Herbarium.","Image courtesy of the Sloane Herbarium, Mark Spencer, Curator, the Natural History Museum, London. Creative Commons Attribution-NonCommercial-ShareAlike 3.0 Unported License."
"urn:cite:fufolioimg:BotCarWalter.walter-v_59_01092","Walter Herbarium, 59, verso. Sloane Herbarium.","Image courtesy of the Sloane Herbarium, Mark Spencer, Curator, the Natural History Museum, London. Creative Commons Attribution-NonCommercial-ShareAlike 3.0 Unported License."
"urn:cite:fufolioimg:BotCarWalter.walter-v_60_01090","Walter Herbarium, 60, verso. Sloane Herbarium.","Image courtesy of the Sloane Herbarium, Mark Spencer, Curator, the Natural History Museum, London. Creative Commons Attribution-NonCommercial-ShareAlike 3.0 Unported License."
"urn:cite:fufolioimg:BotCarWalter.walter-v_61_01094","Walter Herbarium, 61, verso. Sloane Herbarium.","Image courtesy of the Sloane Herbarium, Mark Spencer, Curator, the Natural History Museum, London. Creative Commons Attribution-NonCommercial-ShareAlike 3.0 Unported License."
"urn:cite:fufolioimg:BotCarWalter.walter-v_61a_01096","Walter Herbarium, 61a, verso. Sloane Herbarium.","Image courtesy of the Sloane Herbarium, Mark Spencer, Curator, the Natural History Museum, London. Creative Commons Attribution-NonCommercial-ShareAlike 3.0 Unported License."
"urn:cite:fufolioimg:BotCarWalter.walter-v_62_01099","Walter Herbarium, 62, verso. Sloane Herbarium.","Image courtesy of the Sloane Herbarium, Mark Spencer, Curator, the Natural History Museum, London. Creative Commons Attribution-NonCommercial-ShareAlike 3.0 Unported License."
"urn:cite:fufolioimg:BotCarWalter.walter-v_62a_01098","Walter Herbarium, 62a, verso. Sloane Herbarium.","Image courtesy of the Sloane Herbarium, Mark Spencer, Curator, the Natural History Museum, London. Creative Commons Attribution-NonCommercial-ShareAlike 3.0 Unported License."
"urn:cite:fufolioimg:BotCarWalter.walter-v_63_01097","Walter Herbarium, 63, verso. Sloane Herbarium.","Image courtesy of the Sloane Herbarium, Mark Spencer, Curator, the Natural History Museum, London. Creative Commons Attribution-NonCommercial-ShareAlike 3.0 Unported License."
"urn:cite:fufolioimg:BotCarWalter.walter-v_64_01103","Walter Herbarium, 64, verso. Sloane Herbarium.","Image courtesy of the Sloane Herbarium, Mark Spencer, Curator, the Natural History Museum, London. Creative Commons Attribution-NonCommercial-ShareAlike 3.0 Unported License."
"urn:cite:fufolioimg:BotCarWalter.walter-v_65_01102","Walter Herbarium, 65, verso. Sloane Herbarium.","Image courtesy of the Sloane Herbarium, Mark Spencer, Curator, the Natural History Museum, London. Creative Commons Attribution-NonCommercial-ShareAlike 3.0 Unported License."
"urn:cite:fufolioimg:BotCarWalter.walter-v_66_01101","Walter Herbarium, 66, verso. Sloane Herbarium.","Image courtesy of the Sloane Herbarium, Mark Spencer, Curator, the Natural History Museum, London. Creative Commons Attribution-NonCommercial-ShareAlike 3.0 Unported License."
"urn:cite:fufolioimg:BotCarWalter.walter-v_67_01100","Walter Herbarium, 67, verso. Sloane Herbarium.","Image courtesy of the Sloane Herbarium, Mark Spencer, Curator, the Natural History Museum, London. Creative Commons Attribution-NonCommercial-ShareAlike 3.0 Unported License."
"urn:cite:fufolioimg:BotCarWalter.walter-v_67_01104","Walter Herbarium, 67, verso. Sloane Herbarium.","Image courtesy of the Sloane Herbarium, Mark Spencer, Curator, the Natural History Museum, London. Creative Commons Attribution-NonCommercial-ShareAlike 3.0 Unported License."
"urn:cite:fufolioimg:BotCarWalter.walter-v_67_01105","Walter Herbarium, 67, verso. Sloane Herbarium.","Image courtesy of the Sloane Herbarium, Mark Spencer, Curator, the Natural History Museum, London. Creative Commons Attribution-NonCommercial-ShareAlike 3.0 Unported License."
"urn:cite:fufolioimg:BotCarWalter.walter-v_68_01107","Walter Herbarium, 68, verso. Sloane Herbarium.","Image courtesy of the Sloane Herbarium, Mark Spencer, Curator, the Natural History Museum, London. Creative Commons Attribution-NonCommercial-ShareAlike 3.0 Unported License."
"urn:cite:fufolioimg:BotCarWalter.walter-v_69_01113","Walter Herbarium, 69, verso. Sloane Herbarium.","Image courtesy of the Sloane Herbarium, Mark Spencer, Curator, the Natural History Museum, London. Creative Commons Attribution-NonCommercial-ShareAlike 3.0 Unported License."
"urn:cite:fufolioimg:BotCarWalter.walter-v_70_01109","Walter Herbarium, 70, verso. Sloane Herbarium.","Image courtesy of the Sloane Herbarium, Mark Spencer, Curator, the Natural History Museum, London. Creative Commons Attribution-NonCommercial-ShareAlike 3.0 Unported License."
"urn:cite:fufolioimg:BotCarWalter.walter-v_71_01112","Walter Herbarium, 71, verso. Sloane Herbarium.","Image courtesy of the Sloane Herbarium, Mark Spencer, Curator, the Natural History Museum, London. Creative Commons Attribution-NonCommercial-ShareAlike 3.0 Unported License."
"urn:cite:fufolioimg:BotCarWalter.walter-v_72_01111","Walter Herbarium, 72, verso. Sloane Herbarium.","Image courtesy of the Sloane Herbarium, Mark Spencer, Curator, the Natural History Museum, London. Creative Commons Attribution-NonCommercial-ShareAlike 3.0 Unported License."
"urn:cite:fufolioimg:BotCarWalter.walter-v_73_01106","Walter Herbarium, 73, verso. Sloane Herbarium.","Image courtesy of the Sloane Herbarium, Mark Spencer, Curator, the Natural History Museum, London. Creative Commons Attribution-NonCommercial-ShareAlike 3.0 Unported License."
"urn:cite:fufolioimg:BotCarWalter.walter-v_74_01110","Walter Herbarium, 74, verso. Sloane Herbarium.","Image courtesy of the Sloane Herbarium, Mark Spencer, Curator, the Natural History Museum, London. Creative Commons Attribution-NonCommercial-ShareAlike 3.0 Unported License."
"urn:cite:fufolioimg:BotCarWalter.walter-v_75_01108","Walter Herbarium, 75, verso. Sloane Herbarium.","Image courtesy of the Sloane Herbarium, Mark Spencer, Curator, the Natural History Museum, London. Creative Commons Attribution-NonCommercial-ShareAlike 3.0 Unported License."
"urn:cite:fufolioimg:BotCarWalter.walter-v_76_01117","Walter Herbarium, 76, verso. Sloane Herbarium.","Image courtesy of the Sloane Herbarium, Mark Spencer, Curator, the Natural History Museum, London. Creative Commons Attribution-NonCommercial-ShareAlike 3.0 Unported License."
"urn:cite:fufolioimg:BotCarWalter.walter-v_77_01116","Walter Herbarium, 77, verso. Sloane Herbarium.","Image courtesy of the Sloane Herbarium, Mark Spencer, Curator, the Natural History Museum, London. Creative Commons Attribution-NonCommercial-ShareAlike 3.0 Unported License."
"urn:cite:fufolioimg:BotCarWalter.walter-v_78_01115","Walter Herbarium, 78, verso. Sloane Herbarium.","Image courtesy of the Sloane Herbarium, Mark Spencer, Curator, the Natural History Museum, London. Creative Commons Attribution-NonCommercial-ShareAlike 3.0 Unported License."
"urn:cite:fufolioimg:BotCarWalter.walter-v_79_01114","Walter Herbarium, 79, verso. Sloane Herbarium.","Image courtesy of the Sloane Herbarium, Mark Spencer, Curator, the Natural History Museum, London. Creative Commons Attribution-NonCommercial-ShareAlike 3.0 Unported License."
"urn:cite:fufolioimg:BotCarWalter.walter-v_80_01118","Walter Herbarium, 80, verso. Sloane Herbarium.","Image courtesy of the Sloane Herbarium, Mark Spencer, Curator, the Natural History Museum, London. Creative Commons Attribution-NonCommercial-ShareAlike 3.0 Unported License."
"urn:cite:fufolioimg:BotCarWalter.walter-v_81_01119","Walter Herbarium, 81, verso. Sloane Herbarium.","Image courtesy of the Sloane Herbarium, Mark Spencer, Curator, the Natural History Museum, London. Creative Commons Attribution-NonCommercial-ShareAlike 3.0 Unported License."
"urn:cite:fufolioimg:BotCarWalter.walter-v_82_01120","Walter Herbarium, 82, verso. Sloane Herbarium.","Image courtesy of the Sloane Herbarium, Mark Spencer, Curator, the Natural History Museum, London. Creative Commons Attribution-NonCommercial-ShareAlike 3.0 Unported License."
"urn:cite:fufolioimg:BotCarWalter.walter-v_83_01122","Walter Herbarium, 83, verso. Sloane Herbarium.","Image courtesy of the Sloane Herbarium, Mark Spencer, Curator, the Natural History Museum, London. Creative Commons Attribution-NonCommercial-ShareAlike 3.0 Unported License."
"urn:cite:fufolioimg:BotCarWalter.walter-v_84_01121","Walter Herbarium, 84, verso. Sloane Herbarium.","Image courtesy of the Sloane Herbarium, Mark Spencer, Curator, the Natural History Museum, London. Creative Commons Attribution-NonCommercial-ShareAlike 3.0 Unported License."
"urn:cite:fufolioimg:BotCarWalter.walter-v_85_01125","Walter Herbarium, 85, verso. Sloane Herbarium.","Image courtesy of the Sloane Herbarium, Mark Spencer, Curator, the Natural History Museum, London. Creative Commons Attribution-NonCommercial-ShareAlike 3.0 Unported License."
"urn:cite:fufolioimg:BotCarWalter.walter-v_86_01124","Walter Herbarium, 86, verso. Sloane Herbarium.","Image courtesy of the Sloane Herbarium, Mark Spencer, Curator, the Natural History Museum, London. Creative Commons Attribution-NonCommercial-ShareAlike 3.0 Unported License."
"urn:cite:fufolioimg:BotCarWalter.walter-v_87_01123","Walter Herbarium, 87, verso. Sloane Herbarium.","Image courtesy of the Sloane Herbarium, Mark Spencer, Curator, the Natural History Museum, London. Creative Commons Attribution-NonCommercial-ShareAlike 3.0 Unported License."
"urn:cite:fufolioimg:BotCarWalter.walter-v_88_01129","Walter Herbarium, 88, verso. Sloane Herbarium.","Image courtesy of the Sloane Herbarium, Mark Spencer, Curator, the Natural History Museum, London. Creative Commons Attribution-NonCommercial-ShareAlike 3.0 Unported License."
"urn:cite:fufolioimg:BotCarWalter.walter-v_89_01126","Walter Herbarium, 89, verso. Sloane Herbarium.","Image courtesy of the Sloane Herbarium, Mark Spencer, Curator, the Natural History Museum, London. Creative Commons Attribution-NonCommercial-ShareAlike 3.0 Unported License."
"urn:cite:fufolioimg:BotCarWalter.walter-v_90_01128","Walter Herbarium, 90, verso. Sloane Herbarium.","Image courtesy of the Sloane Herbarium, Mark Spencer, Curator, the Natural History Museum, London. Creative Commons Attribution-NonCommercial-ShareAlike 3.0 Unported License."
"urn:cite:fufolioimg:BotCarWalter.walter-v_91_01127","Walter Herbarium, 91, verso. Sloane Herbarium.","Image courtesy of the Sloane Herbarium, Mark Spencer, Curator, the Natural History Museum, London. Creative Commons Attribution-NonCommercial-ShareAlike 3.0 Unported License."
"urn:cite:fufolioimg:BotCarWalter.walter-v_92_01130","Walter Herbarium, 92, verso. Sloane Herbarium.","Image courtesy of the Sloane Herbarium, Mark Spencer, Curator, the Natural History Museum, London. Creative Commons Attribution-NonCommercial-ShareAlike 3.0 Unported License."
"urn:cite:fufolioimg:BotCarWalter.walter-v_93_01135","Walter Herbarium, 93, verso. Sloane Herbarium.","Image courtesy of the Sloane Herbarium, Mark Spencer, Curator, the Natural History Museum, London. Creative Commons Attribution-NonCommercial-ShareAlike 3.0 Unported License."
"urn:cite:fufolioimg:BotCarWalter.walter-v_94_01134","Walter Herbarium, 94, verso. Sloane Herbarium.","Image courtesy of the Sloane Herbarium, Mark Spencer, Curator, the Natural History Museum, London. Creative Commons Attribution-NonCommercial-ShareAlike 3.0 Unported License."
"urn:cite:fufolioimg:BotCarWalter.walter-v_95_01131","Walter Herbarium, 95, verso. Sloane Herbarium.","Image courtesy of the Sloane Herbarium, Mark Spencer, Curator, the Natural History Museum, London. Creative Commons Attribution-NonCommercial-ShareAlike 3.0 Unported License."
"urn:cite:fufolioimg:BotCarWalter.walter-v_96_01133","Walter Herbarium, 96, verso. Sloane Herbarium.","Image courtesy of the Sloane Herbarium, Mark Spencer, Curator, the Natural History Museum, London. Creative Commons Attribution-NonCommercial-ShareAlike 3.0 Unported License."
"urn:cite:fufolioimg:BotCarWalter.walter-v_97_01132","Walter Herbarium, 97, verso. Sloane Herbarium.","Image courtesy of the Sloane Herbarium, Mark Spencer, Curator, the Natural History Museum, London. Creative Commons Attribution-NonCommercial-ShareAlike 3.0 Unported License."
"urn:cite:fufolioimg:BotCarWalter.walter-v_98_01142","Walter Herbarium, 98, verso. Sloane Herbarium.","Image courtesy of the Sloane Herbarium, Mark Spencer, Curator, the Natural History Museum, London. Creative Commons Attribution-NonCommercial-ShareAlike 3.0 Unported License."
"urn:cite:fufolioimg:BotCarWalter.walter-v_99_01137","Walter Herbarium, 99, verso. Sloane Herbarium.","Image courtesy of the Sloane Herbarium, Mark Spencer, Curator, the Natural History Museum, London. Creative Commons Attribution-NonCommercial-ShareAlike 3.0 Unported License."
"urn:cite:fufolioimg:BotCarWalter.walter-v_100_01141","Walter Herbarium, 100, verso. Sloane Herbarium.","Image courtesy of the Sloane Herbarium, Mark Spencer, Curator, the Natural History Museum, London. Creative Commons Attribution-NonCommercial-ShareAlike 3.0 Unported License."
"urn:cite:fufolioimg:BotCarWalter.walter-v_102_01143","Walter Herbarium, 102, verso. Sloane Herbarium.","Image courtesy of the Sloane Herbarium, Mark Spencer, Curator, the Natural History Museum, London. Creative Commons Attribution-NonCommercial-ShareAlike 3.0 Unported License."
"urn:cite:fufolioimg:BotCarWalter.walter-v_103_01138","Walter Herbarium, 103, verso. Sloane Herbarium.","Image courtesy of the Sloane Herbarium, Mark Spencer, Curator, the Natural History Museum, London. Creative Commons Attribution-NonCommercial-ShareAlike 3.0 Unported License."
"urn:cite:fufolioimg:BotCarWalter.walter-v_104_01136","Walter Herbarium, 104, verso. Sloane Herbarium.","Image courtesy of the Sloane Herbarium, Mark Spencer, Curator, the Natural History Museum, London. Creative Commons Attribution-NonCommercial-ShareAlike 3.0 Unported License."
"urn:cite:fufolioimg:BotCarWalter.walter-v_105_01140","Walter Herbarium, 105, verso. Sloane Herbarium.","Image courtesy of the Sloane Herbarium, Mark Spencer, Curator, the Natural History Museum, London. Creative Commons Attribution-NonCommercial-ShareAlike 3.0 Unported License."
"urn:cite:fufolioimg:BotCarWalter.walter-v_106_01144","Walter Herbarium, 106, verso. Sloane Herbarium.","Image courtesy of the Sloane Herbarium, Mark Spencer, Curator, the Natural History Museum, London. Creative Commons Attribution-NonCommercial-ShareAlike 3.0 Unported License."
"urn:cite:fufolioimg:BotCarWalter.walter-v_107_01139","Walter Herbarium, 107, verso. Sloane Herbarium.","Image courtesy of the Sloane Herbarium, Mark Spencer, Curator, the Natural History Museum, London. Creative Commons Attribution-NonCommercial-ShareAlike 3.0 Unported License."
"urn:cite:fufolioimg:BotCarWalter.walter-v_107_01146","Walter Herbarium, 107, verso. Sloane Herbarium.","Image courtesy of the Sloane Herbarium, Mark Spencer, Curator, the Natural History Museum, London. Creative Commons Attribution-NonCommercial-ShareAlike 3.0 Unported License."
"urn:cite:fufolioimg:BotCarWalter.walter-v_108_01145","Walter Herbarium, 108, verso. Sloane Herbarium.","Image courtesy of the Sloane Herbarium, Mark Spencer, Curator, the Natural History Museum, London. Creative Commons Attribution-NonCommercial-ShareAlike 3.0 Unported License."
"urn:cite:fufolioimg:BotCarWalter.walter-v_109_01147","Walter Herbarium, 109, verso. Sloane Herbarium.","Image courtesy of the Sloane Herbarium, Mark Spencer, Curator, the Natural History Museum, London. Creative Commons Attribution-NonCommercial-ShareAlike 3.0 Unported License."
"urn:cite:fufolioimg:BotCarWalter.walter-v_110_01149","Walter Herbarium, 110, verso. Sloane Herbarium.","Image courtesy of the Sloane Herbarium, Mark Spencer, Curator, the Natural History Museum, London. Creative Commons Attribution-NonCommercial-ShareAlike 3.0 Unported License."
"urn:cite:fufolioimg:BotCarWalter.walter-v_111_01148","Walter Herbarium, 111, verso. Sloane Herbarium.","Image courtesy of the Sloane Herbarium, Mark Spencer, Curator, the Natural History Museum, London. Creative Commons Attribution-NonCommercial-ShareAlike 3.0 Unported License."
"urn:cite:fufolioimg:BotCarWalter.walter-v_112_01151","Walter Herbarium, 112, verso. Sloane Herbarium.","Image courtesy of the Sloane Herbarium, Mark Spencer, Curator, the Natural History Museum, London. Creative Commons Attribution-NonCommercial-ShareAlike 3.0 Unported License."
"urn:cite:fufolioimg:BotCarWalter.walter-v_113_01150","Walter Herbarium, 113, verso. Sloane Herbarium.","Image courtesy of the Sloane Herbarium, Mark Spencer, Curator, the Natural History Museum, London. Creative Commons Attribution-NonCommercial-ShareAlike 3.0 Unported License."
"urn:cite:fufolioimg:BotCarWalter.walter-v_114_01153","Walter Herbarium, 114, verso. Sloane Herbarium.","Image courtesy of the Sloane Herbarium, Mark Spencer, Curator, the Natural History Museum, London. Creative Commons Attribution-NonCommercial-ShareAlike 3.0 Unported License."
"urn:cite:fufolioimg:BotCarWalter.walter-v_115_01155","Walter Herbarium, 115, verso. Sloane Herbarium.","Image courtesy of the Sloane Herbarium, Mark Spencer, Curator, the Natural History Museum, London. Creative Commons Attribution-NonCommercial-ShareAlike 3.0 Unported License."
"urn:cite:fufolioimg:BotCarWalter.walter-v_116_01154","Walter Herbarium, 116, verso. Sloane Herbarium.","Image courtesy of the Sloane Herbarium, Mark Spencer, Curator, the Natural History Museum, London. Creative Commons Attribution-NonCommercial-ShareAlike 3.0 Unported License."
"urn:cite:fufolioimg:BotCarWalter.walter-v_117_01152","Walter Herbarium, 117, verso. Sloane Herbarium.","Image courtesy of the Sloane Herbarium, Mark Spencer, Curator, the Natural History Museum, London. Creative Commons Attribution-NonCommercial-ShareAlike 3.0 Unported License."
"urn:cite:fufolioimg:BotCarWalter.walter-v_117_01156","Walter Herbarium, 117, verso. Sloane Herbarium.","Image courtesy of the Sloane Herbarium, Mark Spencer, Curator, the Natural History Museum, London. Creative Commons Attribution-NonCommercial-ShareAlike 3.0 Unported License."
"urn:cite:fufolioimg:BotCarWalter.walter-v_blank_01042","Walter Herbarium, blank, verso. Sloane Herbarium.","Image courtesy of the Sloane Herbarium, Mark Spencer, Curator, the Natural History Museum, London. Creative Commons Attribution-NonCommercial-ShareAlike 3.0 Unported License."
"urn:cite:fufolioimg:BotCarWalter.walter-v_cover_01158","Walter Herbarium, cover, verso. Sloane Herbarium.","Image courtesy of the Sloane Herbarium, Mark Spencer, Curator, the Natural History Museum, London. Creative Commons Attribution-NonCommercial-ShareAlike 3.0 Unported License."
"urn:cite:fufolioimg:BotCarWalter.walter-v_cover_01159","Walter Herbarium, cover, verso. Sloane Herbarium.","Image courtesy of the Sloane Herbarium, Mark Spencer, Curator, the Natural History Museum, London. Creative Commons Attribution-NonCommercial-ShareAlike 3.0 Unported License."
"urn:cite:fufolioimg:BotCarWalter.walter-v_endpaper_01033","Walter Herbarium, endpaper, verso. Sloane Herbarium.","Image courtesy of the Sloane Herbarium, Mark Spencer, Curator, the Natural History Museum, London. Creative Commons Attribution-NonCommercial-ShareAlike 3.0 Unported License."
"urn:cite:fufolioimg:BotCarWalter.walter-v_insidebackcover_01157","Walter Herbarium, insidebackcover, verso. Sloane Herbarium.","Image courtesy of the Sloane Herbarium, Mark Spencer, Curator, the Natural History Museum, London. Creative Commons Attribution-NonCommercial-ShareAlike 3.0 Unported License."
"urn:cite:fufolioimg:BotCarWalter.walter-v_nurserycontents_01034","Walter Herbarium, nurserycontents, verso. Sloane Herbarium.","Image courtesy of the Sloane Herbarium, Mark Spencer, Curator, the Natural History Museum, London. Creative Commons Attribution-NonCommercial-ShareAlike 3.0 Unported License."
