LabelURN,Text,SpecimenURN,ImageURN,ROI
urn:cite:botcar:catesbyLabels.penLabel94.1,???xia glabrata Mscr. 74,urn:cite:botcar:sloane.94,urn:cite:fufolioimg:BotCarCatesbyHS.Catesby_HS232_110_0551,""
urn:cite:botcar:catesbyLabels.penLabel370.1,??tula spicata Linn.,urn:cite:botcar:sloane.370,urn:cite:fufolioimg:BotCarCatesbyHS.Catesby_HS212_094_0408,""
urn:cite:botcar:catesbyLabels.penLabel92.1,...nodium capitatum Mscr. 116,urn:cite:botcar:sloane.92,urn:cite:fufolioimg:BotCarCatesbyHS.Catesby_HS212_043_0464,""
urn:cite:botcar:catesbyLabels.penLabel284.1,1 Acuta maculata Linn.,urn:cite:botcar:sloane.284,urn:cite:fufolioimg:BotCarCatesbyHS.Catesby_HS212_027_0483,""
urn:cite:botcar:catesbyLabels.penLabel423.1,1 Ageratum uniflorum Mscr. 154,urn:cite:botcar:sloane.423,urn:cite:fufolioimg:BotCarCatesbyHS.Catesby_HS212_040_0457,""
urn:cite:botcar:catesbyLabels.penLabel62.1,1 Carpinus ostrya Linn.,urn:cite:botcar:sloane.62,urn:cite:fufolioimg:BotCarCatesbyHS.Catesby_HS212_013_0497,""
urn:cite:botcar:catesbyLabels.penLabel316.1,1 Cupressus disticha Linn. Sp. Pl. 1003,urn:cite:botcar:sloane.316,urn:cite:fufolioimg:BotCarCatesbyHS.Catesby_HS212_004_0501,""
urn:cite:botcar:catesbyLabels.penLabel228.1,1 Jatropha urens Linn.,urn:cite:botcar:sloane.228,urn:cite:fufolioimg:BotCarCatesbyHS.Catesby_HS212_032_0476,""
urn:cite:botcar:catesbyLabels.penLabel209.1,1 Monarda punctata Linn.,urn:cite:botcar:sloane.209,urn:cite:fufolioimg:BotCarCatesbyHS.Catesby_HS212_048_0462,""
urn:cite:botcar:catesbyLabels.penLabel302.1,1 Populus balsamifera Linn. Sp. Pl. 1034,urn:cite:botcar:sloane.302,urn:cite:fufolioimg:BotCarCatesbyHS.Catesby_HS212_011_0500,""
urn:cite:botcar:catesbyLabels.penLabel91.1,1 Schoenus stellata (marked through Schoenus coloratus Linn),urn:cite:botcar:sloane.91,urn:cite:fufolioimg:BotCarCatesbyHS.Catesby_HS212_045_0454,""
urn:cite:botcar:catesbyLabels.penLabel138.1,1. Angelica lucida Linn.,urn:cite:botcar:sloane.138,urn:cite:fufolioimg:BotCarCatesbyHS.Catesby_HS212_039_0479,""
urn:cite:botcar:catesbyLabels.penLabel287.1,1. Asclepias amoena Linn.,urn:cite:botcar:sloane.287,urn:cite:fufolioimg:BotCarCatesbyHS.Catesby_HS212_030_0486,""
urn:cite:botcar:catesbyLabels.penLabel222.1,1. Asclepias glabrata Mscr. 57,urn:cite:botcar:sloane.222,urn:cite:fufolioimg:BotCarCatesbyHS.Catesby_HS232_086_0564,""
urn:cite:botcar:catesbyLabels.penLabel177.1,1. Ascyrum crux andrea Linn.,urn:cite:botcar:sloane.177,urn:cite:fufolioimg:BotCarCatesbyHS.Catesby_HS212_050_0469,""
urn:cite:botcar:catesbyLabels.penLabel241.1,1. Carex nutans Mscr. 197,urn:cite:botcar:sloane.241,urn:cite:fufolioimg:BotCarCatesbyHS.Catesby_HS212_044_0463,""
urn:cite:botcar:catesbyLabels.penLabel244.1,1. Cassia occidentalis Linn.,urn:cite:botcar:sloane.244,urn:cite:fufolioimg:BotCarCatesbyHS.Catesby_HS212_081_0424,""
urn:cite:botcar:catesbyLabels.penLabel318.1,1. Clinopodium incanum Linn.,urn:cite:botcar:sloane.318,urn:cite:fufolioimg:BotCarCatesbyHS.Catesby_HS212_026_0487,""
urn:cite:botcar:catesbyLabels.penLabel20.1,1. Colymmia cordifolia Mscr. 181,urn:cite:botcar:sloane.20,urn:cite:fufolioimg:BotCarCatesbyHS.Catesby_HS212_034_0477,""
urn:cite:botcar:catesbyLabels.penLabel25.1,1. Fostera suaveolens Mscr. 177 Nov. gen.,urn:cite:botcar:sloane.25,urn:cite:fufolioimg:BotCarCatesbyHS.Catesby_HS212_033_0472,""
urn:cite:botcar:catesbyLabels.penLabel109.1,1. Kriegia lavigata Mscr. 49,urn:cite:botcar:sloane.109,urn:cite:fufolioimg:BotCarCatesbyHS.Catesby_HS212_067_0450,""
urn:cite:botcar:catesbyLabels.penLabel301.1,1. Ludwigia villosa Mscr. 18,urn:cite:botcar:sloane.301,urn:cite:fufolioimg:BotCarCatesbyHS.Catesby_HS212_052_0467,""
urn:cite:botcar:catesbyLabels.penLabel144.1,1. Lysimachia ciliata Linn.,urn:cite:botcar:sloane.144,urn:cite:fufolioimg:BotCarCatesbyHS.Catesby_HS212_037_0478,""
urn:cite:botcar:catesbyLabels.penLabel155.1,1. Nelia monocephala Mscr. 134 nov. gen.,urn:cite:botcar:sloane.155,urn:cite:fufolioimg:BotCarCatesbyHS.Catesby_HS212_090_0421,""
urn:cite:botcar:catesbyLabels.penLabel34.1,1. Olea americana Mscr 1,urn:cite:botcar:sloane.34,urn:cite:fufolioimg:BotCarCatesbyHS.Catesby_HS212_022_0484,""
urn:cite:botcar:catesbyLabels.penLabel236.1,1. Osmunda regalis. B. Linn.,urn:cite:botcar:sloane.236,urn:cite:fufolioimg:BotCarCatesbyHS.Catesby_HS232_077_0582,""
urn:cite:botcar:catesbyLabels.penLabel306.1,1. Podophyllum peltatum Linn.,urn:cite:botcar:sloane.306,urn:cite:fufolioimg:BotCarCatesbyHS.Catesby_HS212_063_0451,""
urn:cite:botcar:catesbyLabels.penLabel119.1,1. Polypodium Phegopteris Linn.,urn:cite:botcar:sloane.119,urn:cite:fufolioimg:BotCarCatesbyHS.Catesby_HS232_078_0576,""
urn:cite:botcar:catesbyLabels.penLabel4.1,1. Quercus rubra Linn.,urn:cite:botcar:sloane.4,urn:cite:fufolioimg:BotCarCatesbyHS.Catesby_HS212_078_0433,""
urn:cite:botcar:catesbyLabels.penLabel163.1,1. Rubus viminalis Mscr. 110,urn:cite:botcar:sloane.163,urn:cite:fufolioimg:BotCarCatesbyHS.Catesby_HS212_023_0489,""
urn:cite:botcar:catesbyLabels.penLabel217.1,1. Serratula paniculata Mscr. 152,urn:cite:botcar:sloane.217,urn:cite:fufolioimg:BotCarCatesbyHS.Catesby_HS212_096_0413,""
urn:cite:botcar:catesbyLabels.penLabel210.1,1. Serratula speciosa Mscr. 153,urn:cite:botcar:sloane.210,urn:cite:fufolioimg:BotCarCatesbyHS.Catesby_HS232_040_0621,""
urn:cite:botcar:catesbyLabels.penLabel104.1,1. Serratula squarrosa Linn.,urn:cite:botcar:sloane.104,urn:cite:fufolioimg:BotCarCatesbyHS.Catesby_HS212_054_0459,""
urn:cite:botcar:catesbyLabels.penLabel186.1,1. Solidago sempervirens Linn.,urn:cite:botcar:sloane.186,urn:cite:fufolioimg:BotCarCatesbyHS.Catesby_HS212_009_0502,""
urn:cite:botcar:catesbyLabels.penLabel157.1,1. Sophora cerulea Mscr.,urn:cite:botcar:sloane.157,urn:cite:fufolioimg:BotCarCatesbyHS.Catesby_HS212_020_0490,""
urn:cite:botcar:catesbyLabels.penLabel283.1,1. Veratrum viride Mscr. 209,urn:cite:botcar:sloane.283,urn:cite:fufolioimg:BotCarCatesbyHS.Catesby_HS212_036_0475,""
urn:cite:botcar:catesbyLabels.penLabel401.1,1. Zizania aquatica Linn.,urn:cite:botcar:sloane.401,urn:cite:fufolioimg:BotCarCatesbyHS.Catesby_HS212_088_0419,""
urn:cite:botcar:catesbyLabels.penLabel422.1,2 Acer Negundo Linn.,urn:cite:botcar:sloane.422,urn:cite:fufolioimg:BotCarCatesbyHS.Catesby_HS212_012_0493,""
urn:cite:botcar:catesbyLabels.penLabel191.1,2 Aitonia buchneroides Mscr 124 Verbena,urn:cite:botcar:sloane.191,urn:cite:fufolioimg:BotCarCatesbyHS.Catesby_HS212_022_0484,""
urn:cite:botcar:catesbyLabels.penLabel314.1,2 an Bidens,urn:cite:botcar:sloane.314,urn:cite:fufolioimg:BotCarCatesbyHS.Catesby_HS212_007_0504,""
urn:cite:botcar:catesbyLabels.penLabel310.1,2 Collinsonia canadensis Linn.,urn:cite:botcar:sloane.310,urn:cite:fufolioimg:BotCarCatesbyHS.Catesby_HS212_008_0506,""
urn:cite:botcar:catesbyLabels.penLabel22.1,2 Eriocaulon decangulare L.,urn:cite:botcar:sloane.22,urn:cite:fufolioimg:BotCarCatesbyHS.Catesby_HS212_041_0456,""
urn:cite:botcar:catesbyLabels.penLabel260.1,2 Fraxinus americana Linn. Sp. Pl. 1037,urn:cite:botcar:sloane.260,urn:cite:fufolioimg:BotCarCatesbyHS.Catesby_HS212_011_0500,""
urn:cite:botcar:catesbyLabels.penLabel320.1,2 Galega virginiana Linn.,urn:cite:botcar:sloane.320,urn:cite:fufolioimg:BotCarCatesbyHS.Catesby_HS212_056_0466,""
urn:cite:botcar:catesbyLabels.penLabel45.1,2 Lithospermum nervosum Mscr. 21,urn:cite:botcar:sloane.45,urn:cite:fufolioimg:BotCarCatesbyHS.Catesby_HS212_040_0457,""
urn:cite:botcar:catesbyLabels.penLabel315.1,2 Lycopus virginicus Linn.,urn:cite:botcar:sloane.315,urn:cite:fufolioimg:BotCarCatesbyHS.Catesby_HS212_009_0502,""
urn:cite:botcar:catesbyLabels.penLabel297.1,2 Melanthium elatum Mscr. 70,urn:cite:botcar:sloane.297,urn:cite:fufolioimg:BotCarCatesbyHS.Catesby_HS212_032_0476,""
urn:cite:botcar:catesbyLabels.penLabel294.1,2 Polygala foliosa Mscr. 136,urn:cite:botcar:sloane.294,urn:cite:fufolioimg:BotCarCatesbyHS.Catesby_HS212_031_0474,""
urn:cite:botcar:catesbyLabels.penLabel323.1,2 Polypodium rhoticum Linn.,urn:cite:botcar:sloane.323,urn:cite:fufolioimg:BotCarCatesbyHS.Catesby_HS232_079_0573,""
urn:cite:botcar:catesbyLabels.penLabel343.1,2 Scandix suaveolens Mscr.,urn:cite:botcar:sloane.343,urn:cite:fufolioimg:BotCarCatesbyHS.Catesby_HS212_034_0477,""
urn:cite:botcar:catesbyLabels.penLabel220.1,2 Serratula speciosa Mscr. 153,urn:cite:botcar:sloane.220,urn:cite:fufolioimg:BotCarCatesbyHS.Catesby_HS212_094_0408,""
urn:cite:botcar:catesbyLabels.penLabel418.1,2 Xyris indica Linn.; Xyris ambigua Beyr. det. Davis? 1967,urn:cite:botcar:sloane.418,urn:cite:fufolioimg:BotCarCatesbyHS.Catesby_HS212_042_0455,""
urn:cite:botcar:catesbyLabels.penLabel256.1,2. Amsonia alternifolia Mscr.,urn:cite:botcar:sloane.256,urn:cite:fufolioimg:BotCarCatesbyHS.Catesby_HS212_037_0478,""
urn:cite:botcar:catesbyLabels.penLabel309.1,2. Andromeda arborea Linn.,urn:cite:botcar:sloane.309,urn:cite:fufolioimg:BotCarCatesbyHS.Catesby_HS212_066_0440,""
urn:cite:botcar:catesbyLabels.penLabel69.1,2. Andromeda axillaris Inscr. 93,urn:cite:botcar:sloane.69,urn:cite:fufolioimg:BotCarCatesbyHS.Catesby_HS212_015_0496,""
urn:cite:botcar:catesbyLabels.penLabel351.1,2. Aniba ovata Mscr. 197 n. gen.,urn:cite:botcar:sloane.351,urn:cite:fufolioimg:BotCarCatesbyHS.Catesby_HS212_053_0458,""
urn:cite:botcar:catesbyLabels.penLabel331.1,2. Asclepias hirta Mser,urn:cite:botcar:sloane.331,urn:cite:fufolioimg:BotCarCatesbyHS.Catesby_HS212_030_0486,""
urn:cite:botcar:catesbyLabels.penLabel265.1,2. Ceanothus americanus Linn.,urn:cite:botcar:sloane.265,urn:cite:fufolioimg:BotCarCatesbyHS.Catesby_HS212_035_0480,""
urn:cite:botcar:catesbyLabels.penLabel356.1,2. Coreopsis lanceolata Linn.,urn:cite:botcar:sloane.356,urn:cite:fufolioimg:BotCarCatesbyHS.Catesby_HS212_020_0490,""
urn:cite:botcar:catesbyLabels.penLabel407.1,2. Hedysarum spicatum Mscr. 149,urn:cite:botcar:sloane.407,urn:cite:fufolioimg:BotCarCatesbyHS.Catesby_HS212_023_0489,""
urn:cite:botcar:catesbyLabels.penLabel30.1,2. Ludwigia alternifolia Linn.,urn:cite:botcar:sloane.30,urn:cite:fufolioimg:BotCarCatesbyHS.Catesby_HS212_052_0467,""
urn:cite:botcar:catesbyLabels.penLabel147.1,2. Lysimachia stellata Mscr. 25,urn:cite:botcar:sloane.147,urn:cite:fufolioimg:BotCarCatesbyHS.Catesby_HS212_036_0475,""
urn:cite:botcar:catesbyLabels.penLabel182.1,2. Medeola virginiana Linn.,urn:cite:botcar:sloane.182,urn:cite:fufolioimg:BotCarCatesbyHS.Catesby_HS232_048_0608,""
urn:cite:botcar:catesbyLabels.penLabel63.1,2. Philadelphus inodorus Linn. Sp. Pl 470!,urn:cite:botcar:sloane.63,urn:cite:fufolioimg:BotCarCatesbyHS.Catesby_HS212_016_0494,""
urn:cite:botcar:catesbyLabels.penLabel377.1,2. Polypodium auriculatum Linn.,urn:cite:botcar:sloane.377,urn:cite:fufolioimg:BotCarCatesbyHS.Catesby_HS232_077_0582,""
urn:cite:botcar:catesbyLabels.penLabel179.1,2. Serratula scariosa Linn.,urn:cite:botcar:sloane.179,urn:cite:fufolioimg:BotCarCatesbyHS.Catesby_HS232_042_0619,""
urn:cite:botcar:catesbyLabels.penLabel184.1,2. Sida rhombifolia Linn.,urn:cite:botcar:sloane.184,urn:cite:fufolioimg:BotCarCatesbyHS.Catesby_HS212_051_0468,""
urn:cite:botcar:catesbyLabels.penLabel16.1,2. Smilax pubescens Mscr. 207,urn:cite:botcar:sloane.16,urn:cite:fufolioimg:BotCarCatesbyHS.Catesby_HS212_095_0409,""
urn:cite:botcar:catesbyLabels.penLabel375.1,2. Teucrium spiciferum Mscr. 114,urn:cite:botcar:sloane.375,urn:cite:fufolioimg:BotCarCatesbyHS.Catesby_HS232_037_0618,""
urn:cite:botcar:catesbyLabels.penLabel218.1,2. Uniola paniculata Linn.,urn:cite:botcar:sloane.218,urn:cite:fufolioimg:BotCarCatesbyHS.Catesby_HS232_056_0602,""
urn:cite:botcar:catesbyLabels.penLabel336.1,2. Uniola paniculata Linn.,urn:cite:botcar:sloane.336,urn:cite:fufolioimg:BotCarCatesbyHS.Catesby_HS232_103_0552,""
urn:cite:botcar:catesbyLabels.penLabel270.1,2. Veratrum longifolium Mscr. 209,urn:cite:botcar:sloane.270,urn:cite:fufolioimg:BotCarCatesbyHS.Catesby_HS212_029_0481,""
urn:cite:botcar:catesbyLabels.penLabel13.1,3 Commelina virginica L.,urn:cite:botcar:sloane.13,urn:cite:fufolioimg:BotCarCatesbyHS.Catesby_HS212_057_0437,""
urn:cite:botcar:catesbyLabels.penLabel23.1,3 Coreopsis stellata Mscr. 175,urn:cite:botcar:sloane.23,urn:cite:fufolioimg:BotCarCatesbyHS.Catesby_HS212_033_0472,""
urn:cite:botcar:catesbyLabels.penLabel298.1,3 Erigeron jamaicense Linn.,urn:cite:botcar:sloane.298,urn:cite:fufolioimg:BotCarCatesbyHS.Catesby_HS212_040_0457,""
urn:cite:botcar:catesbyLabels.penLabel11.1,3 Juncus globulus Mscr. 68,urn:cite:botcar:sloane.11,urn:cite:fufolioimg:BotCarCatesbyHS.Catesby_HS212_043_0464,""
urn:cite:botcar:catesbyLabels.penLabel171.1,3 Ludwigia villosa Mscr. 18,urn:cite:botcar:sloane.171,urn:cite:fufolioimg:BotCarCatesbyHS.Catesby_HS212_047_0470,""
urn:cite:botcar:catesbyLabels.penLabel74.1,3 Polygala cruciata Linn.,urn:cite:botcar:sloane.74,urn:cite:fufolioimg:BotCarCatesbyHS.Catesby_HS212_021_0485,""
urn:cite:botcar:catesbyLabels.penLabel43.1,3 Salvia lyrata Linn,urn:cite:botcar:sloane.43,urn:cite:fufolioimg:BotCarCatesbyHS.Catesby_HS212_022_0484,""
urn:cite:botcar:catesbyLabels.penLabel72.1,3 Sarracenia flava Linn.,urn:cite:botcar:sloane.72,urn:cite:fufolioimg:BotCarCatesbyHS.Catesby_HS212_020_0490,""
urn:cite:botcar:catesbyLabels.penLabel253.1,3 Sarracenia flava Linn.,urn:cite:botcar:sloane.253,urn:cite:fufolioimg:BotCarCatesbyHS.Catesby_HS212_045_0454,""
urn:cite:botcar:catesbyLabels.penLabel414.1,3 Scandix suaveolens Mscr. 62,urn:cite:botcar:sloane.414,urn:cite:fufolioimg:BotCarCatesbyHS.Catesby_HS212_032_0476,""
urn:cite:botcar:catesbyLabels.penLabel87.1,3. Asclepias nivea Linn.,urn:cite:botcar:sloane.87,urn:cite:fufolioimg:BotCarCatesbyHS.Catesby_HS212_018_0492,""
urn:cite:botcar:catesbyLabels.penLabel266.1,3. Asclepias verticillata Linn.,urn:cite:botcar:sloane.266,urn:cite:fufolioimg:BotCarCatesbyHS.Catesby_HS212_030_0486,""
urn:cite:botcar:catesbyLabels.penLabel101.1,3. Borlacea tenera. Mscr. 95,urn:cite:botcar:sloane.101,urn:cite:fufolioimg:BotCarCatesbyHS.Catesby_HS212_016_0494,""
urn:cite:botcar:catesbyLabels.penLabel185.1,3. Chrysocoma graminifolia Linn.,urn:cite:botcar:sloane.185,urn:cite:fufolioimg:BotCarCatesbyHS.Catesby_HS212_009_0502,""
urn:cite:botcar:catesbyLabels.penLabel118.1,3. Convallaria racemosa Linn.,urn:cite:botcar:sloane.118,urn:cite:fufolioimg:BotCarCatesbyHS.Catesby_HS212_060_0445,""
urn:cite:botcar:catesbyLabels.penLabel281.1,3. Convolvulus hederaceus Linn.,urn:cite:botcar:sloane.281,urn:cite:fufolioimg:BotCarCatesbyHS.Catesby_HS212_034_0477,""
urn:cite:botcar:catesbyLabels.penLabel81.1,3. Dioscorea verticillata Mscr. 207,urn:cite:botcar:sloane.81,urn:cite:fufolioimg:BotCarCatesbyHS.Catesby_HS212_017_0495,""
urn:cite:botcar:catesbyLabels.penLabel71.1,3. Lobelia Pedicularis Mscr. 188,urn:cite:botcar:sloane.71,urn:cite:fufolioimg:BotCarCatesbyHS.Catesby_HS232_048_0608,""
urn:cite:botcar:catesbyLabels.penLabel76.1,3. Nymphaea alba Linn.,urn:cite:botcar:sloane.76,urn:cite:fufolioimg:BotCarCatesbyHS.Catesby_HS212_023_0489,""
urn:cite:botcar:catesbyLabels.penLabel359.1,3. Pedicularis dissilimis Mscr. 119,urn:cite:botcar:sloane.359,urn:cite:fufolioimg:BotCarCatesbyHS.Catesby_HS212_019_0491,""
urn:cite:botcar:catesbyLabels.penLabel181.1,3. Serratula paniculata Mscr. 152,urn:cite:botcar:sloane.181,urn:cite:fufolioimg:BotCarCatesbyHS.Catesby_HS232_040_0621,""
urn:cite:botcar:catesbyLabels.penLabel176.1,3. Serratula scariosa Linn.,urn:cite:botcar:sloane.176,urn:cite:fufolioimg:BotCarCatesbyHS.Catesby_HS212_053_0458,""
urn:cite:botcar:catesbyLabels.penLabel216.1,3. Serratula speciosa Mscr. 153,urn:cite:botcar:sloane.216,urn:cite:fufolioimg:BotCarCatesbyHS.Catesby_HS212_092_0418,""
urn:cite:botcar:catesbyLabels.penLabel288.1,3. Thapsia trifoliata Linn. Mscr. 63; an Aralia spec.,urn:cite:botcar:sloane.288,urn:cite:fufolioimg:BotCarCatesbyHS.Catesby_HS212_037_0478,""
urn:cite:botcar:catesbyLabels.penLabel286.1,4 Asclepias glabrata Meyer 57,urn:cite:botcar:sloane.286,urn:cite:fufolioimg:BotCarCatesbyHS.Catesby_HS212_030_0486,""
urn:cite:botcar:catesbyLabels.penLabel24.1,4 Eryngium foetidum Linn.,urn:cite:botcar:sloane.24,urn:cite:fufolioimg:BotCarCatesbyHS.Catesby_HS212_041_0456,""
urn:cite:botcar:catesbyLabels.penLabel160.1,4 Silene virginica Linn.,urn:cite:botcar:sloane.160,urn:cite:fufolioimg:BotCarCatesbyHS.Catesby_HS212_018_0492,""
urn:cite:botcar:catesbyLabels.penLabel393.1,4. fr. H.S. 7A. 30,urn:cite:botcar:sloane.393,urn:cite:fufolioimg:BotCarCatesbyHS.Catesby_HS212_010_0505,""
urn:cite:botcar:catesbyLabels.penLabel367.1,4. Nelia eriocephala Mscr. 134 nov. gen.,urn:cite:botcar:sloane.367,urn:cite:fufolioimg:BotCarCatesbyHS.Catesby_HS232_030_0623,""
urn:cite:botcar:catesbyLabels.penLabel334.1,4. Shoenus glomeratus Linn.,urn:cite:botcar:sloane.334,urn:cite:fufolioimg:BotCarCatesbyHS.Catesby_HS212_043_0464,""
urn:cite:botcar:catesbyLabels.penLabel352.1,4. Sida rhombifolia Linn.,urn:cite:botcar:sloane.352,urn:cite:fufolioimg:BotCarCatesbyHS.Catesby_HS212_050_0469,""
urn:cite:botcar:catesbyLabels.penLabel83.1,4. Tusilago integrifolia Mscr. 164,urn:cite:botcar:sloane.83,urn:cite:fufolioimg:BotCarCatesbyHS.Catesby_HS212_035_0480,""
urn:cite:botcar:catesbyLabels.penLabel132.1,4. Viola angustifolia Mscr. 189,urn:cite:botcar:sloane.132,urn:cite:fufolioimg:BotCarCatesbyHS.Catesby_HS212_034_0477,""
urn:cite:botcar:catesbyLabels.penLabel259.1,5. Clethra alnifolia Linn.,urn:cite:botcar:sloane.259,urn:cite:fufolioimg:BotCarCatesbyHS.Catesby_HS212_050_0469,""
urn:cite:botcar:catesbyLabels.penLabel232.1,5. Vaccinium clavatum Mscr. 76,urn:cite:botcar:sloane.232,urn:cite:fufolioimg:BotCarCatesbyHS.Catesby_HS212_060_0445,""
urn:cite:botcar:catesbyLabels.penLabel372.1,Acer rubrum Linn,urn:cite:botcar:sloane.372,urn:cite:fufolioimg:BotCarCatesbyHS.Catesby_HS212_014_0498,""
urn:cite:botcar:catesbyLabels.penLabel246.1,Allium inodorum Ms.,urn:cite:botcar:sloane.246,urn:cite:fufolioimg:BotCarCatesbyHS.Catesby_HS212_036_0475,""
urn:cite:botcar:catesbyLabels.penLabel242.1,Aruba ovata Mscr 197 nov. gens,urn:cite:botcar:sloane.242,urn:cite:fufolioimg:BotCarCatesbyHS.Catesby_HS232_065_0592,""
urn:cite:botcar:catesbyLabels.penLabel324.1,Asclepias floridana Mscr. 57,urn:cite:botcar:sloane.324,urn:cite:fufolioimg:BotCarCatesbyHS.Catesby_HS232_083_0572,""
urn:cite:botcar:catesbyLabels.penLabel273.1,Asclepias nivea Linn.,urn:cite:botcar:sloane.273,urn:cite:fufolioimg:BotCarCatesbyHS.Catesby_HS232_122_0536,""
urn:cite:botcar:catesbyLabels.penLabel387.1,Bidens frondosa Linn.,urn:cite:botcar:sloane.387,urn:cite:fufolioimg:BotCarCatesbyHS.Catesby_HS212_008_0506,""
urn:cite:botcar:catesbyLabels.penLabel239.1,Black Oak Catesby T. 19,urn:cite:botcar:sloane.239,urn:cite:fufolioimg:BotCarCatesbyHS.Catesby_HS232_093_0567,""
urn:cite:botcar:catesbyLabels.penLabel105.1,Blake Wallnut,urn:cite:botcar:sloane.105,urn:cite:fufolioimg:BotCarCatesbyHS.Catesby_HS232_094_0560,""
urn:cite:botcar:catesbyLabels.penLabel166.1,Brunnickia cirrhosa Mscr. 96 nov. gen.,urn:cite:botcar:sloane.166,urn:cite:fufolioimg:BotCarCatesbyHS.Catesby_HS232_101_0553,""
urn:cite:botcar:catesbyLabels.penLabel47.1,Calycanthus floridus Linn. Spl. ed. 10 1066,urn:cite:botcar:sloane.47,urn:cite:fufolioimg:BotCarCatesbyHS.Catesby_HS212_016_0494,""
urn:cite:botcar:catesbyLabels.penLabel82.1,Campanula perfoliata Linn.,urn:cite:botcar:sloane.82,urn:cite:fufolioimg:BotCarCatesbyHS.Catesby_HS212_031_0474,""
urn:cite:botcar:catesbyLabels.penLabel388.1,Chironia angularis Linn.,urn:cite:botcar:sloane.388,urn:cite:fufolioimg:BotCarCatesbyHS.Catesby_HS212_007_0504,""
urn:cite:botcar:catesbyLabels.penLabel190.1,Chrysocoma linifolia Mscr. 156,urn:cite:botcar:sloane.190,urn:cite:fufolioimg:BotCarCatesbyHS.Catesby_HS212_074_0434,""
urn:cite:botcar:catesbyLabels.penLabel192.1,Commelina virginica Linn.,urn:cite:botcar:sloane.192,urn:cite:fufolioimg:BotCarCatesbyHS.Catesby_HS212_006_0499,""
urn:cite:botcar:catesbyLabels.penLabel412.1,Cornus florida Linn. Sp. Pl. 117,urn:cite:botcar:sloane.412,urn:cite:fufolioimg:BotCarCatesbyHS.Catesby_HS212_005_0503,""
urn:cite:botcar:catesbyLabels.penLabel402.1,Crinos villosus Inscr 69,urn:cite:botcar:sloane.402,urn:cite:fufolioimg:BotCarCatesbyHS.Catesby_HS212_015_0496,""
urn:cite:botcar:catesbyLabels.penLabel231.1,Dogwood,urn:cite:botcar:sloane.231,urn:cite:fufolioimg:BotCarCatesbyHS.Catesby_HS232_089_0568,""
urn:cite:botcar:catesbyLabels.penLabel21.1,Fagus pumila Linn.,urn:cite:botcar:sloane.21,urn:cite:fufolioimg:BotCarCatesbyHS.Catesby_HS232_036_0622,""
urn:cite:botcar:catesbyLabels.penLabel409.1,Gnaphalium hirtum Mscr. 160,urn:cite:botcar:sloane.409,urn:cite:fufolioimg:BotCarCatesbyHS.Catesby_HS212_035_0480,""
urn:cite:botcar:catesbyLabels.penLabel238.1,Hamamelis virginiana Linn. (in pencil: Sp. Pl. 124!),urn:cite:botcar:sloane.238,urn:cite:fufolioimg:BotCarCatesbyHS.Catesby_HS212_004_0501,""
urn:cite:botcar:catesbyLabels.penLabel364.1,Hedyglarum volubile Linn.,urn:cite:botcar:sloane.364,urn:cite:fufolioimg:BotCarCatesbyHS.Catesby_HS212_091_0414,""
urn:cite:botcar:catesbyLabels.penLabel262.1,Hypericum Lasianthus Linn. Sp. Pl. 783,urn:cite:botcar:sloane.262,urn:cite:fufolioimg:BotCarCatesbyHS.Catesby_HS212_013_0497,""
urn:cite:botcar:catesbyLabels.penLabel347.1,Impatiens americana Mscr. 190,urn:cite:botcar:sloane.347,urn:cite:fufolioimg:BotCarCatesbyHS.Catesby_HS232_074_0580,""
urn:cite:botcar:catesbyLabels.penLabel280.1,Indigofera tinctoria. 1061.1,urn:cite:botcar:sloane.280,urn:cite:fufolioimg:BotCarCatesbyHS.Catesby_HS232_106_0546,""
urn:cite:botcar:catesbyLabels.penLabel117.1,Juglans alba: Linn. Sp. Pl. 997,urn:cite:botcar:sloane.117,urn:cite:fufolioimg:BotCarCatesbyHS.Catesby_HS212_003_0509,""
urn:cite:botcar:catesbyLabels.penLabel243.1,Liquidambar styraciflua L.,urn:cite:botcar:sloane.243,urn:cite:fufolioimg:BotCarCatesbyHS.Catesby_HS212_079_0432,""
urn:cite:botcar:catesbyLabels.penLabel389.1,Liriodendron Tulipifera Linn.,urn:cite:botcar:sloane.389,urn:cite:fufolioimg:BotCarCatesbyHS.Catesby_HS212_080_0431,""
urn:cite:botcar:catesbyLabels.penLabel211.1,Lobelia laevigata Mscr 188,urn:cite:botcar:sloane.211,urn:cite:fufolioimg:BotCarCatesbyHS.Catesby_HS212_007_0504,""
urn:cite:botcar:catesbyLabels.penLabel224.1,Lycopodium alopecuroides Linn.,urn:cite:botcar:sloane.224,urn:cite:fufolioimg:BotCarCatesbyHS.Catesby_HS212_026_0487,""
urn:cite:botcar:catesbyLabels.penLabel73.1,Menispermum canadense Linn.,urn:cite:botcar:sloane.73,urn:cite:fufolioimg:BotCarCatesbyHS.Catesby_HS212_021_0485,""
urn:cite:botcar:catesbyLabels.penLabel35.1,Monarda punctata Linn.,urn:cite:botcar:sloane.35,urn:cite:fufolioimg:BotCarCatesbyHS.Catesby_HS212_006_0499,""
urn:cite:botcar:catesbyLabels.penLabel392.1,Pedicularis umbellifera Mscr.,urn:cite:botcar:sloane.392,urn:cite:fufolioimg:BotCarCatesbyHS.Catesby_HS212_019_0491,""
urn:cite:botcar:catesbyLabels.penLabel251.1,Physalis angulata Linn.,urn:cite:botcar:sloane.251,urn:cite:fufolioimg:BotCarCatesbyHS.Catesby_HS212_047_0470,""
urn:cite:botcar:catesbyLabels.penLabel161.1,Polypremum procumbens Linn.,urn:cite:botcar:sloane.161,urn:cite:fufolioimg:BotCarCatesbyHS.Catesby_HS232_136_0522,""
urn:cite:botcar:catesbyLabels.penLabel406.1,Pontederia cordata Linn.,urn:cite:botcar:sloane.406,urn:cite:fufolioimg:BotCarCatesbyHS.Catesby_HS212_019_0491,""
urn:cite:botcar:catesbyLabels.penLabel151.1,Pontederia cordata Linn.,urn:cite:botcar:sloane.151,urn:cite:fufolioimg:BotCarCatesbyHS.Catesby_HS232_067_0591,""
urn:cite:botcar:catesbyLabels.penLabel8.1,Quercus Prinus Linn.,urn:cite:botcar:sloane.8,urn:cite:fufolioimg:BotCarCatesbyHS.Catesby_HS232_014_0642,""
urn:cite:botcar:catesbyLabels.penLabel391.1,Quercus Prinus Linn. Sp. Pl. 995,urn:cite:botcar:sloane.391,urn:cite:fufolioimg:BotCarCatesbyHS.Catesby_HS212_005_0503,""
urn:cite:botcar:catesbyLabels.penLabel268.1,Quercus rubra Linn.; Red Oak,urn:cite:botcar:sloane.268,urn:cite:fufolioimg:BotCarCatesbyHS.Catesby_HS232_088_0566,""
urn:cite:botcar:catesbyLabels.penLabel131.1,R.H. 183,urn:cite:botcar:sloane.131,urn:cite:fufolioimg:BotCarCatesbyHS.Catesby_HS232_039_0616,""
urn:cite:botcar:catesbyLabels.penLabel258.1,Rhexia glabrata Mscr. det Lewis 1967 (blue ballpoint pen),urn:cite:botcar:sloane.258,urn:cite:fufolioimg:BotCarCatesbyHS.Catesby_HS212_043_0464,""
urn:cite:botcar:catesbyLabels.penLabel75.1,Sarracenia flava Linn.,urn:cite:botcar:sloane.75,urn:cite:fufolioimg:BotCarCatesbyHS.Catesby_HS212_021_0485,""
urn:cite:botcar:catesbyLabels.penLabel396.1,Saururus cernuus Linn.,urn:cite:botcar:sloane.396,urn:cite:fufolioimg:BotCarCatesbyHS.Catesby_HS232_082_0575,""
urn:cite:botcar:catesbyLabels.penLabel85.1,Scutellaria laterifolia Linn.,urn:cite:botcar:sloane.85,urn:cite:fufolioimg:BotCarCatesbyHS.Catesby_HS212_027_0483,""
urn:cite:botcar:catesbyLabels.penLabel325.1,Serratula secunda Mscr. 152,urn:cite:botcar:sloane.325,urn:cite:fufolioimg:BotCarCatesbyHS.Catesby_HS232_111_0542,""
urn:cite:botcar:catesbyLabels.penLabel395.1,Silphium asteriscus Linn.,urn:cite:botcar:sloane.395,urn:cite:fufolioimg:BotCarCatesbyHS.Catesby_HS212_018_0492,""
urn:cite:botcar:catesbyLabels.penLabel424.1,Sophora perfoliata Mscr. 88,urn:cite:botcar:sloane.424,urn:cite:fufolioimg:BotCarCatesbyHS.Catesby_HS212_058b_0453,""
urn:cite:botcar:catesbyLabels.penLabel202.1,Sophora perfoliata Mscr. 88,urn:cite:botcar:sloane.202,urn:cite:fufolioimg:BotCarCatesbyHS.Catesby_HS232_072_0584,""
urn:cite:botcar:catesbyLabels.penLabel18.1,Sophora tinctoria Linn.,urn:cite:botcar:sloane.18,urn:cite:fufolioimg:BotCarCatesbyHS.Catesby_HS212_028_0482,""
urn:cite:botcar:catesbyLabels.penLabel207.1,Stachys intermedia Mscr.,urn:cite:botcar:sloane.207,urn:cite:fufolioimg:BotCarCatesbyHS.Catesby_HS212_029_0481,""
urn:cite:botcar:catesbyLabels.penLabel234.1,Taxodium ascendens@ Det. Glynn Church 9.2007,urn:cite:botcar:sloane.234,urn:cite:fufolioimg:BotCarCatesbyHS.Catesby_HS232_085_0578,""
urn:cite:botcar:catesbyLabels.penLabel420.1,Water Oak Catesby T.20,urn:cite:botcar:sloane.420,urn:cite:fufolioimg:BotCarCatesbyHS.Catesby_HS232_096_0562,""
urn:cite:botcar:catesbyLabels.penLabel233.1,White Oak,urn:cite:botcar:sloane.233,urn:cite:fufolioimg:BotCarCatesbyHS.Catesby_HS232_091_0565,""
urn:cite:botcar:catesbyLabels.penLabel55.1,Willow Oak,urn:cite:botcar:sloane.55,urn:cite:fufolioimg:BotCarCatesbyHS.Catesby_HS232_098_0558,""
urn:cite:botcar:catesbyLabels.penOnPage319.1,68.3,urn:cite:botcar:sloane.319,urn:cite:fufolioimg:BotCarCatesbyHS.Catesby_HS212_054_0459,""
urn:cite:botcar:catesbyLabels.penOnPage370.1,206.16,urn:cite:botcar:sloane.370,urn:cite:fufolioimg:BotCarCatesbyHS.Catesby_HS212_094_0408,""
urn:cite:botcar:catesbyLabels.penOnPage424.1,465,urn:cite:botcar:sloane.424,urn:cite:fufolioimg:BotCarCatesbyHS.Catesby_HS212_058b_0453,""
urn:cite:botcar:catesbyLabels.penOnPage192.1,1 Pluck. 74. f.4. S. 566.8,urn:cite:botcar:sloane.192,urn:cite:fufolioimg:BotCarCatesbyHS.Catesby_HS212_006_0499,""
urn:cite:botcar:catesbyLabels.penOnPage40.1,1 Thalictrum cornutis Linn.,urn:cite:botcar:sloane.40,urn:cite:fufolioimg:BotCarCatesbyHS.Catesby_HS212_029_0481,""
urn:cite:botcar:catesbyLabels.penOnPage363.1,3   R.H. 208,urn:cite:botcar:sloane.363,urn:cite:fufolioimg:BotCarCatesbyHS.Catesby_HS212_058b_0453,""
urn:cite:botcar:catesbyLabels.penOnPage390.1,3 Pluck. T. 101 f.2.  R.S. 242.1.,urn:cite:botcar:sloane.390,urn:cite:fufolioimg:BotCarCatesbyHS.Catesby_HS212_006_0499,""
urn:cite:botcar:catesbyLabels.penOnPage145.1,Anomis caroliniana floribus luteis in spicam longissima dispositis; R.S. 468,urn:cite:botcar:sloane.145,urn:cite:fufolioimg:BotCarCatesbyHS.Catesby_HS212_053_0458,""
urn:cite:botcar:catesbyLabels.penOnPage95.1,Catesby Fab. 44. R.S. 520,urn:cite:botcar:sloane.95,urn:cite:fufolioimg:BotCarCatesbyHS.Catesby_HS232_050_0605,""
urn:cite:botcar:catesbyLabels.penOnPage169.1,Catesby i.60 R.H.S. App. 4,urn:cite:botcar:sloane.169,urn:cite:fufolioimg:BotCarCatesbyHS.Catesby_HS232_052_0604,""
urn:cite:botcar:catesbyLabels.penOnPage233.1,Catesby T.21. R.H.S.P. 7,urn:cite:botcar:sloane.233,urn:cite:fufolioimg:BotCarCatesbyHS.Catesby_HS232_091_0565,""
urn:cite:botcar:catesbyLabels.penOnPage172.1,Catesby T.34. R.H. 1417,urn:cite:botcar:sloane.172,urn:cite:fufolioimg:BotCarCatesbyHS.Catesby_HS232_052_0604,""
urn:cite:botcar:catesbyLabels.penOnPage234.1,Cypress; R.H.S.P. 9,urn:cite:botcar:sloane.234,urn:cite:fufolioimg:BotCarCatesbyHS.Catesby_HS232_085_0578,""
urn:cite:botcar:catesbyLabels.penOnPage208.1,Gratiola mariana,urn:cite:botcar:sloane.208,urn:cite:fufolioimg:BotCarCatesbyHS.Catesby_HS212_047_0470,""
urn:cite:botcar:catesbyLabels.penOnPage91.1,Hist. Fam. 1.7.78. f.1 R.H.S. 614.10,urn:cite:botcar:sloane.91,urn:cite:fufolioimg:BotCarCatesbyHS.Catesby_HS212_045_0454,""
urn:cite:botcar:catesbyLabels.penOnPage266.1,Pl. T. 336 f. 3.; R.S. 538.58 & 535 p. 40.,urn:cite:botcar:sloane.266,urn:cite:fufolioimg:BotCarCatesbyHS.Catesby_HS212_030_0486,""
urn:cite:botcar:catesbyLabels.penOnPage66.1,Pl. T. 76 f. 52 B.S. 547.562,urn:cite:botcar:sloane.66,urn:cite:fufolioimg:BotCarCatesbyHS.Catesby_HS212_017_0495,""
urn:cite:botcar:catesbyLabels.penOnPage421.1,Platanus Occid. (on label); R.H. 1707,urn:cite:botcar:sloane.421,urn:cite:fufolioimg:BotCarCatesbyHS.Catesby_HS212_068_0449,""
urn:cite:botcar:catesbyLabels.penOnPage160.1,Pluck T. 203 f.1. R.H.S. 488 63,urn:cite:botcar:sloane.160,urn:cite:fufolioimg:BotCarCatesbyHS.Catesby_HS212_018_0492,""
urn:cite:botcar:catesbyLabels.penOnPage232.1,Pluck T. 339. f. 2. R.S.P. 131.28,urn:cite:botcar:sloane.232,urn:cite:fufolioimg:BotCarCatesbyHS.Catesby_HS212_060_0445,""
urn:cite:botcar:catesbyLabels.penOnPage417.1,Pluck T. 339. f. 4 R. Suppl. D 46. 17,urn:cite:botcar:sloane.417,urn:cite:fufolioimg:BotCarCatesbyHS.Catesby_HS212_015_0496,""
urn:cite:botcar:catesbyLabels.penOnPage200.1,Pluck T. 438.8 R.S. 639,urn:cite:botcar:sloane.200,urn:cite:fufolioimg:BotCarCatesbyHS.Catesby_HS212_049_0461,""
urn:cite:botcar:catesbyLabels.penOnPage85.1,Pluck T. 442.f.2  R.S. 320,urn:cite:botcar:sloane.85,urn:cite:fufolioimg:BotCarCatesbyHS.Catesby_HS212_027_0483,""
urn:cite:botcar:catesbyLabels.penOnPage98.1,Pr. S. 496 M. Serip,urn:cite:botcar:sloane.98,urn:cite:fufolioimg:BotCarCatesbyHS.Catesby_HS212_018_0492,""
urn:cite:botcar:catesbyLabels.penOnPage253.1,R. H. 1344,urn:cite:botcar:sloane.253,urn:cite:fufolioimg:BotCarCatesbyHS.Catesby_HS212_045_0454,""
urn:cite:botcar:catesbyLabels.penOnPage89.1,R. H. 1344,urn:cite:botcar:sloane.89,urn:cite:fufolioimg:BotCarCatesbyHS.Catesby_HS212_047_0470,""
urn:cite:botcar:catesbyLabels.penOnPage372.1,R. H. 1681 & 1799,urn:cite:botcar:sloane.372,urn:cite:fufolioimg:BotCarCatesbyHS.Catesby_HS212_014_0498,""
urn:cite:botcar:catesbyLabels.penOnPage260.1,R. H. 1702,urn:cite:botcar:sloane.260,urn:cite:fufolioimg:BotCarCatesbyHS.Catesby_HS212_011_0500,""
urn:cite:botcar:catesbyLabels.penOnPage391.1,R. H. 1916,urn:cite:botcar:sloane.391,urn:cite:fufolioimg:BotCarCatesbyHS.Catesby_HS212_005_0503,""
urn:cite:botcar:catesbyLabels.penOnPage331.1,R. S. 533,urn:cite:botcar:sloane.331,urn:cite:fufolioimg:BotCarCatesbyHS.Catesby_HS212_030_0486,""
urn:cite:botcar:catesbyLabels.penOnPage72.1,R.H 1344.2 Pl. T. 76,urn:cite:botcar:sloane.72,urn:cite:fufolioimg:BotCarCatesbyHS.Catesby_HS212_020_0490,""
urn:cite:botcar:catesbyLabels.penOnPage76.1,R.H. 1320,urn:cite:botcar:sloane.76,urn:cite:fufolioimg:BotCarCatesbyHS.Catesby_HS212_023_0489,""
urn:cite:botcar:catesbyLabels.penOnPage137.1,R.H. 1426,urn:cite:botcar:sloane.137,urn:cite:fufolioimg:BotCarCatesbyHS.Catesby_HS212_070_0443,""
urn:cite:botcar:catesbyLabels.penOnPage243.1,R.H. 1681.etc.,urn:cite:botcar:sloane.243,urn:cite:fufolioimg:BotCarCatesbyHS.Catesby_HS212_079_0432,""
urn:cite:botcar:catesbyLabels.penOnPage127.1,R.H. 1695,urn:cite:botcar:sloane.127,urn:cite:fufolioimg:BotCarCatesbyHS.Catesby_HS212_069_0438,""
urn:cite:botcar:catesbyLabels.penOnPage188.1,R.H. 1721,urn:cite:botcar:sloane.188,urn:cite:fufolioimg:BotCarCatesbyHS.Catesby_HS212_064_0442,""
urn:cite:botcar:catesbyLabels.penOnPage194.1,R.H. 1721,urn:cite:botcar:sloane.194,urn:cite:fufolioimg:BotCarCatesbyHS.Catesby_HS212_065_0441,""
urn:cite:botcar:catesbyLabels.penOnPage431.1,R.H. 1768 Bignonia etc.,urn:cite:botcar:sloane.431,urn:cite:fufolioimg:BotCarCatesbyHS.Catesby_HS212_061_0444,""
urn:cite:botcar:catesbyLabels.penOnPage262.1,R.H. 1798,urn:cite:botcar:sloane.262,urn:cite:fufolioimg:BotCarCatesbyHS.Catesby_HS212_013_0497,""
urn:cite:botcar:catesbyLabels.penOnPage389.1,R.H. 1798,urn:cite:botcar:sloane.389,urn:cite:fufolioimg:BotCarCatesbyHS.Catesby_HS212_080_0431,""
urn:cite:botcar:catesbyLabels.penOnPage68.1,R.H. 1845.7,urn:cite:botcar:sloane.68,urn:cite:fufolioimg:BotCarCatesbyHS.Catesby_HS212_077_0425,""
urn:cite:botcar:catesbyLabels.penOnPage48.1,R.H. 1904,urn:cite:botcar:sloane.48,urn:cite:fufolioimg:BotCarCatesbyHS.Catesby_HS232_068_0589,""
urn:cite:botcar:catesbyLabels.penOnPage8.1,R.H. 1916,urn:cite:botcar:sloane.8,urn:cite:fufolioimg:BotCarCatesbyHS.Catesby_HS232_014_0642,""
urn:cite:botcar:catesbyLabels.penOnPage50.1,R.H. 1926,urn:cite:botcar:sloane.50,urn:cite:fufolioimg:BotCarCatesbyHS.Catesby_HS232_109_0550,""
urn:cite:botcar:catesbyLabels.penOnPage182.1,R.H. 1927,urn:cite:botcar:sloane.182,urn:cite:fufolioimg:BotCarCatesbyHS.Catesby_HS232_048_0608,""
urn:cite:botcar:catesbyLabels.penOnPage257.1,R.H. 294,urn:cite:botcar:sloane.257,urn:cite:fufolioimg:BotCarCatesbyHS.Catesby_HS212_049_0461,""
urn:cite:botcar:catesbyLabels.penOnPage118.1,R.H. 666,urn:cite:botcar:sloane.118,urn:cite:fufolioimg:BotCarCatesbyHS.Catesby_HS212_060_0445,""
urn:cite:botcar:catesbyLabels.penOnPage306.1,R.H. 671,urn:cite:botcar:sloane.306,urn:cite:fufolioimg:BotCarCatesbyHS.Catesby_HS212_063_0451,""
urn:cite:botcar:catesbyLabels.penOnPage82.1,R.H. 743,urn:cite:botcar:sloane.82,urn:cite:fufolioimg:BotCarCatesbyHS.Catesby_HS212_031_0474,""
urn:cite:botcar:catesbyLabels.penOnPage108.1,R.H. 912.1,urn:cite:botcar:sloane.108,urn:cite:fufolioimg:BotCarCatesbyHS.Catesby_HS212_001_0507,""
urn:cite:botcar:catesbyLabels.penOnPage88.1,R.H. 937,urn:cite:botcar:sloane.88,urn:cite:fufolioimg:BotCarCatesbyHS.Catesby_HS232_138_0517,""
urn:cite:botcar:catesbyLabels.penOnPage209.1,R.H. S. 300,urn:cite:botcar:sloane.209,urn:cite:fufolioimg:BotCarCatesbyHS.Catesby_HS212_048_0462,""
urn:cite:botcar:catesbyLabels.penOnPage170.1,R.H. S. 492,urn:cite:botcar:sloane.170,urn:cite:fufolioimg:BotCarCatesbyHS.Catesby_HS232_054_0603,""
urn:cite:botcar:catesbyLabels.penOnPage74.1,R.H. S. 639 n; Pl. T. 438.4,urn:cite:botcar:sloane.74,urn:cite:fufolioimg:BotCarCatesbyHS.Catesby_HS212_021_0485,""
urn:cite:botcar:catesbyLabels.penOnPage179.1,R.H.???,urn:cite:botcar:sloane.179,urn:cite:fufolioimg:BotCarCatesbyHS.Catesby_HS232_042_0619,""
urn:cite:botcar:catesbyLabels.penOnPage203.1,R.H.S. 106,urn:cite:botcar:sloane.203,urn:cite:fufolioimg:BotCarCatesbyHS.Catesby_HS232_071_0587,""
urn:cite:botcar:catesbyLabels.penOnPage204.1,R.H.S. 153,urn:cite:botcar:sloane.204,urn:cite:fufolioimg:BotCarCatesbyHS.Catesby_HS232_073_0585,""
urn:cite:botcar:catesbyLabels.penOnPage58.1,R.H.S. 162,urn:cite:botcar:sloane.58,urn:cite:fufolioimg:BotCarCatesbyHS.Catesby_HS232_042_0619,""
urn:cite:botcar:catesbyLabels.penOnPage140.1,R.H.S. 163,urn:cite:botcar:sloane.140,urn:cite:fufolioimg:BotCarCatesbyHS.Catesby_HS232_064_0594,""
urn:cite:botcar:catesbyLabels.penOnPage129.1,R.H.S. 168,urn:cite:botcar:sloane.129,urn:cite:fufolioimg:BotCarCatesbyHS.Catesby_HS232_063_0593,""
urn:cite:botcar:catesbyLabels.penOnPage404.1,R.H.S. 169,urn:cite:botcar:sloane.404,urn:cite:fufolioimg:BotCarCatesbyHS.Catesby_HS232_040_0621,""
urn:cite:botcar:catesbyLabels.penOnPage67.1,R.H.S. 170,urn:cite:botcar:sloane.67,urn:cite:fufolioimg:BotCarCatesbyHS.Catesby_HS232_043_0615,""
urn:cite:botcar:catesbyLabels.penOnPage325.1,R.H.S. 206,urn:cite:botcar:sloane.325,urn:cite:fufolioimg:BotCarCatesbyHS.Catesby_HS232_111_0542,""
urn:cite:botcar:catesbyLabels.penOnPage93.1,R.H.S. 210,urn:cite:botcar:sloane.93,urn:cite:fufolioimg:BotCarCatesbyHS.Catesby_HS232_048_0608,""
urn:cite:botcar:catesbyLabels.penOnPage314.1,R.H.S. 216,urn:cite:botcar:sloane.314,urn:cite:fufolioimg:BotCarCatesbyHS.Catesby_HS212_007_0504,""
urn:cite:botcar:catesbyLabels.penOnPage387.1,R.H.S. 216,urn:cite:botcar:sloane.387,urn:cite:fufolioimg:BotCarCatesbyHS.Catesby_HS212_008_0506,""
urn:cite:botcar:catesbyLabels.penOnPage398.1,R.H.S. 216,urn:cite:botcar:sloane.398,urn:cite:fufolioimg:BotCarCatesbyHS.Catesby_HS232_102_0556,""
urn:cite:botcar:catesbyLabels.penOnPage56.1,R.H.S. 226,urn:cite:botcar:sloane.56,urn:cite:fufolioimg:BotCarCatesbyHS.Catesby_HS232_123_0537,""
urn:cite:botcar:catesbyLabels.penOnPage338.1,R.H.S. 232,urn:cite:botcar:sloane.338,urn:cite:fufolioimg:BotCarCatesbyHS.Catesby_HS232_049_0609,""
urn:cite:botcar:catesbyLabels.penOnPage350.1,R.H.S. 234,urn:cite:botcar:sloane.350,urn:cite:fufolioimg:BotCarCatesbyHS.Catesby_HS232_133_0524,""
urn:cite:botcar:catesbyLabels.penOnPage139.1,R.H.S. 238,urn:cite:botcar:sloane.139,urn:cite:fufolioimg:BotCarCatesbyHS.Catesby_HS232_059_0598,""
urn:cite:botcar:catesbyLabels.penOnPage304.1,R.H.S. 262,urn:cite:botcar:sloane.304,urn:cite:fufolioimg:BotCarCatesbyHS.Catesby_HS232_119_0538,""
urn:cite:botcar:catesbyLabels.penOnPage26.1,R.H.S. 294,urn:cite:botcar:sloane.26,urn:cite:fufolioimg:BotCarCatesbyHS.Catesby_HS232_121_0535,""
urn:cite:botcar:catesbyLabels.penOnPage249.1,R.H.S. 299,urn:cite:botcar:sloane.249,urn:cite:fufolioimg:BotCarCatesbyHS.Catesby_HS232_137_0519,""
urn:cite:botcar:catesbyLabels.penOnPage411.1,R.H.S. 300,urn:cite:botcar:sloane.411,urn:cite:fufolioimg:BotCarCatesbyHS.Catesby_HS232_103_0552,""
urn:cite:botcar:catesbyLabels.penOnPage35.1,R.H.S. 300.22,urn:cite:botcar:sloane.35,urn:cite:fufolioimg:BotCarCatesbyHS.Catesby_HS212_006_0499,""
urn:cite:botcar:catesbyLabels.penOnPage151.1,R.H.S. 327,urn:cite:botcar:sloane.151,urn:cite:fufolioimg:BotCarCatesbyHS.Catesby_HS232_067_0591,""
urn:cite:botcar:catesbyLabels.penOnPage114.1,R.H.S. 345,urn:cite:botcar:sloane.114,urn:cite:fufolioimg:BotCarCatesbyHS.Catesby_HS232_031_0630,""
urn:cite:botcar:catesbyLabels.penOnPage255.1,R.H.S. 362,urn:cite:botcar:sloane.255,urn:cite:fufolioimg:BotCarCatesbyHS.Catesby_HS232_127_0530,""
urn:cite:botcar:catesbyLabels.penOnPage32.1,R.H.S. 394,urn:cite:botcar:sloane.32,urn:cite:fufolioimg:BotCarCatesbyHS.Catesby_HS232_122_0536,""
urn:cite:botcar:catesbyLabels.penOnPage328.1,R.H.S. 429,urn:cite:botcar:sloane.328,urn:cite:fufolioimg:BotCarCatesbyHS.Catesby_HS232_107_0547,""
urn:cite:botcar:catesbyLabels.penOnPage225.1,R.H.S. 440,urn:cite:botcar:sloane.225,urn:cite:fufolioimg:BotCarCatesbyHS.Catesby_HS232_083_0572,""
urn:cite:botcar:catesbyLabels.penOnPage405.1,R.H.S. 442,urn:cite:botcar:sloane.405,urn:cite:fufolioimg:BotCarCatesbyHS.Catesby_HS232_112_0543,""
urn:cite:botcar:catesbyLabels.penOnPage28.1,R.H.S. 450,urn:cite:botcar:sloane.28,urn:cite:fufolioimg:BotCarCatesbyHS.Catesby_HS232_119_0538,""
urn:cite:botcar:catesbyLabels.penOnPage413.1,R.H.S. 456,urn:cite:botcar:sloane.413,urn:cite:fufolioimg:BotCarCatesbyHS.Catesby_HS232_070_0586,""
urn:cite:botcar:catesbyLabels.penOnPage364.1,R.H.S. 462,urn:cite:botcar:sloane.364,urn:cite:fufolioimg:BotCarCatesbyHS.Catesby_HS212_091_0414,""
urn:cite:botcar:catesbyLabels.penOnPage141.1,R.H.S. 463,urn:cite:botcar:sloane.141,urn:cite:fufolioimg:BotCarCatesbyHS.Catesby_HS232_063_0593,""
urn:cite:botcar:catesbyLabels.penOnPage202.1,R.H.S. 465,urn:cite:botcar:sloane.202,urn:cite:fufolioimg:BotCarCatesbyHS.Catesby_HS232_072_0584,""
urn:cite:botcar:catesbyLabels.penOnPage18.1,R.H.S. 471,urn:cite:botcar:sloane.18,urn:cite:fufolioimg:BotCarCatesbyHS.Catesby_HS212_028_0482,""
urn:cite:botcar:catesbyLabels.penOnPage335.1,R.H.S. 471,urn:cite:botcar:sloane.335,urn:cite:fufolioimg:BotCarCatesbyHS.Catesby_HS232_108_0549,""
urn:cite:botcar:catesbyLabels.penOnPage299.1,R.H.S. 482,urn:cite:botcar:sloane.299,urn:cite:fufolioimg:BotCarCatesbyHS.Catesby_HS232_046_0612,""
urn:cite:botcar:catesbyLabels.penOnPage161.1,R.H.S. 524,urn:cite:botcar:sloane.161,urn:cite:fufolioimg:BotCarCatesbyHS.Catesby_HS232_136_0522,""
urn:cite:botcar:catesbyLabels.penOnPage259.1,R.H.S. 526,urn:cite:botcar:sloane.259,urn:cite:fufolioimg:BotCarCatesbyHS.Catesby_HS212_050_0469,""
urn:cite:botcar:catesbyLabels.penOnPage125.1,R.H.S. 529,urn:cite:botcar:sloane.125,urn:cite:fufolioimg:BotCarCatesbyHS.Catesby_HS232_128_0527,""
urn:cite:botcar:catesbyLabels.penOnPage1.1,R.H.S. 606.15,urn:cite:botcar:sloane.1,urn:cite:fufolioimg:BotCarCatesbyHS.Catesby_HS212_087_0417,""
urn:cite:botcar:catesbyLabels.penOnPage336.1,R.H.S. 609,urn:cite:botcar:sloane.336,urn:cite:fufolioimg:BotCarCatesbyHS.Catesby_HS232_103_0552,""
urn:cite:botcar:catesbyLabels.penOnPage347.1,R.H.S. 637,urn:cite:botcar:sloane.347,urn:cite:fufolioimg:BotCarCatesbyHS.Catesby_HS232_074_0580,""
urn:cite:botcar:catesbyLabels.penOnPage153.1,R.H.S. 639,urn:cite:botcar:sloane.153,urn:cite:fufolioimg:BotCarCatesbyHS.Catesby_HS232_118_0534,""
urn:cite:botcar:catesbyLabels.penOnPage53.1,R.H.S. 639,urn:cite:botcar:sloane.53,urn:cite:fufolioimg:BotCarCatesbyHS.Catesby_HS232_124_0531,""
urn:cite:botcar:catesbyLabels.penOnPage371.1,R.H.S. 640,urn:cite:botcar:sloane.371,urn:cite:fufolioimg:BotCarCatesbyHS.Catesby_HS232_068_0589,""
urn:cite:botcar:catesbyLabels.penOnPage396.1,R.H.S. 642,urn:cite:botcar:sloane.396,urn:cite:fufolioimg:BotCarCatesbyHS.Catesby_HS232_082_0575,""
urn:cite:botcar:catesbyLabels.penOnPage119.1,R.H.S. 84,urn:cite:botcar:sloane.119,urn:cite:fufolioimg:BotCarCatesbyHS.Catesby_HS232_078_0576,""
urn:cite:botcar:catesbyLabels.penOnPage376.1,R.H.S. A.4,urn:cite:botcar:sloane.376,urn:cite:fufolioimg:BotCarCatesbyHS.Catesby_HS232_080_0577,""
urn:cite:botcar:catesbyLabels.penOnPage222.1,R.H.S. App. 242,urn:cite:botcar:sloane.222,urn:cite:fufolioimg:BotCarCatesbyHS.Catesby_HS232_086_0564,""
urn:cite:botcar:catesbyLabels.penOnPage150.1,R.H.S. App. 4,urn:cite:botcar:sloane.150,urn:cite:fufolioimg:BotCarCatesbyHS.Catesby_HS232_041_0617,""
urn:cite:botcar:catesbyLabels.penOnPage242.1,R.H.S. App. 4,urn:cite:botcar:sloane.242,urn:cite:fufolioimg:BotCarCatesbyHS.Catesby_HS232_065_0592,""
urn:cite:botcar:catesbyLabels.penOnPage166.1,R.H.S. App. 4,urn:cite:botcar:sloane.166,urn:cite:fufolioimg:BotCarCatesbyHS.Catesby_HS232_101_0553,""
urn:cite:botcar:catesbyLabels.penOnPage164.1,R.H.S. App. 4,urn:cite:botcar:sloane.164,urn:cite:fufolioimg:BotCarCatesbyHS.Catesby_HS232_104_0557,""
urn:cite:botcar:catesbyLabels.penOnPage289.1,R.H.S.566,urn:cite:botcar:sloane.289,urn:cite:fufolioimg:BotCarCatesbyHS.Catesby_HS232_105_0548,""
urn:cite:botcar:catesbyLabels.penOnPage324.1,R.H.S.A. 242,urn:cite:botcar:sloane.324,urn:cite:fufolioimg:BotCarCatesbyHS.Catesby_HS232_083_0572,""
urn:cite:botcar:catesbyLabels.penOnPage94.1,R.H.S.A.246,urn:cite:botcar:sloane.94,urn:cite:fufolioimg:BotCarCatesbyHS.Catesby_HS232_110_0551,""
urn:cite:botcar:catesbyLabels.penOnPage21.1,R.H.S.P 7,urn:cite:botcar:sloane.21,urn:cite:fufolioimg:BotCarCatesbyHS.Catesby_HS232_036_0622,""
urn:cite:botcar:catesbyLabels.penOnPage316.1,R.H.S.P. 001 R.H.S.D. 001,urn:cite:botcar:sloane.316,urn:cite:fufolioimg:BotCarCatesbyHS.Catesby_HS212_004_0501,""
urn:cite:botcar:catesbyLabels.penOnPage65.1,R.H.S.P. 37,urn:cite:botcar:sloane.65,urn:cite:fufolioimg:BotCarCatesbyHS.Catesby_HS232_055_0601,""
urn:cite:botcar:catesbyLabels.penOnPage198.1,R.H.S.P. 58,urn:cite:botcar:sloane.198,urn:cite:fufolioimg:BotCarCatesbyHS.Catesby_HS232_060_0597,""
urn:cite:botcar:catesbyLabels.penOnPage420.1,R.H.S.P. 7,urn:cite:botcar:sloane.420,urn:cite:fufolioimg:BotCarCatesbyHS.Catesby_HS232_096_0562,""
urn:cite:botcar:catesbyLabels.penOnPage239.1,R.H.S.P. 7?,urn:cite:botcar:sloane.239,urn:cite:fufolioimg:BotCarCatesbyHS.Catesby_HS232_093_0567,""
urn:cite:botcar:catesbyLabels.penOnPage55.1,R.H.S.P. 8  T.22,urn:cite:botcar:sloane.55,urn:cite:fufolioimg:BotCarCatesbyHS.Catesby_HS232_098_0558,""
urn:cite:botcar:catesbyLabels.penOnPage268.1,R.H.S.P. 9,urn:cite:botcar:sloane.268,urn:cite:fufolioimg:BotCarCatesbyHS.Catesby_HS232_088_0566,""
urn:cite:botcar:catesbyLabels.penOnPage422.1,R.H.S.P. 93,urn:cite:botcar:sloane.422,urn:cite:fufolioimg:BotCarCatesbyHS.Catesby_HS212_012_0493,""
urn:cite:botcar:catesbyLabels.penOnPage175.1,R.H.S.P.8.13,urn:cite:botcar:sloane.175,urn:cite:fufolioimg:BotCarCatesbyHS.Catesby_HS212_081_0424,""
urn:cite:botcar:catesbyLabels.penOnPage428.1,R.S. 189.28,urn:cite:botcar:sloane.428,urn:cite:fufolioimg:BotCarCatesbyHS.Catesby_HS212_074_0434,""
urn:cite:botcar:catesbyLabels.penOnPage216.1,R.S. 206,urn:cite:botcar:sloane.216,urn:cite:fufolioimg:BotCarCatesbyHS.Catesby_HS212_092_0418,""
urn:cite:botcar:catesbyLabels.penOnPage220.1,R.S. 206,urn:cite:botcar:sloane.220,urn:cite:fufolioimg:BotCarCatesbyHS.Catesby_HS212_094_0408,""
urn:cite:botcar:catesbyLabels.penOnPage217.1,R.S. 206,urn:cite:botcar:sloane.217,urn:cite:fufolioimg:BotCarCatesbyHS.Catesby_HS212_096_0413,""
urn:cite:botcar:catesbyLabels.penOnPage379.1,R.S. 206,urn:cite:botcar:sloane.379,urn:cite:fufolioimg:BotCarCatesbyHS.Catesby_HS212_096_0413,""
urn:cite:botcar:catesbyLabels.penOnPage9.1,R.S. 286.9,urn:cite:botcar:sloane.9,urn:cite:fufolioimg:BotCarCatesbyHS.Catesby_HS212_093_0415,""
urn:cite:botcar:catesbyLabels.penOnPage17.1,R.S. 299. 12.,urn:cite:botcar:sloane.17,urn:cite:fufolioimg:BotCarCatesbyHS.Catesby_HS212_055_0465,""
urn:cite:botcar:catesbyLabels.penOnPage146.1,R.S. 299.12.,urn:cite:botcar:sloane.146,urn:cite:fufolioimg:BotCarCatesbyHS.Catesby_HS212_075_0427,""
urn:cite:botcar:catesbyLabels.penOnPage406.1,R.S. 327.2,urn:cite:botcar:sloane.406,urn:cite:fufolioimg:BotCarCatesbyHS.Catesby_HS212_019_0491,""
urn:cite:botcar:catesbyLabels.penOnPage16.1,R.S. 344,urn:cite:botcar:sloane.16,urn:cite:fufolioimg:BotCarCatesbyHS.Catesby_HS212_095_0409,""
urn:cite:botcar:catesbyLabels.penOnPage322.1,R.S. 351.1,urn:cite:botcar:sloane.322,urn:cite:fufolioimg:BotCarCatesbyHS.Catesby_HS212_059_0446,""
urn:cite:botcar:catesbyLabels.penOnPage320.1,R.S. 451.3,urn:cite:botcar:sloane.320,urn:cite:fufolioimg:BotCarCatesbyHS.Catesby_HS212_056_0466,""
urn:cite:botcar:catesbyLabels.penOnPage86.1,R.S. 456,urn:cite:botcar:sloane.86,urn:cite:fufolioimg:BotCarCatesbyHS.Catesby_HS212_057_0437,""
urn:cite:botcar:catesbyLabels.penOnPage360.1,R.S. 462,urn:cite:botcar:sloane.360,urn:cite:fufolioimg:BotCarCatesbyHS.Catesby_HS232_121_0535,""
urn:cite:botcar:catesbyLabels.penOnPage321.1,R.S. 465,urn:cite:botcar:sloane.321,urn:cite:fufolioimg:BotCarCatesbyHS.Catesby_HS212_057_0437,""
urn:cite:botcar:catesbyLabels.penOnPage39.1,R.S. 468 vid. pag preced.,urn:cite:botcar:sloane.39,urn:cite:fufolioimg:BotCarCatesbyHS.Catesby_HS212_054_0459,""
urn:cite:botcar:catesbyLabels.penOnPage300.1,R.S. 490; R.S. 490,urn:cite:botcar:sloane.300,urn:cite:fufolioimg:BotCarCatesbyHS.Catesby_HS232_131_0525,""
urn:cite:botcar:catesbyLabels.penOnPage195.1,R.S. 490.78,urn:cite:botcar:sloane.195,urn:cite:fufolioimg:BotCarCatesbyHS.Catesby_HS212_062_0452,""
urn:cite:botcar:catesbyLabels.penOnPage432.1,R.S. 511.17,urn:cite:botcar:sloane.432,urn:cite:fufolioimg:BotCarCatesbyHS.Catesby_HS212_059_0446,""
urn:cite:botcar:catesbyLabels.penOnPage408.1,R.S. 533,urn:cite:botcar:sloane.408,urn:cite:fufolioimg:BotCarCatesbyHS.Catesby_HS212_031_0474,""
urn:cite:botcar:catesbyLabels.penOnPage279.1,R.S. 608. 25?,urn:cite:botcar:sloane.279,urn:cite:fufolioimg:BotCarCatesbyHS.Catesby_HS212_086_0422,""
urn:cite:botcar:catesbyLabels.penOnPage121.1,R.S. 639,urn:cite:botcar:sloane.121,urn:cite:fufolioimg:BotCarCatesbyHS.Catesby_HS212_059_0446,""
urn:cite:botcar:catesbyLabels.penOnPage215.1,R.S.211,urn:cite:botcar:sloane.215,urn:cite:fufolioimg:BotCarCatesbyHS.Catesby_HS212_092_0418,""
urn:cite:botcar:catesbyLabels.penOnPage174.1,R.S.P. 124 Pluck T. 358.8.4,urn:cite:botcar:sloane.174,urn:cite:fufolioimg:BotCarCatesbyHS.Catesby_HS212_066_0440,""
urn:cite:botcar:catesbyLabels.penOnPage73.1,R.S.P. 37.4,urn:cite:botcar:sloane.73,urn:cite:fufolioimg:BotCarCatesbyHS.Catesby_HS212_021_0485,""
urn:cite:botcar:catesbyLabels.penOnPage412.1,R.S.P. 44,urn:cite:botcar:sloane.412,urn:cite:fufolioimg:BotCarCatesbyHS.Catesby_HS212_005_0503,""
urn:cite:botcar:catesbyLabels.penOnPage342.1,R.S.P. 8.11.77,urn:cite:botcar:sloane.342,urn:cite:fufolioimg:BotCarCatesbyHS.Catesby_HS212_077_0425,""
urn:cite:botcar:catesbyLabels.penOnPage383.1,R.S.P. 8.13,urn:cite:botcar:sloane.383,urn:cite:fufolioimg:BotCarCatesbyHS.Catesby_HS212_078_0433,""
urn:cite:botcar:catesbyLabels.penOnPage345.1,R.S.P. 93,urn:cite:botcar:sloane.345,urn:cite:fufolioimg:BotCarCatesbyHS.Catesby_HS232_032_0629,""
urn:cite:botcar:catesbyLabels.penOnPage49.1,R.S.P. 93,urn:cite:botcar:sloane.49,urn:cite:fufolioimg:BotCarCatesbyHS.Catesby_HS232_069_0588,""
urn:cite:botcar:catesbyLabels.penOnPage218.1,R.S.P. bog,urn:cite:botcar:sloane.218,urn:cite:fufolioimg:BotCarCatesbyHS.Catesby_HS232_056_0602,""
urn:cite:botcar:catesbyLabels.penOnPage4.1,R.S.P.7.2,urn:cite:botcar:sloane.4,urn:cite:fufolioimg:BotCarCatesbyHS.Catesby_HS212_078_0433,""
urn:cite:botcar:catesbyLabels.penOnPage282.1,Randalia mariana procerior. Pet. Gaz. T. VI. f. 2. R.H.S. 234,urn:cite:botcar:sloane.282,urn:cite:fufolioimg:BotCarCatesbyHS.Catesby_HS212_042_0455,""
urn:cite:botcar:catesbyLabels.penOnPage156.1,S. 602 ? 3,urn:cite:botcar:sloane.156,urn:cite:fufolioimg:BotCarCatesbyHS.Catesby_HS212_084_0429,""
urn:cite:botcar:catesbyLabels.penOnPage104.1,Tab. Pluck 423 f. 3 R.H.S. 204.1,urn:cite:botcar:sloane.104,urn:cite:fufolioimg:BotCarCatesbyHS.Catesby_HS212_054_0459,""
urn:cite:botcar:catesbyLabels.penOnPage41.1,Toxicodendron Carolinianum fol. pinnatis floridus minimis herbaceris Cat. Hort. Lond. R.H. 1699,urn:cite:botcar:sloane.41,urn:cite:fufolioimg:BotCarCatesbyHS.Catesby_HS212_025_0488,""
urn:cite:botcar:catesbyLabels.pencilOnPage273.1,??? perennis Walter [A.M.Vail],urn:cite:botcar:sloane.273,urn:cite:fufolioimg:BotCarCatesbyHS.Catesby_HS232_122_0536,""
urn:cite:botcar:catesbyLabels.pencilOnPage331.1,#NAME?,urn:cite:botcar:sloane.331,urn:cite:fufolioimg:BotCarCatesbyHS.Catesby_HS212_030_0486,""
urn:cite:botcar:catesbyLabels.pencilOnPage117.1,1.38 Nux Juglans Carolinensis@ etc.; Hickory,urn:cite:botcar:sloane.117,urn:cite:fufolioimg:BotCarCatesbyHS.Catesby_HS212_003_0509,""
urn:cite:botcar:catesbyLabels.pencilOnPage222.1,A. humistrata Walt. - A. amplexicaulis [A.M. Vail],urn:cite:botcar:sloane.222,urn:cite:fufolioimg:BotCarCatesbyHS.Catesby_HS232_086_0564,""
urn:cite:botcar:catesbyLabels.pencilOnPage286.1,A. humistrata Walt. = A. amplexicaulis Michx.,urn:cite:botcar:sloane.286,urn:cite:fufolioimg:BotCarCatesbyHS.Catesby_HS212_030_0486,""
urn:cite:botcar:catesbyLabels.pencilOnPage287.1,A. obtusifolia Mx.,urn:cite:botcar:sloane.287,urn:cite:fufolioimg:BotCarCatesbyHS.Catesby_HS212_030_0486,""
urn:cite:botcar:catesbyLabels.pencilOnPage87.1,acerates viridiflora Raf.,urn:cite:botcar:sloane.87,urn:cite:fufolioimg:BotCarCatesbyHS.Catesby_HS212_018_0492,""
urn:cite:botcar:catesbyLabels.pencilOnPage292.1,Arbor Judae Ameri.,urn:cite:botcar:sloane.292,urn:cite:fufolioimg:BotCarCatesbyHS.Catesby_HS212_002_0510,""
urn:cite:botcar:catesbyLabels.pencilOnPage324.1,Asclepias rubra L.,urn:cite:botcar:sloane.324,urn:cite:fufolioimg:BotCarCatesbyHS.Catesby_HS232_083_0572,""
urn:cite:botcar:catesbyLabels.pencilOnPage431.1,B. Catalpa L. Sp Pl. 622 i.49 Bignonia urucu foliis,urn:cite:botcar:sloane.431,urn:cite:fufolioimg:BotCarCatesbyHS.Catesby_HS212_061_0444,""
urn:cite:botcar:catesbyLabels.pencilOnPage20.1,Berlandiera tomentosa ?,urn:cite:botcar:sloane.20,urn:cite:fufolioimg:BotCarCatesbyHS.Catesby_HS212_034_0477,""
urn:cite:botcar:catesbyLabels.pencilOnPage139.1,Button wood of Virg.,urn:cite:botcar:sloane.139,urn:cite:fufolioimg:BotCarCatesbyHS.Catesby_HS232_059_0598,""
urn:cite:botcar:catesbyLabels.pencilOnPage322.1,Catesb Carol. i.50 T. sessile L. Sp. Pl. 340 Solanum et fl. purporeo,urn:cite:botcar:sloane.322,urn:cite:fufolioimg:BotCarCatesbyHS.Catesby_HS212_059_0446,""
urn:cite:botcar:catesbyLabels.pencilOnPage421.1,Catesby caroliniana i.56 Sp. Pl. 999,urn:cite:botcar:sloane.421,urn:cite:fufolioimg:BotCarCatesbyHS.Catesby_HS212_068_0449,""
urn:cite:botcar:catesbyLabels.pencilOnPage109.1,Cliftonia,urn:cite:botcar:sloane.109,urn:cite:fufolioimg:BotCarCatesbyHS.Catesby_HS212_067_0450,""
urn:cite:botcar:catesbyLabels.pencilOnPage164.1,Cocculus carolinus DC,urn:cite:botcar:sloane.164,urn:cite:fufolioimg:BotCarCatesbyHS.Catesby_HS232_104_0557,""
urn:cite:botcar:catesbyLabels.pencilOnPage412.1,Cornus florids Linn. Sp. Pl. 117,urn:cite:botcar:sloane.412,urn:cite:fufolioimg:BotCarCatesbyHS.Catesby_HS212_005_0503,""
urn:cite:botcar:catesbyLabels.pencilOnPage28.1,Cracea virginiana [? - possibly attached to next specimen?],urn:cite:botcar:sloane.28,urn:cite:fufolioimg:BotCarCatesbyHS.Catesby_HS232_119_0538,""
urn:cite:botcar:catesbyLabels.pencilOnPage413.1,Desmodium [???],urn:cite:botcar:sloane.413,urn:cite:fufolioimg:BotCarCatesbyHS.Catesby_HS232_070_0586,""
urn:cite:botcar:catesbyLabels.pencilOnPage67.1,Eriogonum,urn:cite:botcar:sloane.67,urn:cite:fufolioimg:BotCarCatesbyHS.Catesby_HS232_043_0615,""
urn:cite:botcar:catesbyLabels.pencilOnPage66.1,Gonolobus hirsutum Michx.,urn:cite:botcar:sloane.66,urn:cite:fufolioimg:BotCarCatesbyHS.Catesby_HS212_017_0495,""
urn:cite:botcar:catesbyLabels.pencilOnPage46.1,Hab. ciliaris R. Br. (o. ames),urn:cite:botcar:sloane.46,urn:cite:fufolioimg:BotCarCatesbyHS.Catesby_HS212_056_0466,""
urn:cite:botcar:catesbyLabels.pencilOnPage50.1,Hibiscus,urn:cite:botcar:sloane.50,urn:cite:fufolioimg:BotCarCatesbyHS.Catesby_HS232_109_0550,""
urn:cite:botcar:catesbyLabels.pencilOnPage14.1,i. 63 Laurus Caroliniensis L. Borbonia L. Sp. Pl. 370 Pen label: This specimen might be the plant drawn in Catesby@ Hist. Carol. I@ t. 63 as: Lauryus Caroliniensis. Seripo A. Koskerman (???) 1937,urn:cite:botcar:sloane.14,urn:cite:fufolioimg:BotCarCatesbyHS.Catesby_HS212_001_0507,""
urn:cite:botcar:catesbyLabels.pencilOnPage55.1,i.16 Quercus an potius Ilex Marylandica etc.  Quercus Phellos L.Sp.P. 994,urn:cite:botcar:sloane.55,urn:cite:fufolioimg:BotCarCatesbyHS.Catesby_HS232_098_0558,""
urn:cite:botcar:catesbyLabels.pencilOnPage342.1,i.16 Quercus Anpotius@ etc. Quercus Phellos L.Sp. Pl. 994,urn:cite:botcar:sloane.342,urn:cite:fufolioimg:BotCarCatesbyHS.Catesby_HS212_077_0425,""
urn:cite:botcar:catesbyLabels.pencilOnPage175.1,i.17 Quercus sempervirens etc.  -- virens tor in Ait. H. Kew. iii.356. Quercus Phellos B. L. Sp. Pl. 994!,urn:cite:botcar:sloane.175,urn:cite:fufolioimg:BotCarCatesbyHS.Catesby_HS212_081_0424,""
urn:cite:botcar:catesbyLabels.pencilOnPage391.1,i.18 Quercus castanea foliis@ etc.,urn:cite:botcar:sloane.391,urn:cite:fufolioimg:BotCarCatesbyHS.Catesby_HS212_005_0503,""
urn:cite:botcar:catesbyLabels.pencilOnPage8.1,i.18 Quercus castaneae foliis etc. Chestnut Oak Sp. Pl. 995,urn:cite:botcar:sloane.8,urn:cite:fufolioimg:BotCarCatesbyHS.Catesby_HS232_014_0642,""
urn:cite:botcar:catesbyLabels.pencilOnPage239.1,i.19 Quercus (forte) Marilandica@ etc.  2 nigra Quercus nigra B.L.Sp. Pl. 996!,urn:cite:botcar:sloane.239,urn:cite:fufolioimg:BotCarCatesbyHS.Catesby_HS232_093_0567,""
urn:cite:botcar:catesbyLabels.pencilOnPage420.1,i.20 Quercus folis non serrata@ etc. Q. nigra L.Sp.Pl. 995!  Q. aquatica,urn:cite:botcar:sloane.420,urn:cite:fufolioimg:BotCarCatesbyHS.Catesby_HS232_096_0562,""
urn:cite:botcar:catesbyLabels.pencilOnPage233.1,i.21 Quercus alba Virginianum.  Quercus alba L.Sp. Pl. 996,urn:cite:botcar:sloane.233,urn:cite:fufolioimg:BotCarCatesbyHS.Catesby_HS232_091_0565,""
urn:cite:botcar:catesbyLabels.pencilOnPage231.1,i.27 Cornus mas@ etc. Cornus florida L. Sp. Pl. 117,urn:cite:botcar:sloane.231,urn:cite:fufolioimg:BotCarCatesbyHS.Catesby_HS232_089_0568,""
urn:cite:botcar:catesbyLabels.pencilOnPage32.1,i.29 Aristolochia pistolochia@ etc.  A. Serpentaria L.Sp. Pl. 961,urn:cite:botcar:sloane.32,urn:cite:fufolioimg:BotCarCatesbyHS.Catesby_HS232_122_0536,""
urn:cite:botcar:catesbyLabels.pencilOnPage305.1,i.31 Agrifolium carolinens etc.,urn:cite:botcar:sloane.305,urn:cite:fufolioimg:BotCarCatesbyHS.Catesby_HS212_065_0441,""
urn:cite:botcar:catesbyLabels.pencilOnPage302.1,i.34 Populus nigra@ etc.,urn:cite:botcar:sloane.302,urn:cite:fufolioimg:BotCarCatesbyHS.Catesby_HS212_011_0500,""
urn:cite:botcar:catesbyLabels.pencilOnPage172.1,i.34 Populus nigra@ etc. P. balsamifera L. Sp. Pl. 1034,urn:cite:botcar:sloane.172,urn:cite:fufolioimg:BotCarCatesbyHS.Catesby_HS232_052_0604,""
urn:cite:botcar:catesbyLabels.pencilOnPage68.1,i.41 Tupelo Arborea@ etc. Nyssa aquatica L.Sp.Pl. 1058; [pencil sketch of fruit next to sample],urn:cite:botcar:sloane.68,urn:cite:fufolioimg:BotCarCatesbyHS.Catesby_HS212_077_0425,""
urn:cite:botcar:catesbyLabels.pencilOnPage262.1,i.44 Althea Floridana,urn:cite:botcar:sloane.262,urn:cite:fufolioimg:BotCarCatesbyHS.Catesby_HS212_013_0497,""
urn:cite:botcar:catesbyLabels.pencilOnPage95.1,i.44 Althea Floridana. Gordonia. Hypericum Lasianthus L. Sp. Pl. 783,urn:cite:botcar:sloane.95,urn:cite:fufolioimg:BotCarCatesbyHS.Catesby_HS232_050_0605,""
urn:cite:botcar:catesbyLabels.pencilOnPage47.1,i.46 Frutex cornifolius etc.,urn:cite:botcar:sloane.47,urn:cite:fufolioimg:BotCarCatesbyHS.Catesby_HS212_016_0494,""
urn:cite:botcar:catesbyLabels.pencilOnPage80.1,i.49 Bignonia Urucu@ etc.  B. Catalpa L. Sp. Pl. 622,urn:cite:botcar:sloane.80,urn:cite:fufolioimg:BotCarCatesbyHS.Catesby_HS232_051_0606,""
urn:cite:botcar:catesbyLabels.pencilOnPage111.1,i.60 Tupelo arbor Nyssa aquatica L. Sp. Pl. 1058,urn:cite:botcar:sloane.111,urn:cite:fufolioimg:BotCarCatesbyHS.Catesby_HS212_067_0450,""
urn:cite:botcar:catesbyLabels.pencilOnPage34.1,i.61 Ligustrum laurifolio etc.,urn:cite:botcar:sloane.34,urn:cite:fufolioimg:BotCarCatesbyHS.Catesby_HS212_022_0484,""
urn:cite:botcar:catesbyLabels.pencilOnPage345.1,i.62 Acer virginianum@ etc. Acer rubrum L.Sp. Pl. 1055,urn:cite:botcar:sloane.345,urn:cite:fufolioimg:BotCarCatesbyHS.Catesby_HS232_032_0629,""
urn:cite:botcar:catesbyLabels.pencilOnPage419.1,i.66 Alnifolia Americana@ etc.  Clethra alnifolia L. Sp. Pl. 396 Andromeda paniculata L.Sp. Pl. 394@ vol. 2 43,urn:cite:botcar:sloane.419,urn:cite:fufolioimg:BotCarCatesbyHS.Catesby_HS232_035_0620,""
urn:cite:botcar:catesbyLabels.pencilOnPage105.1,i.67 Juglans nigra L. Sp. Pl. 997,urn:cite:botcar:sloane.105,urn:cite:fufolioimg:BotCarCatesbyHS.Catesby_HS232_094_0560,""
urn:cite:botcar:catesbyLabels.pencilOnPage180.1,i.67 Juglans nigra L.Sp.Pl. 997,urn:cite:botcar:sloane.180,urn:cite:fufolioimg:BotCarCatesbyHS.Catesby_HS232_097_0563,""
urn:cite:botcar:catesbyLabels.pencilOnPage384.1,i.71 Frutex oblongis@ etc. Andromeda arborea L. Sp. Pl. 394,urn:cite:botcar:sloane.384,urn:cite:fufolioimg:BotCarCatesbyHS.Catesby_HS232_057_0599,""
urn:cite:botcar:catesbyLabels.pencilOnPage260.1,i.80 Fraxinus Carolinensis@ etc.,urn:cite:botcar:sloane.260,urn:cite:fufolioimg:BotCarCatesbyHS.Catesby_HS212_011_0500,""
urn:cite:botcar:catesbyLabels.pencilOnPage21.1,i.9 Castanea pumila@ etc.  Sp. Pl. 998,urn:cite:botcar:sloane.21,urn:cite:fufolioimg:BotCarCatesbyHS.Catesby_HS232_036_0622,""
urn:cite:botcar:catesbyLabels.pencilOnPage192.1,ii 62,urn:cite:botcar:sloane.192,urn:cite:fufolioimg:BotCarCatesbyHS.Catesby_HS212_006_0499,""
urn:cite:botcar:catesbyLabels.pencilOnPage63.1,ii 84 Philadelphus flore alba etc.,urn:cite:botcar:sloane.63,urn:cite:fufolioimg:BotCarCatesbyHS.Catesby_HS212_016_0494,""
urn:cite:botcar:catesbyLabels.pencilOnPage238.1,ii.102 Hamamelis Gronov.,urn:cite:botcar:sloane.238,urn:cite:fufolioimg:BotCarCatesbyHS.Catesby_HS212_004_0501,""
urn:cite:botcar:catesbyLabels.pencilOnPage174.1,ii.33 Frutex trifolius resinosus@ etc. fide index but ii.33 is Amyris elemifera Ptelea trifoliata L.,urn:cite:botcar:sloane.174,urn:cite:fufolioimg:BotCarCatesbyHS.Catesby_HS212_066_0440,""
urn:cite:botcar:catesbyLabels.pencilOnPage160.1,ii.54,urn:cite:botcar:sloane.160,urn:cite:fufolioimg:BotCarCatesbyHS.Catesby_HS212_018_0492,""
urn:cite:botcar:catesbyLabels.pencilOnPage48.1,ii.58 Lilium Carolinianum@ etc. philadelphicum L. (??????),urn:cite:botcar:sloane.48,urn:cite:fufolioimg:BotCarCatesbyHS.Catesby_HS232_068_0589,""
urn:cite:botcar:catesbyLabels.pencilOnPage13.1,ii.62 Pseudo-Phalangium ramosum,urn:cite:botcar:sloane.13,urn:cite:fufolioimg:BotCarCatesbyHS.Catesby_HS212_057_0437,""
urn:cite:botcar:catesbyLabels.pencilOnPage243.1,ii.65 Stirax Aceris folio Sp. Pl. 999,urn:cite:botcar:sloane.243,urn:cite:fufolioimg:BotCarCatesbyHS.Catesby_HS212_079_0432,""
urn:cite:botcar:catesbyLabels.pencilOnPage19.1,ii.65 Stirax aceris folio. Liquidambar styraciflua L. Sp. Pl. 991 [449?],urn:cite:botcar:sloane.19,urn:cite:fufolioimg:BotCarCatesbyHS.Catesby_HS232_034_0634,""
urn:cite:botcar:catesbyLabels.pencilOnPage415.1,ii.83 Frutex Virginianus trifolinus@ etc.  Ptelea trifoliata L.,urn:cite:botcar:sloane.415,urn:cite:fufolioimg:BotCarCatesbyHS.Catesby_HS232_053_0607,""
urn:cite:botcar:catesbyLabels.pencilOnPage170.1,ii.98 Chamaedaphne foliis Tini@ etc. Kalmia latifolia L. Sp. Pl.,urn:cite:botcar:sloane.170,urn:cite:fufolioimg:BotCarCatesbyHS.Catesby_HS232_054_0603,""
urn:cite:botcar:catesbyLabels.pencilOnPage33.1,Ilex Cassine L. Sp. Pl. 125; Ilex Cassine L. a. latifolia Ait. fest. locus[??????],urn:cite:botcar:sloane.33,urn:cite:fufolioimg:BotCarCatesbyHS.Catesby_HS212_065_0441,""
urn:cite:botcar:catesbyLabels.pencilOnPage271.1,Kalmia latifolia L. Sp. Pl. 391 ii.98 Chamaedaphne foliis Tini@ etc.,urn:cite:botcar:sloane.271,urn:cite:fufolioimg:BotCarCatesbyHS.Catesby_HS212_064_0442,""
urn:cite:botcar:catesbyLabels.pencilOnPage220.1,Liatris Elegans Walter,urn:cite:botcar:sloane.220,urn:cite:fufolioimg:BotCarCatesbyHS.Catesby_HS212_094_0408,""
urn:cite:botcar:catesbyLabels.pencilOnPage210.1,Liatris elegans Willd.,urn:cite:botcar:sloane.210,urn:cite:fufolioimg:BotCarCatesbyHS.Catesby_HS232_040_0621,""
urn:cite:botcar:catesbyLabels.pencilOnPage216.1,Liatris Elegans@ Willd.,urn:cite:botcar:sloane.216,urn:cite:fufolioimg:BotCarCatesbyHS.Catesby_HS212_092_0418,""
urn:cite:botcar:catesbyLabels.pencilOnPage181.1,Liatris paniculata Willd.,urn:cite:botcar:sloane.181,urn:cite:fufolioimg:BotCarCatesbyHS.Catesby_HS232_040_0621,""
urn:cite:botcar:catesbyLabels.pencilOnPage370.1,Liatris spicata Lin.,urn:cite:botcar:sloane.370,urn:cite:fufolioimg:BotCarCatesbyHS.Catesby_HS212_094_0408,""
urn:cite:botcar:catesbyLabels.pencilOnPage213.1,Liatris spicata Linn.,urn:cite:botcar:sloane.213,urn:cite:fufolioimg:BotCarCatesbyHS.Catesby_HS212_094_0408,""
urn:cite:botcar:catesbyLabels.pencilOnPage104.1,Liatris squamosa Willd,urn:cite:botcar:sloane.104,urn:cite:fufolioimg:BotCarCatesbyHS.Catesby_HS212_054_0459,""
urn:cite:botcar:catesbyLabels.pencilOnPage9.1,Lippia nodiflora Michx.,urn:cite:botcar:sloane.9,urn:cite:fufolioimg:BotCarCatesbyHS.Catesby_HS212_093_0415,""
urn:cite:botcar:catesbyLabels.pencilOnPage263.1,Lonicera marilandica L.Sp. Pl. 175; ii.78; Gentiana forte?,urn:cite:botcar:sloane.263,urn:cite:fufolioimg:BotCarCatesbyHS.Catesby_HS212_033_0472,""
urn:cite:botcar:catesbyLabels.pencilOnPage308.1,Morus rubra,urn:cite:botcar:sloane.308,urn:cite:fufolioimg:BotCarCatesbyHS.Catesby_HS232_092_0570,""
urn:cite:botcar:catesbyLabels.pencilOnPage169.1,N. aquatica L.Sp.Pl. (in ???) 1058. Nyssa uniflora Wanger i. 60 Tupelo Arbor,urn:cite:botcar:sloane.169,urn:cite:fufolioimg:BotCarCatesbyHS.Catesby_HS232_052_0604,""
urn:cite:botcar:catesbyLabels.pencilOnPage90.1,Paspalum,urn:cite:botcar:sloane.90,urn:cite:fufolioimg:BotCarCatesbyHS.Catesby_HS232_117_0540,""
urn:cite:botcar:catesbyLabels.pencilOnPage383.1,Q. Phellos etc. L. Sp. Pl. 994 i.22 Quercus humilios@ etc,urn:cite:botcar:sloane.383,urn:cite:fufolioimg:BotCarCatesbyHS.Catesby_HS212_078_0433,""
urn:cite:botcar:catesbyLabels.pencilOnPage268.1,referred to i.23 (Quercs Esculi divisura@ etc.) in list but that represents Q. rubra see Sp. Pl. 212.78. Quercus Catesbaei Mich. Hist. Chenes Am. No. 17.t.29!,urn:cite:botcar:sloane.268,urn:cite:fufolioimg:BotCarCatesbyHS.Catesby_HS232_088_0566,""
urn:cite:botcar:catesbyLabels.pencilOnPage207.1,see Hort New ii 301 and Sol. Mss x 111.67,urn:cite:botcar:sloane.207,urn:cite:fufolioimg:BotCarCatesbyHS.Catesby_HS212_029_0481,""
urn:cite:botcar:catesbyLabels.pencilOnPage253.1,see note by Macfarlane on f. 21,urn:cite:botcar:sloane.253,urn:cite:fufolioimg:BotCarCatesbyHS.Catesby_HS212_045_0454,""
urn:cite:botcar:catesbyLabels.pencilOnPage265.1,Sp. Pl. 195,urn:cite:botcar:sloane.265,urn:cite:fufolioimg:BotCarCatesbyHS.Catesby_HS212_035_0480,""
urn:cite:botcar:catesbyLabels.pencilOnPage309.1,Sp. Pl. 394.  i.71 Frutex foliis oblongis@ etc.,urn:cite:botcar:sloane.309,urn:cite:fufolioimg:BotCarCatesbyHS.Catesby_HS212_066_0440,""
urn:cite:botcar:catesbyLabels.pencilOnPage306.1,Sp. Pl. 505 i.24 ?apodophyllon Canadense@ etc.,urn:cite:botcar:sloane.306,urn:cite:fufolioimg:BotCarCatesbyHS.Catesby_HS212_063_0451,""
urn:cite:botcar:catesbyLabels.pencilOnPage389.1,Sp. Pl. 535 i.48 Arbor Tulipifera,urn:cite:botcar:sloane.389,urn:cite:fufolioimg:BotCarCatesbyHS.Catesby_HS212_080_0431,""
urn:cite:botcar:catesbyLabels.pencilOnPage218.1,Sp. Pl. 71  i.32 Gramen Myloicophoron@ etc.,urn:cite:botcar:sloane.218,urn:cite:fufolioimg:BotCarCatesbyHS.Catesby_HS232_056_0602,""
urn:cite:botcar:catesbyLabels.pencilOnPage4.1,Sp. Pl. 996 1. Quercus Catesbaei Mich,urn:cite:botcar:sloane.4,urn:cite:fufolioimg:BotCarCatesbyHS.Catesby_HS212_078_0433,""
urn:cite:botcar:catesbyLabels.pencilOnPage360.1,Stylanthus [?],urn:cite:botcar:sloane.360,urn:cite:fufolioimg:BotCarCatesbyHS.Catesby_HS232_121_0535,""
urn:cite:botcar:catesbyLabels.pencilOnPage304.1,Stylosanthes,urn:cite:botcar:sloane.304,urn:cite:fufolioimg:BotCarCatesbyHS.Catesby_HS232_119_0538,""
urn:cite:botcar:catesbyLabels.pencilOnPage101.1,Styrax americana?,urn:cite:botcar:sloane.101,urn:cite:fufolioimg:BotCarCatesbyHS.Catesby_HS212_016_0494,""
urn:cite:botcar:catesbyLabels.pencilOnPage289.1,The Root of this plant the Indians esteem good for the Bite of the Rattlesnake.,urn:cite:botcar:sloane.289,urn:cite:fufolioimg:BotCarCatesbyHS.Catesby_HS232_105_0548,""
urn:cite:botcar:catesbyLabels.pencilOnPage201.1,This label has no connection with the specimen,urn:cite:botcar:sloane.201,urn:cite:fufolioimg:BotCarCatesbyHS.Catesby_HS212_038_0473,""
urn:cite:botcar:catesbyLabels.pencilOnPage25.1,This was subsequently named by Solander Kriegia. See So. Hort 4471 syn = Helenium nudiflorum,urn:cite:botcar:sloane.25,urn:cite:fufolioimg:BotCarCatesbyHS.Catesby_HS212_033_0472,""
urn:cite:botcar:catesbyLabels.pencilOnPage7.1,Trillium cernuum L. Sp. Pl. 340. See Smith Spiciles f. 4. Catesby Carol. i.45 Sonumte fl. carneo. See Journ. Bot. 1901 (1907?) 321-335; Photographed Febr. 1967 Reg. No. N 1187; Trillium Catesbaei Elliott Fl. S. Carol.  i.429 (1817),urn:cite:botcar:sloane.7,urn:cite:fufolioimg:BotCarCatesbyHS.Catesby_HS212_059_0446,""
urn:cite:botcar:catesbyLabels.typedLabel345.1,Acer rubrum L.  Catesby 1-62 Det. Richard A. Howard 1982,urn:cite:botcar:sloane.345,urn:cite:fufolioimg:BotCarCatesbyHS.Catesby_HS232_032_0629,""
urn:cite:botcar:catesbyLabels.typedLabel372.1,Acer rubrum L.  Catesby 1-62 see also HS 232 f 32 Det. Richard A. Howard 1982,urn:cite:botcar:sloane.372,urn:cite:fufolioimg:BotCarCatesbyHS.Catesby_HS212_014_0498,""
urn:cite:botcar:catesbyLabels.typedLabel32.1,Aristolochia serpentaria L.  Catesby 1-29 Det. Richard A. Howard 1982,urn:cite:botcar:sloane.32,urn:cite:fufolioimg:BotCarCatesbyHS.Catesby_HS232_122_0536,""
urn:cite:botcar:catesbyLabels.typedLabel47.1,Calycanthus floridus L.  Catesby 1-46 Det. Richard A. Howard 1982,urn:cite:botcar:sloane.47,urn:cite:fufolioimg:BotCarCatesbyHS.Catesby_HS212_016_0494,""
urn:cite:botcar:catesbyLabels.typedLabel117.1,Carya tomentosa (Poir) Nutt. but the correct name needs further work since Rehder proposed Juglans alba as a nom. ambig.  Catesby 1-38. Det. Richard A. Howard 1982.,urn:cite:botcar:sloane.117,urn:cite:fufolioimg:BotCarCatesbyHS.Catesby_HS212_003_0509,""
urn:cite:botcar:catesbyLabels.typedLabel21.1,Castanea pumila (L.) Miller Catesby 1-9 Det. Richard A. Howard 1982,urn:cite:botcar:sloane.21,urn:cite:fufolioimg:BotCarCatesbyHS.Catesby_HS232_036_0622,""
urn:cite:botcar:catesbyLabels.typedLabel80.1,Catalpa bignonioides Walter Catesby 1-49 see also HS 212 f 61 Det. Richard A. Howard 1982,urn:cite:botcar:sloane.80,urn:cite:fufolioimg:BotCarCatesbyHS.Catesby_HS232_051_0606,""
urn:cite:botcar:catesbyLabels.typedLabel431.1,Catalpa bignonioides Walter Catesby 1-49 see also HS 232 f 51 Det. Richard A. Howard 1982,urn:cite:botcar:sloane.431,urn:cite:fufolioimg:BotCarCatesbyHS.Catesby_HS212_061_0444,""
urn:cite:botcar:catesbyLabels.typedLabel419.1,Clethra alnifolia L.  Catesby 1-66 see also HS 212 f 50 Det. Richard A. Howard 1982,urn:cite:botcar:sloane.419,urn:cite:fufolioimg:BotCarCatesbyHS.Catesby_HS232_035_0620,""
urn:cite:botcar:catesbyLabels.typedLabel259.1,Clethra alnifolia L.  Catesby 1-66 see also HS 232 f 35 Det. Richard A. Howard 1982,urn:cite:botcar:sloane.259,urn:cite:fufolioimg:BotCarCatesbyHS.Catesby_HS212_050_0469,""
urn:cite:botcar:catesbyLabels.typedLabel150.1,Cocculus carolinus (L) DC Catesby 1-51 see also f 104 Det. Richard A. Howard 1982,urn:cite:botcar:sloane.150,urn:cite:fufolioimg:BotCarCatesbyHS.Catesby_HS232_041_0617,""
urn:cite:botcar:catesbyLabels.typedLabel164.1,Cocculus carolinus (L) DC Catesby 1-51 see also f 41 Det. Richard A. Howard 1982,urn:cite:botcar:sloane.164,urn:cite:fufolioimg:BotCarCatesbyHS.Catesby_HS232_104_0557,""
urn:cite:botcar:catesbyLabels.typedLabel192.1,Commelina virginica L.  Catesby 2-62 see alo f 57 Det. Richard A. Howard 1982,urn:cite:botcar:sloane.192,urn:cite:fufolioimg:BotCarCatesbyHS.Catesby_HS212_006_0499,""
urn:cite:botcar:catesbyLabels.typedLabel13.1,Commelina virginica L.  Catesby 2-62 see also f 6 Det. Richard A. Howard 1982,urn:cite:botcar:sloane.13,urn:cite:fufolioimg:BotCarCatesbyHS.Catesby_HS212_057_0437,""
urn:cite:botcar:catesbyLabels.typedLabel231.1,Cornus florida L.  Catesby 1-27 see also HS 212 f 5 Det. Richard A. Howard 1982,urn:cite:botcar:sloane.231,urn:cite:fufolioimg:BotCarCatesbyHS.Catesby_HS232_089_0568,""
urn:cite:botcar:catesbyLabels.typedLabel412.1,Cornus florida L.@ Catesby 1-27@ see also HS 232 f 89; Det. Richard A. Howard 1982.,urn:cite:botcar:sloane.412,urn:cite:fufolioimg:BotCarCatesbyHS.Catesby_HS212_005_0503,""
urn:cite:botcar:catesbyLabels.typedLabel67.1,Eriogonum tomentosum Michx.  det. James L. Reveal@ U.S. National Museum@ 1972,urn:cite:botcar:sloane.67,urn:cite:fufolioimg:BotCarCatesbyHS.Catesby_HS232_043_0615,""
urn:cite:botcar:catesbyLabels.typedLabel260.1,Fraxinus americana L. Catesby 1-80 Det. Richard A. Howard 1982,urn:cite:botcar:sloane.260,urn:cite:fufolioimg:BotCarCatesbyHS.Catesby_HS212_011_0500,""
urn:cite:botcar:catesbyLabels.typedLabel355.1,Gentiana catesbaei Walter Catesby 1-70 Det. Richard A. Howard 1982,urn:cite:botcar:sloane.355,urn:cite:fufolioimg:BotCarCatesbyHS.Catesby_HS212_087_0417,""
urn:cite:botcar:catesbyLabels.typedLabel95.1,Gordonia lasianthus (L.) Ellis Catesby 1-44 see also HS 212 f 13 Det. Richard A. Howard 1982,urn:cite:botcar:sloane.95,urn:cite:fufolioimg:BotCarCatesbyHS.Catesby_HS232_050_0605,""
urn:cite:botcar:catesbyLabels.typedLabel262.1,Gordonia lasianthus (L.) Ellis Catesby 1-44 see also HS 232 f 50 Det. Richard A. Howard 1982,urn:cite:botcar:sloane.262,urn:cite:fufolioimg:BotCarCatesbyHS.Catesby_HS212_013_0497,""
urn:cite:botcar:catesbyLabels.typedLabel238.1,Hamamelis virginiana L.  Catesby 2 app. 2 Det. Richard A. Howard 1982,urn:cite:botcar:sloane.238,urn:cite:fufolioimg:BotCarCatesbyHS.Catesby_HS212_004_0501,""
urn:cite:botcar:catesbyLabels.typedLabel180.1,Juglans nigra L.  Catesby 1-67 see also f 94 Det. Richard A. Howard 1982,urn:cite:botcar:sloane.180,urn:cite:fufolioimg:BotCarCatesbyHS.Catesby_HS232_097_0563,""
urn:cite:botcar:catesbyLabels.typedLabel105.1,Juglans nigra L.  Catesby 1-67 see also f 97 Det. Richard A. Howard 1982,urn:cite:botcar:sloane.105,urn:cite:fufolioimg:BotCarCatesbyHS.Catesby_HS232_094_0560,""
urn:cite:botcar:catesbyLabels.typedLabel170.1,Kalmia latifolia L.  Catesby 2-98 see also HS 212 f 64 Det. Richard A. Howard 1982,urn:cite:botcar:sloane.170,urn:cite:fufolioimg:BotCarCatesbyHS.Catesby_HS232_054_0603,""
urn:cite:botcar:catesbyLabels.typedLabel271.1,Kalmia latifolia L.  Catesby 2-98 see also HS 232 f 54 Det. Richard A. Howard 1982,urn:cite:botcar:sloane.271,urn:cite:fufolioimg:BotCarCatesbyHS.Catesby_HS212_064_0442,""
urn:cite:botcar:catesbyLabels.typedLabel48.1,Lilium catesbaei Walter Catesby 2-58 Det. Richard A. Howard 1982,urn:cite:botcar:sloane.48,urn:cite:fufolioimg:BotCarCatesbyHS.Catesby_HS232_068_0589,""
urn:cite:botcar:catesbyLabels.typedLabel19.1,Liquidambar styraciflua L.  Catesby 2-65 see also HS 212 f 79 Det Richard A. Howard 1982,urn:cite:botcar:sloane.19,urn:cite:fufolioimg:BotCarCatesbyHS.Catesby_HS232_034_0634,""
urn:cite:botcar:catesbyLabels.typedLabel243.1,Liquidambar styraciflua L.  Catesby 2-65 see also HS 232 f 34 Det. Richard A. Howard 1982,urn:cite:botcar:sloane.243,urn:cite:fufolioimg:BotCarCatesbyHS.Catesby_HS212_079_0432,""
urn:cite:botcar:catesbyLabels.typedLabel389.1,Liriodendron tulipifera L.  Catesby 1-48 Det. Richard A. Howard 1982,urn:cite:botcar:sloane.389,urn:cite:fufolioimg:BotCarCatesbyHS.Catesby_HS212_080_0431,""
urn:cite:botcar:catesbyLabels.typedLabel169.1,Nyssa aquatica L.  Catesby 1-60 designated type by Eyde (Taxon 13:131) this the typotype see also HS 212 f 67 Det. Richard A. Howard 1982,urn:cite:botcar:sloane.169,urn:cite:fufolioimg:BotCarCatesbyHS.Catesby_HS232_052_0604,""
urn:cite:botcar:catesbyLabels.typedLabel111.1,Nyssa aquatica L.  Catesby 1-60 see also HS 232 f 52 Det. Richard A. Howard,urn:cite:botcar:sloane.111,urn:cite:fufolioimg:BotCarCatesbyHS.Catesby_HS212_067_0450,""
urn:cite:botcar:catesbyLabels.typedLabel68.1,Nyssa sylvatica Marshall Catesby 1-41 Det. Richard A. Howard 1982,urn:cite:botcar:sloane.68,urn:cite:fufolioimg:BotCarCatesbyHS.Catesby_HS212_077_0425,""
urn:cite:botcar:catesbyLabels.typedLabel34.1,Osmanthus americanus (L.) Gray Catesby 1-61 Linn. cited only Catesby and this would be typotype however Green chose an unmarked sheet in Herb. L. as type specimen. Det. Richard A. Howared 1982,urn:cite:botcar:sloane.34,urn:cite:fufolioimg:BotCarCatesbyHS.Catesby_HS212_022_0484,""
urn:cite:botcar:catesbyLabels.typedLabel384.1,Oxydendrum arboreum (L) DC Catesby 1-71 see also HS 212 f 66 Det. Richard A. Howard 1982,urn:cite:botcar:sloane.384,urn:cite:fufolioimg:BotCarCatesbyHS.Catesby_HS232_057_0599,""
urn:cite:botcar:catesbyLabels.typedLabel309.1,Oxydendrum arboreum (L) DC Catesby 1-71 see also HS 232 f 57 Det. Richard A. Howard 1982,urn:cite:botcar:sloane.309,urn:cite:fufolioimg:BotCarCatesbyHS.Catesby_HS212_066_0440,""
urn:cite:botcar:catesbyLabels.typedLabel14.1,Persea borbonia (L.) Sprengel Catesby 1-63 Det. Richard A. Howard 1982,urn:cite:botcar:sloane.14,urn:cite:fufolioimg:BotCarCatesbyHS.Catesby_HS212_001_0507,""
urn:cite:botcar:catesbyLabels.typedLabel63.1,Philadephus inodorus L.  Catesby 2-84 . Dandy calls this the typotype.  Det. Richard A. Howard 1982,urn:cite:botcar:sloane.63,urn:cite:fufolioimg:BotCarCatesbyHS.Catesby_HS212_016_0494,""
urn:cite:botcar:catesbyLabels.typedLabel421.1,Platanus occidentalis L.  Catesby 1-56 Det. Richard A. Howard 1982,urn:cite:botcar:sloane.421,urn:cite:fufolioimg:BotCarCatesbyHS.Catesby_HS212_068_0449,""
urn:cite:botcar:catesbyLabels.typedLabel306.1,Podophyllum peltatum L.  Catesby 1-24 De. Richard A. Howard 1982,urn:cite:botcar:sloane.306,urn:cite:fufolioimg:BotCarCatesbyHS.Catesby_HS212_063_0451,""
urn:cite:botcar:catesbyLabels.typedLabel302.1,Populus Rouleau (Rhodora 48:103-110) concluded Catesby 1-34 was P. heterophylla but the description a mixture of P. heterophylla and P. deltoides. See also HS 212 f 52. Det. Richard A. Howard 1982,urn:cite:botcar:sloane.302,urn:cite:fufolioimg:BotCarCatesbyHS.Catesby_HS212_011_0500,""
urn:cite:botcar:catesbyLabels.typedLabel415.1,Ptelea trifoliata L.  Catesby 2-83 see also HS 212 f 66 Det. Richard A. Howard 1982,urn:cite:botcar:sloane.415,urn:cite:fufolioimg:BotCarCatesbyHS.Catesby_HS232_053_0607,""
urn:cite:botcar:catesbyLabels.typedLabel174.1,Ptelea trifoliata L.  Catesby 2-83 see also HS 232 f 53 Det. Richard A. Howard 1982,urn:cite:botcar:sloane.174,urn:cite:fufolioimg:BotCarCatesbyHS.Catesby_HS212_066_0440,""
urn:cite:botcar:catesbyLabels.typedLabel233.1,Quercus alba L.  Catesby 1-21 Det. Richard A. Howard 1982,urn:cite:botcar:sloane.233,urn:cite:fufolioimg:BotCarCatesbyHS.Catesby_HS232_091_0565,""
urn:cite:botcar:catesbyLabels.typedLabel383.1,Quercus incana Bartram; also type of Q. phellos var gamma L and Q. brevifolia Sarg. Catesby 1-22.  Det. Richard A. Howard 1982,urn:cite:botcar:sloane.383,urn:cite:fufolioimg:BotCarCatesbyHS.Catesby_HS212_078_0433,""
urn:cite:botcar:catesbyLabels.typedLabel268.1,Quercus laevis Walter Catesby 1-23 see also HS 212 f 78 Det. Richard A. Howard 1982,urn:cite:botcar:sloane.268,urn:cite:fufolioimg:BotCarCatesbyHS.Catesby_HS232_088_0566,""
urn:cite:botcar:catesbyLabels.typedLabel4.1,Quercus laevis Walter Catesby i-23 see also HS 232 f 88 Det. Richard A. Howard 1982,urn:cite:botcar:sloane.4,urn:cite:fufolioimg:BotCarCatesbyHS.Catesby_HS212_078_0433,""
urn:cite:botcar:catesbyLabels.typedLabel239.1,Quercus marilandica Muenchh.  Catesby 1-19 Det. Richard A. Howard 1982,urn:cite:botcar:sloane.239,urn:cite:fufolioimg:BotCarCatesbyHS.Catesby_HS232_093_0567,""
urn:cite:botcar:catesbyLabels.typedLabel420.1,Quercus nigra L.  Catesby 1-20 Det. Richard A. Howard 1982,urn:cite:botcar:sloane.420,urn:cite:fufolioimg:BotCarCatesbyHS.Catesby_HS232_096_0562,""
urn:cite:botcar:catesbyLabels.typedLabel55.1,Quercus phellos L.  Catesby 1-16 see also HS 212 f 77 Det. Richard A. Howard 1982,urn:cite:botcar:sloane.55,urn:cite:fufolioimg:BotCarCatesbyHS.Catesby_HS232_098_0558,""
urn:cite:botcar:catesbyLabels.typedLabel342.1,Quercus phellos L.  Catesby 1-16 see also HS 232 f 98 Det. Richard A. Howard 1982,urn:cite:botcar:sloane.342,urn:cite:fufolioimg:BotCarCatesbyHS.Catesby_HS212_077_0425,""
urn:cite:botcar:catesbyLabels.typedLabel8.1,Quercus prinus L.  Catesby 1-18 see also HS 212 f 5 Det. Richard A. Howard 1982,urn:cite:botcar:sloane.8,urn:cite:fufolioimg:BotCarCatesbyHS.Catesby_HS232_014_0642,""
urn:cite:botcar:catesbyLabels.typedLabel391.1,Quercus prinus L.@ Catesby 1-18 see also HS 232 f 14; Det. Richard A. Howard 1982.,urn:cite:botcar:sloane.391,urn:cite:fufolioimg:BotCarCatesbyHS.Catesby_HS212_005_0503,""
urn:cite:botcar:catesbyLabels.typedLabel175.1,Quercus virginiana Miller Catesby 1-17. Typotype of Quercus phellos var B ex Dandy Det. Richard A. Howard 1982,urn:cite:botcar:sloane.175,urn:cite:fufolioimg:BotCarCatesbyHS.Catesby_HS212_081_0424,""
urn:cite:botcar:catesbyLabels.typedLabel75.1,Sarracenia catesbaei (Elliot) Bell?  Casteby 2-69 see also f 20@ 45 Det. Richard A. Howard 1983,urn:cite:botcar:sloane.75,urn:cite:fufolioimg:BotCarCatesbyHS.Catesby_HS212_021_0485,""
urn:cite:botcar:catesbyLabels.typedLabel72.1,Sarracenia x catesbaei (Elliot) Bell?  Catesby 2-69 see also f 21@ 45 Det. Richard A. Howard 1982,urn:cite:botcar:sloane.72,urn:cite:fufolioimg:BotCarCatesbyHS.Catesby_HS212_020_0490,""
urn:cite:botcar:catesbyLabels.typedLabel160.1,Silene virginica L.  Catesby 2-54 Det. Silene virginica L.,urn:cite:botcar:sloane.160,urn:cite:fufolioimg:BotCarCatesbyHS.Catesby_HS212_018_0492,""
urn:cite:botcar:catesbyLabels.typedLabel263.1,Spigelia marilandica (L.) L.  Catesby 2-78 Corrected reference@ see Syst. 12:734 Det. Richard A. Howard 1982,urn:cite:botcar:sloane.263,urn:cite:fufolioimg:BotCarCatesbyHS.Catesby_HS212_033_0472,""
urn:cite:botcar:catesbyLabels.typedLabel49.1,Taxodium ascendens Det. Glynn Church@ 9.2007 Taxodium distichum (L) Richard Catesby 1-11 see also HS 212 f 4@ HS 232 f 85 Det. Richard A. Howard,urn:cite:botcar:sloane.49,urn:cite:fufolioimg:BotCarCatesbyHS.Catesby_HS232_069_0588,""
urn:cite:botcar:catesbyLabels.typedLabel316.1,Taxodium distichum (L.) Richard Catesby 1-11 See also HS 232 f 69@ f 85 Det. Richard A. Howard 1982,urn:cite:botcar:sloane.316,urn:cite:fufolioimg:BotCarCatesbyHS.Catesby_HS212_004_0501,""
urn:cite:botcar:catesbyLabels.typedLabel234.1,Taxodium distichum (L) Richard Catesby 1-11 see also HS 212 f 4@ HS 232 f 69 Det. Richard A. Howard 1982,urn:cite:botcar:sloane.234,urn:cite:fufolioimg:BotCarCatesbyHS.Catesby_HS232_085_0578,""
urn:cite:botcar:catesbyLabels.typedLabel7.1,Trillium catesbaei Elliott Catesby 1-45 typotype ex Dandy Det. Richard A. Howard 1982,urn:cite:botcar:sloane.7,urn:cite:fufolioimg:BotCarCatesbyHS.Catesby_HS212_059_0446,""
urn:cite:botcar:catesbyLabels.typedLabel322.1,Trillium maculatum Raf.  Catesby 1-50 Typotype ex Dandy Det. Richard A. Howard 1982,urn:cite:botcar:sloane.322,urn:cite:fufolioimg:BotCarCatesbyHS.Catesby_HS212_059_0446,""
