urn:cite:botcarimg:Caroliniana.Catesby_HS212_087_0417	urn:cite:botcar:CatesbyHS212.087
urn:cite:botcarimg:Caroliniana.Catesby_HS212_058b_0453	urn:cite:botcar:CatesbyHS212.58b
urn:cite:botcarimg:Caroliniana.Catesby_HS212_087_0417	urn:cite:botcar:CatesbyHS212.087
urn:cite:botcarimg:Caroliniana.Catesby_HS212_016_0494	urn:cite:botcar:CatesbyHS212.016
urn:cite:botcarimg:Caroliniana.Catesby_HS212_035_0480	urn:cite:botcar:CatesbyHS212.035
urn:cite:botcarimg:Caroliniana.Catesby_HS212_044_0463	urn:cite:botcar:CatesbyHS212.044
urn:cite:botcarimg:Caroliniana.Catesby_HS212_054_0459	urn:cite:botcar:CatesbyHS212.054
urn:cite:botcarimg:Caroliniana.Catesby_HS232_094_0560	urn:cite:botcar:CatesbyHS232.094
urn:cite:botcarimg:Caroliniana.Catesby_HS212_086_0422	urn:cite:botcar:CatesbyHS212.086
urn:cite:botcarimg:Caroliniana.Catesby_HS232_126_0529	urn:cite:botcar:CatesbyHS232.126
urn:cite:botcarimg:Caroliniana.Catesby_HS212_001_0507	urn:cite:botcar:CatesbyHS212.001
urn:cite:botcarimg:Caroliniana.Catesby_HS212_067_0450	urn:cite:botcar:CatesbyHS212.067
urn:cite:botcarimg:Caroliniana.Catesby_HS212_043_0464	urn:cite:botcar:CatesbyHS212.043
urn:cite:botcarimg:Caroliniana.Catesby_HS212_017_0495	urn:cite:botcar:CatesbyHS212.017
urn:cite:botcarimg:Caroliniana.Catesby_HS212_067_0450	urn:cite:botcar:CatesbyHS212.067
urn:cite:botcarimg:Caroliniana.Catesby_HS232_139_0518	urn:cite:botcar:CatesbyHS232.139
urn:cite:botcarimg:Caroliniana.Catesby_HS232_035_0620	urn:cite:botcar:CatesbyHS232.035
urn:cite:botcarimg:Caroliniana.Catesby_HS232_031_0630	urn:cite:botcar:CatesbyHS232.031
urn:cite:botcarimg:Caroliniana.Catesby_HS232_061_0596	urn:cite:botcar:CatesbyHS232.061
urn:cite:botcarimg:Caroliniana.Catesby_HS212_062_0452	urn:cite:botcar:CatesbyHS212.062
urn:cite:botcarimg:Caroliniana.Catesby_HS212_003_0509	urn:cite:botcar:CatesbyHS212.003
urn:cite:botcarimg:Caroliniana.Catesby_HS212_060_0445	urn:cite:botcar:CatesbyHS212.060
urn:cite:botcarimg:Caroliniana.Catesby_HS232_078_0576	urn:cite:botcar:CatesbyHS232.078
urn:cite:botcarimg:Caroliniana.Catesby_HS232_038_0614	urn:cite:botcar:CatesbyHS232.038
urn:cite:botcarimg:Caroliniana.Catesby_HS232_086_0564	urn:cite:botcar:CatesbyHS232.086
urn:cite:botcarimg:Caroliniana.Catesby_HS212_059_0446	urn:cite:botcar:CatesbyHS212.059
urn:cite:botcarimg:Caroliniana.Catesby_HS232_084_0574	urn:cite:botcar:CatesbyHS232.084
urn:cite:botcarimg:Caroliniana.Catesby_HS232_123_0537	urn:cite:botcar:CatesbyHS232.123
urn:cite:botcarimg:Caroliniana.Catesby_HS212_061_0444	urn:cite:botcar:CatesbyHS212.061
urn:cite:botcarimg:Caroliniana.Catesby_HS232_128_0527	urn:cite:botcar:CatesbyHS232.128
urn:cite:botcarimg:Caroliniana.Catesby_HS232_075_0581	urn:cite:botcar:CatesbyHS232.075
urn:cite:botcarimg:Caroliniana.Catesby_HS212_069_0438	urn:cite:botcar:CatesbyHS212.069
urn:cite:botcarimg:Caroliniana.Catesby_HS232_123_0537	urn:cite:botcar:CatesbyHS232.123
urn:cite:botcarimg:Caroliniana.Catesby_HS232_063_0593	urn:cite:botcar:CatesbyHS232.063
urn:cite:botcarimg:Caroliniana.Catesby_HS212_057_0437	urn:cite:botcar:CatesbyHS212.057
urn:cite:botcarimg:Caroliniana.Catesby_HS212_003_0509	urn:cite:botcar:CatesbyHS212.003
urn:cite:botcarimg:Caroliniana.Catesby_HS232_039_0616	urn:cite:botcar:CatesbyHS232.039
urn:cite:botcarimg:Caroliniana.Catesby_HS212_034_0477	urn:cite:botcar:CatesbyHS212.034
urn:cite:botcarimg:Caroliniana.Catesby_HS232_100_0555	urn:cite:botcar:CatesbyHS232.100
urn:cite:botcarimg:Caroliniana.Catesby_HS232_029_0624	urn:cite:botcar:CatesbyHS232.029
urn:cite:botcarimg:Caroliniana.Catesby_HS232_059_0598	urn:cite:botcar:CatesbyHS232.059
urn:cite:botcarimg:Caroliniana.Catesby_HS212_056_0466	urn:cite:botcar:CatesbyHS212.056
urn:cite:botcarimg:Caroliniana.Catesby_HS212_070_0443	urn:cite:botcar:CatesbyHS212.070
urn:cite:botcarimg:Caroliniana.Catesby_HS212_039_0479	urn:cite:botcar:CatesbyHS212.039
urn:cite:botcarimg:Caroliniana.Catesby_HS232_059_0598	urn:cite:botcar:CatesbyHS232.059
urn:cite:botcarimg:Caroliniana.Catesby_HS212_001_0507	urn:cite:botcar:CatesbyHS212.001
urn:cite:botcarimg:Caroliniana.Catesby_HS232_064_0594	urn:cite:botcar:CatesbyHS232.064
urn:cite:botcarimg:Caroliniana.Catesby_HS232_063_0593	urn:cite:botcar:CatesbyHS232.063
urn:cite:botcarimg:Caroliniana.Catesby_HS212_075_0427	urn:cite:botcar:CatesbyHS212.075
urn:cite:botcarimg:Caroliniana.Catesby_HS212_072_0428	urn:cite:botcar:CatesbyHS212.072
urn:cite:botcarimg:Caroliniana.Catesby_HS212_037_0478	urn:cite:botcar:CatesbyHS212.037
urn:cite:botcarimg:Caroliniana.Catesby_HS212_053_0458	urn:cite:botcar:CatesbyHS212.053
urn:cite:botcarimg:Caroliniana.Catesby_HS212_075_0427	urn:cite:botcar:CatesbyHS212.075
urn:cite:botcarimg:Caroliniana.Catesby_HS212_036_0475	urn:cite:botcar:CatesbyHS212.036
urn:cite:botcarimg:Caroliniana.Catesby_HS212_073_0435	urn:cite:botcar:CatesbyHS212.073
urn:cite:botcarimg:Caroliniana.Catesby_HS232_028_0631	urn:cite:botcar:CatesbyHS232.028
urn:cite:botcarimg:Caroliniana.Catesby_HS212_055_0465	urn:cite:botcar:CatesbyHS212.055
urn:cite:botcarimg:Caroliniana.Catesby_HS232_041_0617	urn:cite:botcar:CatesbyHS232.041
urn:cite:botcarimg:Caroliniana.Catesby_HS232_067_0591	urn:cite:botcar:CatesbyHS232.067
urn:cite:botcarimg:Caroliniana.Catesby_HS232_115_0541	urn:cite:botcar:CatesbyHS232.115
urn:cite:botcarimg:Caroliniana.Catesby_HS232_118_0534	urn:cite:botcar:CatesbyHS232.118
urn:cite:botcarimg:Caroliniana.Catesby_HS232_066_0590	urn:cite:botcar:CatesbyHS232.066
urn:cite:botcarimg:Caroliniana.Catesby_HS212_090_0421	urn:cite:botcar:CatesbyHS212.090
urn:cite:botcarimg:Caroliniana.Catesby_HS212_084_0429	urn:cite:botcar:CatesbyHS212.084
urn:cite:botcarimg:Caroliniana.Catesby_HS212_020_0490	urn:cite:botcar:CatesbyHS212.020
urn:cite:botcarimg:Caroliniana.Catesby_HS212_084_0429	urn:cite:botcar:CatesbyHS212.084
urn:cite:botcarimg:Caroliniana.Catesby_HS212_057_0437	urn:cite:botcar:CatesbyHS212.057
urn:cite:botcarimg:Caroliniana.Catesby_HS212_095_0409	urn:cite:botcar:CatesbyHS212.095
urn:cite:botcarimg:Caroliniana.Catesby_HS212_018_0492	urn:cite:botcar:CatesbyHS212.018
urn:cite:botcarimg:Caroliniana.Catesby_HS232_136_0522	urn:cite:botcar:CatesbyHS232.136
urn:cite:botcarimg:Caroliniana.Catesby_HS212_074_0434	urn:cite:botcar:CatesbyHS212.074
urn:cite:botcarimg:Caroliniana.Catesby_HS212_023_0489	urn:cite:botcar:CatesbyHS212.023
urn:cite:botcarimg:Caroliniana.Catesby_HS232_104_0557	urn:cite:botcar:CatesbyHS232.104
urn:cite:botcarimg:Caroliniana.Catesby_HS212_076_0426	urn:cite:botcar:CatesbyHS212.076
urn:cite:botcarimg:Caroliniana.Catesby_HS232_101_0553	urn:cite:botcar:CatesbyHS232.101
urn:cite:botcarimg:Caroliniana.Catesby_HS232_114_0545	urn:cite:botcar:CatesbyHS232.114
urn:cite:botcarimg:Caroliniana.Catesby_HS232_139_0518	urn:cite:botcar:CatesbyHS232.139
urn:cite:botcarimg:Caroliniana.Catesby_HS232_052_0604	urn:cite:botcar:CatesbyHS232.052
urn:cite:botcarimg:Caroliniana.Catesby_HS212_055_0465	urn:cite:botcar:CatesbyHS212.055
urn:cite:botcarimg:Caroliniana.Catesby_HS232_054_0603	urn:cite:botcar:CatesbyHS232.054
urn:cite:botcarimg:Caroliniana.Catesby_HS212_047_0470	urn:cite:botcar:CatesbyHS212.047
urn:cite:botcarimg:Caroliniana.Catesby_HS232_052_0604	urn:cite:botcar:CatesbyHS232.052
urn:cite:botcarimg:Caroliniana.Catesby_HS232_049_0609	urn:cite:botcar:CatesbyHS232.049
urn:cite:botcarimg:Caroliniana.Catesby_HS212_066_0440	urn:cite:botcar:CatesbyHS212.066
urn:cite:botcarimg:Caroliniana.Catesby_HS212_081_0424	urn:cite:botcar:CatesbyHS212.081
urn:cite:botcarimg:Caroliniana.Catesby_HS212_053_0458	urn:cite:botcar:CatesbyHS212.053
urn:cite:botcarimg:Caroliniana.Catesby_HS212_050_0469	urn:cite:botcar:CatesbyHS212.050
urn:cite:botcarimg:Caroliniana.Catesby_HS212_075_0427	urn:cite:botcar:CatesbyHS212.075
urn:cite:botcarimg:Caroliniana.Catesby_HS232_042_0619	urn:cite:botcar:CatesbyHS232.042
urn:cite:botcarimg:Caroliniana.Catesby_HS212_028_0482	urn:cite:botcar:CatesbyHS212.028
urn:cite:botcarimg:Caroliniana.Catesby_HS232_097_0563	urn:cite:botcar:CatesbyHS232.097
urn:cite:botcarimg:Caroliniana.Catesby_HS232_040_0621	urn:cite:botcar:CatesbyHS232.040
urn:cite:botcarimg:Caroliniana.Catesby_HS232_048_0608	urn:cite:botcar:CatesbyHS232.048
urn:cite:botcarimg:Caroliniana.Catesby_HS232_113_0544	urn:cite:botcar:CatesbyHS232.113
urn:cite:botcarimg:Caroliniana.Catesby_HS212_051_0468	urn:cite:botcar:CatesbyHS212.051
urn:cite:botcarimg:Caroliniana.Catesby_HS212_009_0502	urn:cite:botcar:CatesbyHS212.009
urn:cite:botcarimg:Caroliniana.Catesby_HS212_009_0502	urn:cite:botcar:CatesbyHS212.009
urn:cite:botcarimg:Caroliniana.Catesby_HS212_073_0435	urn:cite:botcar:CatesbyHS212.073
urn:cite:botcarimg:Caroliniana.Catesby_HS212_064_0442	urn:cite:botcar:CatesbyHS212.064
urn:cite:botcarimg:Caroliniana.Catesby_HS212_065_0441	urn:cite:botcar:CatesbyHS212.065
urn:cite:botcarimg:Caroliniana.Catesby_HS232_034_0634	urn:cite:botcar:CatesbyHS232.034
urn:cite:botcarimg:Caroliniana.Catesby_HS212_074_0434	urn:cite:botcar:CatesbyHS212.074
urn:cite:botcarimg:Caroliniana.Catesby_HS212_022_0484	urn:cite:botcar:CatesbyHS212.022
urn:cite:botcarimg:Caroliniana.Catesby_HS212_006_0499	urn:cite:botcar:CatesbyHS212.006
urn:cite:botcarimg:Caroliniana.Catesby_HS232_121_0535	urn:cite:botcar:CatesbyHS232.121
urn:cite:botcarimg:Caroliniana.Catesby_HS212_065_0441	urn:cite:botcar:CatesbyHS212.065
urn:cite:botcarimg:Caroliniana.Catesby_HS212_062_0452	urn:cite:botcar:CatesbyHS212.062
urn:cite:botcarimg:Caroliniana.Catesby_HS232_061_0596	urn:cite:botcar:CatesbyHS232.061
urn:cite:botcarimg:Caroliniana.Catesby_HS232_076_0583	urn:cite:botcar:CatesbyHS232.076
urn:cite:botcarimg:Caroliniana.Catesby_HS232_060_0597	urn:cite:botcar:CatesbyHS232.060
urn:cite:botcarimg:Caroliniana.Catesby_HS232_134_0520	urn:cite:botcar:CatesbyHS232.134
urn:cite:botcarimg:Caroliniana.Catesby_HS232_047_0613	urn:cite:botcar:CatesbyHS232.047
urn:cite:botcarimg:Caroliniana.Catesby_HS212_034_0477	urn:cite:botcar:CatesbyHS212.034
urn:cite:botcarimg:Caroliniana.Catesby_HS212_049_0461	urn:cite:botcar:CatesbyHS212.049
urn:cite:botcarimg:Caroliniana.Catesby_HS212_038_0473	urn:cite:botcar:CatesbyHS212.038
urn:cite:botcarimg:Caroliniana.Catesby_HS232_072_0584	urn:cite:botcar:CatesbyHS232.072
urn:cite:botcarimg:Caroliniana.Catesby_HS232_071_0587	urn:cite:botcar:CatesbyHS232.071
urn:cite:botcarimg:Caroliniana.Catesby_HS232_073_0585	urn:cite:botcar:CatesbyHS232.073
urn:cite:botcarimg:Caroliniana.Catesby_HS212_044_0463	urn:cite:botcar:CatesbyHS212.044
urn:cite:botcarimg:Caroliniana.Catesby_HS232_044_0610	urn:cite:botcar:CatesbyHS232.044
urn:cite:botcarimg:Caroliniana.Catesby_HS212_029_0481	urn:cite:botcar:CatesbyHS212.029
urn:cite:botcarimg:Caroliniana.Catesby_HS212_047_0470	urn:cite:botcar:CatesbyHS212.047
urn:cite:botcarimg:Caroliniana.Catesby_HS212_048_0462	urn:cite:botcar:CatesbyHS212.048
urn:cite:botcarimg:Caroliniana.Catesby_HS232_036_0622	urn:cite:botcar:CatesbyHS232.036
urn:cite:botcarimg:Caroliniana.Catesby_HS232_040_0621	urn:cite:botcar:CatesbyHS232.040
urn:cite:botcarimg:Caroliniana.Catesby_HS212_007_0504	urn:cite:botcar:CatesbyHS212.007
urn:cite:botcarimg:Caroliniana.Catesby_HS232_117_0540	urn:cite:botcar:CatesbyHS232.117
urn:cite:botcarimg:Caroliniana.Catesby_HS212_094_0408	urn:cite:botcar:CatesbyHS212.094
urn:cite:botcarimg:Caroliniana.Catesby_HS232_061_0596	urn:cite:botcar:CatesbyHS232.061
urn:cite:botcarimg:Caroliniana.Catesby_HS212_092_0418	urn:cite:botcar:CatesbyHS212.092
urn:cite:botcarimg:Caroliniana.Catesby_HS212_092_0418	urn:cite:botcar:CatesbyHS212.092
urn:cite:botcarimg:Caroliniana.Catesby_HS212_096_0413	urn:cite:botcar:CatesbyHS212.096
urn:cite:botcarimg:Caroliniana.Catesby_HS232_056_0602	urn:cite:botcar:CatesbyHS232.056
urn:cite:botcarimg:Caroliniana.Catesby_HS212_088_0419	urn:cite:botcar:CatesbyHS212.088
urn:cite:botcarimg:Caroliniana.Catesby_HS212_041_0456	urn:cite:botcar:CatesbyHS212.041
urn:cite:botcarimg:Caroliniana.Catesby_HS212_094_0408	urn:cite:botcar:CatesbyHS212.094
urn:cite:botcarimg:Caroliniana.Catesby_HS212_063_0451	urn:cite:botcar:CatesbyHS212.063
urn:cite:botcarimg:Caroliniana.Catesby_HS232_086_0564	urn:cite:botcar:CatesbyHS232.086
urn:cite:botcarimg:Caroliniana.Catesby_HS212_039_0479	urn:cite:botcar:CatesbyHS212.039
urn:cite:botcarimg:Caroliniana.Catesby_HS212_026_0487	urn:cite:botcar:CatesbyHS212.026
urn:cite:botcarimg:Caroliniana.Catesby_HS232_083_0572	urn:cite:botcar:CatesbyHS232.083
urn:cite:botcarimg:Caroliniana.Catesby_HS232_087_0569	urn:cite:botcar:CatesbyHS232.087
urn:cite:botcarimg:Caroliniana.Catesby_HS212_002_0510	urn:cite:botcar:CatesbyHS212.002
urn:cite:botcarimg:Caroliniana.Catesby_HS212_032_0476	urn:cite:botcar:CatesbyHS212.032
urn:cite:botcarimg:Caroliniana.Catesby_HS232_079_0573	urn:cite:botcar:CatesbyHS232.079
urn:cite:botcarimg:Caroliniana.Catesby_HS212_033_0472	urn:cite:botcar:CatesbyHS212.033
urn:cite:botcarimg:Caroliniana.Catesby_HS232_078_0576	urn:cite:botcar:CatesbyHS232.078
urn:cite:botcarimg:Caroliniana.Catesby_HS232_089_0568	urn:cite:botcar:CatesbyHS232.089
urn:cite:botcarimg:Caroliniana.Catesby_HS212_060_0445	urn:cite:botcar:CatesbyHS212.060
urn:cite:botcarimg:Caroliniana.Catesby_HS232_091_0565	urn:cite:botcar:CatesbyHS232.091
urn:cite:botcarimg:Caroliniana.Catesby_HS232_085_0578	urn:cite:botcar:CatesbyHS232.085
urn:cite:botcarimg:Caroliniana.Catesby_HS212_062_0452	urn:cite:botcar:CatesbyHS212.062
urn:cite:botcarimg:Caroliniana.Catesby_HS232_077_0582	urn:cite:botcar:CatesbyHS232.077
urn:cite:botcarimg:Caroliniana.Catesby_HS212_095_0409	urn:cite:botcar:CatesbyHS212.095
urn:cite:botcarimg:Caroliniana.Catesby_HS212_004_0501	urn:cite:botcar:CatesbyHS212.004
urn:cite:botcarimg:Caroliniana.Catesby_HS232_093_0567	urn:cite:botcar:CatesbyHS232.093
urn:cite:botcarimg:Caroliniana.Catesby_HS212_041_0456	urn:cite:botcar:CatesbyHS212.041
urn:cite:botcarimg:Caroliniana.Catesby_HS212_044_0463	urn:cite:botcar:CatesbyHS212.044
urn:cite:botcarimg:Caroliniana.Catesby_HS212_044_0463	urn:cite:botcar:CatesbyHS212.044
urn:cite:botcarimg:Caroliniana.Catesby_HS232_065_0592	urn:cite:botcar:CatesbyHS232.065
urn:cite:botcarimg:Caroliniana.Catesby_HS212_079_0432	urn:cite:botcar:CatesbyHS212.079
urn:cite:botcarimg:Caroliniana.Catesby_HS212_081_0424	urn:cite:botcar:CatesbyHS212.081
urn:cite:botcarimg:Caroliniana.Catesby_HS232_058_0600	urn:cite:botcar:CatesbyHS232.058
urn:cite:botcarimg:Caroliniana.Catesby_HS212_036_0475	urn:cite:botcar:CatesbyHS212.036
urn:cite:botcarimg:Caroliniana.Catesby_HS212_045_0454	urn:cite:botcar:CatesbyHS212.045
urn:cite:botcarimg:Caroliniana.Catesby_HS212_083_0430	urn:cite:botcar:CatesbyHS212.083
urn:cite:botcarimg:Caroliniana.Catesby_HS232_137_0519	urn:cite:botcar:CatesbyHS232.137
urn:cite:botcarimg:Caroliniana.Catesby_HS212_033_0472	urn:cite:botcar:CatesbyHS212.033
urn:cite:botcarimg:Caroliniana.Catesby_HS212_048_0462	urn:cite:botcar:CatesbyHS212.048
urn:cite:botcarimg:Caroliniana.Catesby_HS212_047_0470	urn:cite:botcar:CatesbyHS212.046
urn:cite:botcarimg:Caroliniana.Catesby_HS212_047_0470	urn:cite:botcar:CatesbyHS212.047
urn:cite:botcarimg:Caroliniana.Catesby_HS212_045_0454	urn:cite:botcar:CatesbyHS212.045
urn:cite:botcarimg:Caroliniana.Catesby_HS232_061_0596	urn:cite:botcar:CatesbyHS232.061
urn:cite:botcarimg:Caroliniana.Catesby_HS232_127_0530	urn:cite:botcar:CatesbyHS232.127
urn:cite:botcarimg:Caroliniana.Catesby_HS212_037_0478	urn:cite:botcar:CatesbyHS212.037
urn:cite:botcarimg:Caroliniana.Catesby_HS212_049_0461	urn:cite:botcar:CatesbyHS212.049
urn:cite:botcarimg:Caroliniana.Catesby_HS212_043_0464	urn:cite:botcar:CatesbyHS212.043
urn:cite:botcarimg:Caroliniana.Catesby_HS212_050_0469	urn:cite:botcar:CatesbyHS212.050
urn:cite:botcarimg:Caroliniana.Catesby_HS232_121_0535	urn:cite:botcar:CatesbyHS232.121
urn:cite:botcarimg:Caroliniana.Catesby_HS212_011_0500	urn:cite:botcar:CatesbyHS212.011
urn:cite:botcarimg:Caroliniana.Catesby_HS212_012_0493	urn:cite:botcar:CatesbyHS212.012
urn:cite:botcarimg:Caroliniana.Catesby_HS212_013_0497	urn:cite:botcar:CatesbyHS212.013
urn:cite:botcarimg:Caroliniana.Catesby_HS212_033_0472	urn:cite:botcar:CatesbyHS212.033
urn:cite:botcarimg:Caroliniana.Catesby_HS212_089_0416	urn:cite:botcar:CatesbyHS212.089
urn:cite:botcarimg:Caroliniana.Catesby_HS212_035_0480	urn:cite:botcar:CatesbyHS212.035
urn:cite:botcarimg:Caroliniana.Catesby_HS212_030_0486	urn:cite:botcar:CatesbyHS212.030
urn:cite:botcarimg:Caroliniana.Catesby_HS212_060_0445	urn:cite:botcar:CatesbyHS212.060
urn:cite:botcarimg:Caroliniana.Catesby_HS232_088_0566	urn:cite:botcar:CatesbyHS232.088
urn:cite:botcarimg:Caroliniana.Catesby_HS232_099_0554	urn:cite:botcar:CatesbyHS232.099
urn:cite:botcarimg:Caroliniana.Catesby_HS232_061_0596	urn:cite:botcar:CatesbyHS232.061
urn:cite:botcarimg:Caroliniana.Catesby_HS212_029_0481	urn:cite:botcar:CatesbyHS212.029
urn:cite:botcarimg:Caroliniana.Catesby_HS212_064_0442	urn:cite:botcar:CatesbyHS212.064
urn:cite:botcarimg:Caroliniana.Catesby_HS232_127_0530	urn:cite:botcar:CatesbyHS232.127
urn:cite:botcarimg:Caroliniana.Catesby_HS232_122_0536	urn:cite:botcar:CatesbyHS232.122
urn:cite:botcarimg:Caroliniana.Catesby_HS232_061_0596	urn:cite:botcar:CatesbyHS232.061
urn:cite:botcarimg:Caroliniana.Catesby_HS232_044_0610	urn:cite:botcar:CatesbyHS232.044
urn:cite:botcarimg:Caroliniana.Catesby_HS212_056_0466	urn:cite:botcar:CatesbyHS212.056
urn:cite:botcarimg:Caroliniana.Catesby_HS212_090_0421	urn:cite:botcar:CatesbyHS212.090
urn:cite:botcarimg:Caroliniana.Catesby_HS212_015_0496	urn:cite:botcar:CatesbyHS212.015
urn:cite:botcarimg:Caroliniana.Catesby_HS212_086_0422	urn:cite:botcar:CatesbyHS212.086
urn:cite:botcarimg:Caroliniana.Catesby_HS232_119_0538	urn:cite:botcar:CatesbyHS232.119
urn:cite:botcarimg:Caroliniana.Catesby_HS232_106_0546	urn:cite:botcar:CatesbyHS232.106
urn:cite:botcarimg:Caroliniana.Catesby_HS212_034_0477	urn:cite:botcar:CatesbyHS212.034
urn:cite:botcarimg:Caroliniana.Catesby_HS212_042_0455	urn:cite:botcar:CatesbyHS212.042
urn:cite:botcarimg:Caroliniana.Catesby_HS212_036_0475	urn:cite:botcar:CatesbyHS212.036
urn:cite:botcarimg:Caroliniana.Catesby_HS212_027_0483	urn:cite:botcar:CatesbyHS212.027
urn:cite:botcarimg:Caroliniana.Catesby_HS232_061_0596	urn:cite:botcar:CatesbyHS232.061
urn:cite:botcarimg:Caroliniana.Catesby_HS212_030_0486	urn:cite:botcar:CatesbyHS212.030
urn:cite:botcarimg:Caroliniana.Catesby_HS212_030_0486	urn:cite:botcar:CatesbyHS212.030
urn:cite:botcarimg:Caroliniana.Catesby_HS212_037_0478	urn:cite:botcar:CatesbyHS212.037
urn:cite:botcarimg:Caroliniana.Catesby_HS232_105_0548	urn:cite:botcar:CatesbyHS232.105
urn:cite:botcarimg:Caroliniana.Catesby_HS232_122_0536	urn:cite:botcar:CatesbyHS232.122
urn:cite:botcarimg:Caroliniana.Catesby_HS212_083_0430	urn:cite:botcar:CatesbyHS212.083
urn:cite:botcarimg:Caroliniana.Catesby_HS232_064_0594	urn:cite:botcar:CatesbyHS232.064
urn:cite:botcarimg:Caroliniana.Catesby_HS212_002_0510	urn:cite:botcar:CatesbyHS212.002
urn:cite:botcarimg:Caroliniana.Catesby_HS212_064_0442	urn:cite:botcar:CatesbyHS212.064
urn:cite:botcarimg:Caroliniana.Catesby_HS212_031_0474	urn:cite:botcar:CatesbyHS212.031
urn:cite:botcarimg:Caroliniana.Catesby_HS212_055_0465	urn:cite:botcar:CatesbyHS212.055
urn:cite:botcarimg:Caroliniana.Catesby_HS232_050_0605	urn:cite:botcar:CatesbyHS232.050
urn:cite:botcarimg:Caroliniana.Catesby_HS212_032_0476	urn:cite:botcar:CatesbyHS212.032
urn:cite:botcarimg:Caroliniana.Catesby_HS212_040_0457	urn:cite:botcar:CatesbyHS212.040
urn:cite:botcarimg:Caroliniana.Catesby_HS232_046_0612	urn:cite:botcar:CatesbyHS232.046
urn:cite:botcarimg:Caroliniana.Catesby_HS212_064_0442	urn:cite:botcar:CatesbyHS212.064
urn:cite:botcarimg:Caroliniana.Catesby_HS212_052_0467	urn:cite:botcar:CatesbyHS212.052
urn:cite:botcarimg:Caroliniana.Catesby_HS232_131_0525	urn:cite:botcar:CatesbyHS232.131
urn:cite:botcarimg:Caroliniana.Catesby_HS212_052_0467	urn:cite:botcar:CatesbyHS212.052
urn:cite:botcarimg:Caroliniana.Catesby_HS212_011_0500	urn:cite:botcar:CatesbyHS212.011
urn:cite:botcarimg:Caroliniana.Catesby_HS232_061_0596	urn:cite:botcar:CatesbyHS232.061
urn:cite:botcarimg:Caroliniana.Catesby_HS232_119_0538	urn:cite:botcar:CatesbyHS232.119
urn:cite:botcarimg:Caroliniana.Catesby_HS212_065_0441	urn:cite:botcar:CatesbyHS212.065
urn:cite:botcarimg:Caroliniana.Catesby_HS212_063_0451	urn:cite:botcar:CatesbyHS212.063
urn:cite:botcarimg:Caroliniana.Catesby_HS232_028_0631	urn:cite:botcar:CatesbyHS232.028
urn:cite:botcarimg:Caroliniana.Catesby_HS232_092_0570	urn:cite:botcar:CatesbyHS232.092
urn:cite:botcarimg:Caroliniana.Catesby_HS212_066_0440	urn:cite:botcar:CatesbyHS212.066
urn:cite:botcarimg:Caroliniana.Catesby_HS232_131_0525	urn:cite:botcar:CatesbyHS232.131
urn:cite:botcarimg:Caroliniana.Catesby_HS212_008_0506	urn:cite:botcar:CatesbyHS212.008
urn:cite:botcarimg:Caroliniana.Catesby_HS232_119_0538	urn:cite:botcar:CatesbyHS232.119
urn:cite:botcarimg:Caroliniana.Catesby_HS232_139_0518	urn:cite:botcar:CatesbyHS232.139
urn:cite:botcarimg:Caroliniana.Catesby_HS212_058a_0436	urn:cite:botcar:CatesbyHS212.58a
urn:cite:botcarimg:Caroliniana.Catesby_HS212_007_0504	urn:cite:botcar:CatesbyHS212.007
urn:cite:botcarimg:Caroliniana.Catesby_HS212_009_0502	urn:cite:botcar:CatesbyHS212.009
urn:cite:botcarimg:Caroliniana.Catesby_HS212_004_0501	urn:cite:botcar:CatesbyHS212.004
urn:cite:botcarimg:Caroliniana.Catesby_HS212_010_0505	urn:cite:botcar:CatesbyHS212.010
urn:cite:botcarimg:Caroliniana.Catesby_HS212_026_0487	urn:cite:botcar:CatesbyHS212.026
urn:cite:botcarimg:Caroliniana.Catesby_HS212_054_0459	urn:cite:botcar:CatesbyHS212.054
urn:cite:botcarimg:Caroliniana.Catesby_HS232_122_0536	urn:cite:botcar:CatesbyHS232.122
urn:cite:botcarimg:Caroliniana.Catesby_HS212_056_0466	urn:cite:botcar:CatesbyHS212.056
urn:cite:botcarimg:Caroliniana.Catesby_HS212_057_0437	urn:cite:botcar:CatesbyHS212.057
urn:cite:botcarimg:Caroliniana.Catesby_HS212_059_0446	urn:cite:botcar:CatesbyHS212.059
urn:cite:botcarimg:Caroliniana.Catesby_HS232_079_0573	urn:cite:botcar:CatesbyHS232.079
urn:cite:botcarimg:Caroliniana.Catesby_HS232_083_0572	urn:cite:botcar:CatesbyHS232.083
urn:cite:botcarimg:Caroliniana.Catesby_HS232_111_0542	urn:cite:botcar:CatesbyHS232.111
urn:cite:botcarimg:Caroliniana.Catesby_HS232_115_0541	urn:cite:botcar:CatesbyHS232.115
urn:cite:botcarimg:Caroliniana.Catesby_HS212_007_0504	urn:cite:botcar:CatesbyHS212.007
urn:cite:botcarimg:Caroliniana.Catesby_HS232_107_0547	urn:cite:botcar:CatesbyHS232.107
urn:cite:botcarimg:Caroliniana.Catesby_HS212_041_0456	urn:cite:botcar:CatesbyHS212.041
urn:cite:botcarimg:Caroliniana.Catesby_HS212_065_0441	urn:cite:botcar:CatesbyHS212.065
urn:cite:botcarimg:Caroliniana.Catesby_HS212_083_0430	urn:cite:botcar:CatesbyHS212.083
urn:cite:botcarimg:Caroliniana.Catesby_HS212_030_0486	urn:cite:botcar:CatesbyHS212.030
urn:cite:botcarimg:Caroliniana.Catesby_HS212_041_0456	urn:cite:botcar:CatesbyHS212.041
urn:cite:botcarimg:Caroliniana.Catesby_HS212_072_0428	urn:cite:botcar:CatesbyHS212.072
urn:cite:botcarimg:Caroliniana.Catesby_HS212_043_0464	urn:cite:botcar:CatesbyHS212.043
urn:cite:botcarimg:Caroliniana.Catesby_HS232_108_0549	urn:cite:botcar:CatesbyHS232.108
urn:cite:botcarimg:Caroliniana.Catesby_HS232_103_0552	urn:cite:botcar:CatesbyHS232.103
urn:cite:botcarimg:Caroliniana.Catesby_HS232_116_0539	urn:cite:botcar:CatesbyHS232.116
urn:cite:botcarimg:Caroliniana.Catesby_HS232_049_0609	urn:cite:botcar:CatesbyHS232.049
urn:cite:botcarimg:Caroliniana.Catesby_HS212_058b_0453	urn:cite:botcar:CatesbyHS212.58b
urn:cite:botcarimg:Caroliniana.Catesby_HS212_022_0484	urn:cite:botcar:CatesbyHS212.022
urn:cite:botcarimg:Caroliniana.Catesby_HS212_082_0423	urn:cite:botcar:CatesbyHS212.082
urn:cite:botcarimg:Caroliniana.Catesby_HS232_135_0521	urn:cite:botcar:CatesbyHS232.135
urn:cite:botcarimg:Caroliniana.Catesby_HS212_077_0425	urn:cite:botcar:CatesbyHS212.077
urn:cite:botcarimg:Caroliniana.Catesby_HS212_034_0477	urn:cite:botcar:CatesbyHS212.034
urn:cite:botcarimg:Caroliniana.Catesby_HS212_051_0468	urn:cite:botcar:CatesbyHS212.051
urn:cite:botcarimg:Caroliniana.Catesby_HS232_032_0629	urn:cite:botcar:CatesbyHS232.032
urn:cite:botcarimg:Caroliniana.Catesby_HS232_029_0624	urn:cite:botcar:CatesbyHS232.029
urn:cite:botcarimg:Caroliniana.Catesby_HS232_074_0580	urn:cite:botcar:CatesbyHS232.074
urn:cite:botcarimg:Caroliniana.Catesby_HS212_063_0451	urn:cite:botcar:CatesbyHS212.063
urn:cite:botcarimg:Caroliniana.Catesby_HS232_068_0589	urn:cite:botcar:CatesbyHS232.068
urn:cite:botcarimg:Caroliniana.Catesby_HS212_006_0499	urn:cite:botcar:CatesbyHS212.006
urn:cite:botcarimg:Caroliniana.Catesby_HS232_133_0524	urn:cite:botcar:CatesbyHS232.133
urn:cite:botcarimg:Caroliniana.Catesby_HS212_053_0458	urn:cite:botcar:CatesbyHS212.053
urn:cite:botcarimg:Caroliniana.Catesby_HS212_050_0469	urn:cite:botcar:CatesbyHS212.050
urn:cite:botcarimg:Caroliniana.Catesby_HS232_030_0623	urn:cite:botcar:CatesbyHS232.030
urn:cite:botcarimg:Caroliniana.Catesby_HS232_125_0532	urn:cite:botcar:CatesbyHS232.125
urn:cite:botcarimg:Caroliniana.Catesby_HS212_087_0417	urn:cite:botcar:CatesbyHS212.087
urn:cite:botcarimg:Caroliniana.Catesby_HS212_020_0490	urn:cite:botcar:CatesbyHS212.020
urn:cite:botcarimg:Caroliniana.Catesby_HS232_061_0596	urn:cite:botcar:CatesbyHS232.061
urn:cite:botcarimg:Caroliniana.Catesby_HS212_058a_0436	urn:cite:botcar:CatesbyHS212.58a
urn:cite:botcarimg:Caroliniana.Catesby_HS212_019_0491	urn:cite:botcar:CatesbyHS212.019
urn:cite:botcarimg:Caroliniana.Catesby_HS232_030_0623	urn:cite:botcar:CatesbyHS232.030
urn:cite:botcarimg:Caroliniana.Catesby_HS232_121_0535	urn:cite:botcar:CatesbyHS232.121
urn:cite:botcarimg:Caroliniana.Catesby_HS232_139_0518	urn:cite:botcar:CatesbyHS232.139
urn:cite:botcarimg:Caroliniana.Catesby_HS212_092_0418	urn:cite:botcar:CatesbyHS212.092
urn:cite:botcarimg:Caroliniana.Catesby_HS212_058b_0453	urn:cite:botcar:CatesbyHS212.58b
urn:cite:botcarimg:Caroliniana.Catesby_HS212_091_0414	urn:cite:botcar:CatesbyHS212.091
urn:cite:botcarimg:Caroliniana.Catesby_HS232_061_0596	urn:cite:botcar:CatesbyHS232.061
urn:cite:botcarimg:Caroliniana.Catesby_HS212_093_0415	urn:cite:botcar:CatesbyHS212.093
urn:cite:botcarimg:Caroliniana.Catesby_HS232_030_0623	urn:cite:botcar:CatesbyHS232.030
urn:cite:botcarimg:Caroliniana.Catesby_HS212_094_0408	urn:cite:botcar:CatesbyHS212.094
urn:cite:botcarimg:Caroliniana.Catesby_HS232_031_0630	urn:cite:botcar:CatesbyHS232.031
urn:cite:botcarimg:Caroliniana.Catesby_HS232_129_0528	urn:cite:botcar:CatesbyHS232.129
urn:cite:botcarimg:Caroliniana.Catesby_HS212_094_0408	urn:cite:botcar:CatesbyHS212.094
urn:cite:botcarimg:Caroliniana.Catesby_HS232_068_0589	urn:cite:botcar:CatesbyHS232.068
urn:cite:botcarimg:Caroliniana.Catesby_HS212_014_0498	urn:cite:botcar:CatesbyHS212.014
urn:cite:botcarimg:Caroliniana.Catesby_HS232_105_0548	urn:cite:botcar:CatesbyHS232.105
urn:cite:botcarimg:Caroliniana.Catesby_HS212_041_0456	urn:cite:botcar:CatesbyHS212.041
urn:cite:botcarimg:Caroliniana.Catesby_HS232_037_0618	urn:cite:botcar:CatesbyHS232.037
urn:cite:botcarimg:Caroliniana.Catesby_HS232_080_0577	urn:cite:botcar:CatesbyHS232.080
urn:cite:botcarimg:Caroliniana.Catesby_HS232_077_0582	urn:cite:botcar:CatesbyHS232.077
urn:cite:botcarimg:Caroliniana.Catesby_HS232_061_0596	urn:cite:botcar:CatesbyHS232.061
urn:cite:botcarimg:Caroliniana.Catesby_HS212_096_0413	urn:cite:botcar:CatesbyHS212.096
urn:cite:botcarimg:Caroliniana.Catesby_HS232_028_0631	urn:cite:botcar:CatesbyHS232.028
urn:cite:botcarimg:Caroliniana.Catesby_HS232_061_0596	urn:cite:botcar:CatesbyHS232.061
urn:cite:botcarimg:Caroliniana.Catesby_HS212_083_0430	urn:cite:botcar:CatesbyHS212.083
urn:cite:botcarimg:Caroliniana.Catesby_HS212_085_0420	urn:cite:botcar:CatesbyHS212.085
urn:cite:botcarimg:Caroliniana.Catesby_HS212_078_0433	urn:cite:botcar:CatesbyHS212.078
urn:cite:botcarimg:Caroliniana.Catesby_HS232_057_0599	urn:cite:botcar:CatesbyHS232.057
urn:cite:botcarimg:Caroliniana.Catesby_HS212_096_0413	urn:cite:botcar:CatesbyHS212.096
urn:cite:botcarimg:Caroliniana.Catesby_HS232_061_0596	urn:cite:botcar:CatesbyHS232.061
urn:cite:botcarimg:Caroliniana.Catesby_HS212_008_0506	urn:cite:botcar:CatesbyHS212.008
urn:cite:botcarimg:Caroliniana.Catesby_HS212_007_0504	urn:cite:botcar:CatesbyHS212.007
urn:cite:botcarimg:Caroliniana.Catesby_HS212_080_0431	urn:cite:botcar:CatesbyHS212.080
urn:cite:botcarimg:Caroliniana.Catesby_HS212_054_0459	urn:cite:botcar:CatesbyHS212.054
urn:cite:botcarimg:Caroliniana.Catesby_HS212_006_0499	urn:cite:botcar:CatesbyHS212.006
urn:cite:botcarimg:Caroliniana.Catesby_HS212_005_0503	urn:cite:botcar:CatesbyHS212.005
urn:cite:botcarimg:Caroliniana.Catesby_HS212_019_0491	urn:cite:botcar:CatesbyHS212.019
urn:cite:botcarimg:Caroliniana.Catesby_HS212_010_0505	urn:cite:botcar:CatesbyHS212.010
urn:cite:botcarimg:Caroliniana.Catesby_HS212_051_0468	urn:cite:botcar:CatesbyHS212.051
urn:cite:botcarimg:Caroliniana.Catesby_HS212_018_0492	urn:cite:botcar:CatesbyHS212.018
urn:cite:botcarimg:Caroliniana.Catesby_HS232_082_0575	urn:cite:botcar:CatesbyHS232.082
urn:cite:botcarimg:Caroliniana.Catesby_HS232_134_0520	urn:cite:botcar:CatesbyHS232.134
urn:cite:botcarimg:Caroliniana.Catesby_HS232_102_0556	urn:cite:botcar:CatesbyHS232.102
urn:cite:botcarimg:Caroliniana.Catesby_HS212_089_0416	urn:cite:botcar:CatesbyHS212.089
urn:cite:botcarimg:Caroliniana.Catesby_HS212_078_0433	urn:cite:botcar:CatesbyHS212.078
urn:cite:botcarimg:Caroliniana.Catesby_HS212_029_0481	urn:cite:botcar:CatesbyHS212.029
urn:cite:botcarimg:Caroliniana.Catesby_HS212_085_0420	urn:cite:botcar:CatesbyHS212.085
urn:cite:botcarimg:Caroliniana.Catesby_HS212_088_0419	urn:cite:botcar:CatesbyHS212.088
urn:cite:botcarimg:Caroliniana.Catesby_HS212_015_0496	urn:cite:botcar:CatesbyHS212.015
urn:cite:botcarimg:Caroliniana.Catesby_HS212_086_0422	urn:cite:botcar:CatesbyHS212.086
urn:cite:botcarimg:Caroliniana.Catesby_HS232_040_0621	urn:cite:botcar:CatesbyHS232.040
urn:cite:botcarimg:Caroliniana.Catesby_HS232_112_0543	urn:cite:botcar:CatesbyHS232.112
urn:cite:botcarimg:Caroliniana.Catesby_HS212_019_0491	urn:cite:botcar:CatesbyHS212.019
urn:cite:botcarimg:Caroliniana.Catesby_HS212_023_0489	urn:cite:botcar:CatesbyHS212.023
urn:cite:botcarimg:Caroliniana.Catesby_HS212_031_0474	urn:cite:botcar:CatesbyHS212.031
urn:cite:botcarimg:Caroliniana.Catesby_HS212_035_0480	urn:cite:botcar:CatesbyHS212.035
urn:cite:botcarimg:Caroliniana.Catesby_HS212_025_0488	urn:cite:botcar:CatesbyHS212.025
urn:cite:botcarimg:Caroliniana.Catesby_HS212_041_0456	urn:cite:botcar:CatesbyHS212.041
urn:cite:botcarimg:Caroliniana.Catesby_HS232_103_0552	urn:cite:botcar:CatesbyHS232.103
urn:cite:botcarimg:Caroliniana.Catesby_HS212_005_0503	urn:cite:botcar:CatesbyHS212.005
urn:cite:botcarimg:Caroliniana.Catesby_HS232_070_0586	urn:cite:botcar:CatesbyHS232.070
urn:cite:botcarimg:Caroliniana.Catesby_HS212_032_0476	urn:cite:botcar:CatesbyHS212.032
urn:cite:botcarimg:Caroliniana.Catesby_HS232_053_0607	urn:cite:botcar:CatesbyHS232.053
urn:cite:botcarimg:Caroliniana.Catesby_HS212_096_0413	urn:cite:botcar:CatesbyHS212.096
urn:cite:botcarimg:Caroliniana.Catesby_HS212_015_0496	urn:cite:botcar:CatesbyHS212.015
urn:cite:botcarimg:Caroliniana.Catesby_HS212_042_0455	urn:cite:botcar:CatesbyHS212.042
urn:cite:botcarimg:Caroliniana.Catesby_HS232_035_0620	urn:cite:botcar:CatesbyHS232.035
urn:cite:botcarimg:Caroliniana.Catesby_HS212_063_0451	urn:cite:botcar:CatesbyHS212.063
urn:cite:botcarimg:Caroliniana.Catesby_HS232_096_0562	urn:cite:botcar:CatesbyHS232.096
urn:cite:botcarimg:Caroliniana.Catesby_HS212_068_0449	urn:cite:botcar:CatesbyHS212.068
urn:cite:botcarimg:Caroliniana.Catesby_HS212_012_0493	urn:cite:botcar:CatesbyHS212.012
urn:cite:botcarimg:Caroliniana.Catesby_HS212_040_0457	urn:cite:botcar:CatesbyHS212.040
urn:cite:botcarimg:Caroliniana.Catesby_HS212_058b_0453	urn:cite:botcar:CatesbyHS212.58b
urn:cite:botcarimg:Caroliniana.Catesby_HS232_130_0526	urn:cite:botcar:CatesbyHS232.130
urn:cite:botcarimg:Caroliniana.Catesby_HS212_060_0445	urn:cite:botcar:CatesbyHS212.060
urn:cite:botcarimg:Caroliniana.Catesby_HS232_041_0617	urn:cite:botcar:CatesbyHS232.041
urn:cite:botcarimg:Caroliniana.Catesby_HS212_074_0434	urn:cite:botcar:CatesbyHS212.074
urn:cite:botcarimg:Caroliniana.Catesby_HS212_062_0452	urn:cite:botcar:CatesbyHS212.062
urn:cite:botcarimg:Caroliniana.Catesby_HS212_022_0484	urn:cite:botcar:CatesbyHS212.022
urn:cite:botcarimg:Caroliniana.Catesby_HS212_059_0446	urn:cite:botcar:CatesbyHS212.059
urn:cite:botcarimg:Caroliniana.Catesby_HS212_061_0444	urn:cite:botcar:CatesbyHS212.061
urn:cite:botcarimg:Caroliniana.Catesby_HS212_059_0446	urn:cite:botcar:CatesbyHS212.059
urn:cite:botcarimg:Caroliniana.Catesby_HS232_111_0542	urn:cite:botcar:CatesbyHS232.111
urn:cite:botcarimg:Caroliniana.Catesby_HS212_040_0457	urn:cite:botcar:CatesbyHS212.040
urn:cite:botcarimg:Caroliniana.Catesby_HS212_056_0466	urn:cite:botcar:CatesbyHS212.056
urn:cite:botcarimg:Caroliniana.Catesby_HS212_016_0494	urn:cite:botcar:CatesbyHS212.016
urn:cite:botcarimg:Caroliniana.Catesby_HS232_068_0589	urn:cite:botcar:CatesbyHS232.068
urn:cite:botcarimg:Caroliniana.Catesby_HS232_069_0588	urn:cite:botcar:CatesbyHS232.069
urn:cite:botcarimg:Caroliniana.Catesby_HS212_010_0505	urn:cite:botcar:CatesbyHS212.010
urn:cite:botcarimg:Caroliniana.Catesby_HS232_109_0550	urn:cite:botcar:CatesbyHS232.109
urn:cite:botcarimg:Caroliniana.Catesby_HS212_044_0463	urn:cite:botcar:CatesbyHS212.044
urn:cite:botcarimg:Caroliniana.Catesby_HS212_076_0426	urn:cite:botcar:CatesbyHS212.076
urn:cite:botcarimg:Caroliniana.Catesby_HS232_124_0531	urn:cite:botcar:CatesbyHS232.124
urn:cite:botcarimg:Caroliniana.Catesby_HS232_061_0596	urn:cite:botcar:CatesbyHS232.061
urn:cite:botcarimg:Caroliniana.Catesby_HS232_098_0558	urn:cite:botcar:CatesbyHS232.098
urn:cite:botcarimg:Caroliniana.Catesby_HS232_123_0537	urn:cite:botcar:CatesbyHS232.123
urn:cite:botcarimg:Caroliniana.Catesby_HS232_137_0519	urn:cite:botcar:CatesbyHS232.137
urn:cite:botcarimg:Caroliniana.Catesby_HS232_042_0619	urn:cite:botcar:CatesbyHS232.042
urn:cite:botcarimg:Caroliniana.Catesby_HS232_062_0595	urn:cite:botcar:CatesbyHS232.062
urn:cite:botcarimg:Caroliniana.Catesby_HS232_030_0623	urn:cite:botcar:CatesbyHS232.030
urn:cite:botcarimg:Caroliniana.Catesby_HS212_085_0420	urn:cite:botcar:CatesbyHS212.085
urn:cite:botcarimg:Caroliniana.Catesby_HS232_061_0596	urn:cite:botcar:CatesbyHS232.061
urn:cite:botcarimg:Caroliniana.Catesby_HS212_013_0497	urn:cite:botcar:CatesbyHS212.013
urn:cite:botcarimg:Caroliniana.Catesby_HS212_016_0494	urn:cite:botcar:CatesbyHS212.016
urn:cite:botcarimg:Caroliniana.Catesby_HS232_042_0619	urn:cite:botcar:CatesbyHS232.042
urn:cite:botcarimg:Caroliniana.Catesby_HS232_055_0601	urn:cite:botcar:CatesbyHS232.055
urn:cite:botcarimg:Caroliniana.Catesby_HS212_017_0495	urn:cite:botcar:CatesbyHS212.017
urn:cite:botcarimg:Caroliniana.Catesby_HS232_043_0615	urn:cite:botcar:CatesbyHS232.043
urn:cite:botcarimg:Caroliniana.Catesby_HS212_077_0425	urn:cite:botcar:CatesbyHS212.077
urn:cite:botcarimg:Caroliniana.Catesby_HS212_015_0496	urn:cite:botcar:CatesbyHS212.015
urn:cite:botcarimg:Caroliniana.Catesby_HS212_059_0446	urn:cite:botcar:CatesbyHS212.059
urn:cite:botcarimg:Caroliniana.Catesby_HS232_114_0545	urn:cite:botcar:CatesbyHS232.114
urn:cite:botcarimg:Caroliniana.Catesby_HS232_048_0608	urn:cite:botcar:CatesbyHS232.048
urn:cite:botcarimg:Caroliniana.Catesby_HS212_020_0490	urn:cite:botcar:CatesbyHS212.020
urn:cite:botcarimg:Caroliniana.Catesby_HS212_021_0485	urn:cite:botcar:CatesbyHS212.021
urn:cite:botcarimg:Caroliniana.Catesby_HS212_021_0485	urn:cite:botcar:CatesbyHS212.021
urn:cite:botcarimg:Caroliniana.Catesby_HS212_021_0485	urn:cite:botcar:CatesbyHS212.021
urn:cite:botcarimg:Caroliniana.Catesby_HS212_023_0489	urn:cite:botcar:CatesbyHS212.023
urn:cite:botcarimg:Caroliniana.Catesby_HS212_055_0465	urn:cite:botcar:CatesbyHS212.055
urn:cite:botcarimg:Caroliniana.Catesby_HS232_103_0552	urn:cite:botcar:CatesbyHS232.103
urn:cite:botcarimg:Caroliniana.Catesby_HS212_071_0447	urn:cite:botcar:CatesbyHS212.071
urn:cite:botcarimg:Caroliniana.Catesby_HS232_014_0642	urn:cite:botcar:CatesbyHS232.014
urn:cite:botcarimg:Caroliniana.Catesby_HS232_051_0606	urn:cite:botcar:CatesbyHS232.051
urn:cite:botcarimg:Caroliniana.Catesby_HS212_017_0495	urn:cite:botcar:CatesbyHS212.017
urn:cite:botcarimg:Caroliniana.Catesby_HS212_031_0474	urn:cite:botcar:CatesbyHS212.031
urn:cite:botcarimg:Caroliniana.Catesby_HS212_035_0480	urn:cite:botcar:CatesbyHS212.035
urn:cite:botcarimg:Caroliniana.Catesby_HS232_055_0601	urn:cite:botcar:CatesbyHS232.055
urn:cite:botcarimg:Caroliniana.Catesby_HS212_027_0483	urn:cite:botcar:CatesbyHS212.027
urn:cite:botcarimg:Caroliniana.Catesby_HS212_057_0437	urn:cite:botcar:CatesbyHS212.057
urn:cite:botcarimg:Caroliniana.Catesby_HS212_018_0492	urn:cite:botcar:CatesbyHS212.018
urn:cite:botcarimg:Caroliniana.Catesby_HS232_138_0517	urn:cite:botcar:CatesbyHS232.138
urn:cite:botcarimg:Caroliniana.Catesby_HS212_047_0470	urn:cite:botcar:CatesbyHS212.047
urn:cite:botcarimg:Caroliniana.Catesby_HS212_093_0415	urn:cite:botcar:CatesbyHS212.093
urn:cite:botcarimg:Caroliniana.Catesby_HS232_117_0540	urn:cite:botcar:CatesbyHS232.117
urn:cite:botcarimg:Caroliniana.Catesby_HS212_045_0454	urn:cite:botcar:CatesbyHS212.045
urn:cite:botcarimg:Caroliniana.Catesby_HS212_043_0464	urn:cite:botcar:CatesbyHS212.043
urn:cite:botcarimg:Caroliniana.Catesby_HS232_048_0608	urn:cite:botcar:CatesbyHS232.048
urn:cite:botcarimg:Caroliniana.Catesby_HS232_110_0551	urn:cite:botcar:CatesbyHS232.110
urn:cite:botcarimg:Caroliniana.Catesby_HS232_050_0605	urn:cite:botcar:CatesbyHS232.050
urn:cite:botcarimg:Caroliniana.Catesby_HS212_019_0491	urn:cite:botcar:CatesbyHS212.019
urn:cite:botcarimg:Caroliniana.Catesby_HS232_110_0551	urn:cite:botcar:CatesbyHS232.110
urn:cite:botcarimg:Caroliniana.Catesby_HS212_018_0492	urn:cite:botcar:CatesbyHS212.018
urn:cite:botcarimg:Caroliniana.Catesby_HS212_082_0423	urn:cite:botcar:CatesbyHS212.082
