urn:cite:botcar:sloane.1	urn:cite:fufolioimg:Caroliniana.Catesby_HS212_087_0417
urn:cite:botcar:sloane.10	urn:cite:fufolioimg:Caroliniana.Catesby_HS212_058b_0453
urn:cite:botcar:sloane.100	urn:cite:fufolioimg:Caroliniana.Catesby_HS212_087_0417
urn:cite:botcar:sloane.101	urn:cite:fufolioimg:Caroliniana.Catesby_HS212_016_0494
urn:cite:botcar:sloane.102	urn:cite:fufolioimg:Caroliniana.Catesby_HS212_035_0480
urn:cite:botcar:sloane.103	urn:cite:fufolioimg:Caroliniana.Catesby_HS212_044_0463
urn:cite:botcar:sloane.104	urn:cite:fufolioimg:Caroliniana.Catesby_HS212_054_0459
urn:cite:botcar:sloane.105	urn:cite:fufolioimg:Caroliniana.Catesby_HS232_094_0560
urn:cite:botcar:sloane.106	urn:cite:fufolioimg:Caroliniana.Catesby_HS212_086_0422
urn:cite:botcar:sloane.107	urn:cite:fufolioimg:Caroliniana.Catesby_HS232_126_0529
urn:cite:botcar:sloane.108	urn:cite:fufolioimg:Caroliniana.Catesby_HS212_001_0507
urn:cite:botcar:sloane.109	urn:cite:fufolioimg:Caroliniana.Catesby_HS212_067_0450
urn:cite:botcar:sloane.11	urn:cite:fufolioimg:Caroliniana.Catesby_HS212_043_0464
urn:cite:botcar:sloane.110	urn:cite:fufolioimg:Caroliniana.Catesby_HS212_017_0495
urn:cite:botcar:sloane.111	urn:cite:fufolioimg:Caroliniana.Catesby_HS212_067_0450
urn:cite:botcar:sloane.112	urn:cite:fufolioimg:Caroliniana.Catesby_HS232_139_0518
urn:cite:botcar:sloane.113	urn:cite:fufolioimg:Caroliniana.Catesby_HS232_035_0620
urn:cite:botcar:sloane.114	urn:cite:fufolioimg:Caroliniana.Catesby_HS232_031_0630
urn:cite:botcar:sloane.115	urn:cite:fufolioimg:Caroliniana.Catesby_HS232_061_0596
urn:cite:botcar:sloane.116	urn:cite:fufolioimg:Caroliniana.Catesby_HS212_062_0452
urn:cite:botcar:sloane.117	urn:cite:fufolioimg:Caroliniana.Catesby_HS212_003_0509
urn:cite:botcar:sloane.118	urn:cite:fufolioimg:Caroliniana.Catesby_HS212_060_0445
urn:cite:botcar:sloane.119	urn:cite:fufolioimg:Caroliniana.Catesby_HS232_078_0576
urn:cite:botcar:sloane.12	urn:cite:fufolioimg:Caroliniana.Catesby_HS232_038_0614
urn:cite:botcar:sloane.120	urn:cite:fufolioimg:Caroliniana.Catesby_HS232_086_0564
urn:cite:botcar:sloane.121	urn:cite:fufolioimg:Caroliniana.Catesby_HS212_059_0446
urn:cite:botcar:sloane.122	urn:cite:fufolioimg:Caroliniana.Catesby_HS232_084_0574
urn:cite:botcar:sloane.123	urn:cite:fufolioimg:Caroliniana.Catesby_HS232_123_0537
urn:cite:botcar:sloane.124	urn:cite:fufolioimg:Caroliniana.Catesby_HS212_061_0444
urn:cite:botcar:sloane.125	urn:cite:fufolioimg:Caroliniana.Catesby_HS232_128_0527
urn:cite:botcar:sloane.126	urn:cite:fufolioimg:Caroliniana.Catesby_HS232_075_0581
urn:cite:botcar:sloane.127	urn:cite:fufolioimg:Caroliniana.Catesby_HS212_069_0438
urn:cite:botcar:sloane.128	urn:cite:fufolioimg:Caroliniana.Catesby_HS232_123_0537
urn:cite:botcar:sloane.129	urn:cite:fufolioimg:Caroliniana.Catesby_HS232_063_0593
urn:cite:botcar:sloane.13	urn:cite:fufolioimg:Caroliniana.Catesby_HS212_057_0437
urn:cite:botcar:sloane.130	urn:cite:fufolioimg:Caroliniana.Catesby_HS212_003_0509
urn:cite:botcar:sloane.131	urn:cite:fufolioimg:Caroliniana.Catesby_HS232_039_0616
urn:cite:botcar:sloane.132	urn:cite:fufolioimg:Caroliniana.Catesby_HS212_034_0477
urn:cite:botcar:sloane.133	urn:cite:fufolioimg:Caroliniana.Catesby_HS232_100_0555
urn:cite:botcar:sloane.134	urn:cite:fufolioimg:Caroliniana.Catesby_HS232_029_0624
urn:cite:botcar:sloane.135	urn:cite:fufolioimg:Caroliniana.Catesby_HS232_059_0598
urn:cite:botcar:sloane.136	urn:cite:fufolioimg:Caroliniana.Catesby_HS212_056_0466
urn:cite:botcar:sloane.137	urn:cite:fufolioimg:Caroliniana.Catesby_HS212_070_0443
urn:cite:botcar:sloane.138	urn:cite:fufolioimg:Caroliniana.Catesby_HS212_039_0479
urn:cite:botcar:sloane.139	urn:cite:fufolioimg:Caroliniana.Catesby_HS232_059_0598
urn:cite:botcar:sloane.14	urn:cite:fufolioimg:Caroliniana.Catesby_HS212_001_0507
urn:cite:botcar:sloane.140	urn:cite:fufolioimg:Caroliniana.Catesby_HS232_064_0594
urn:cite:botcar:sloane.141	urn:cite:fufolioimg:Caroliniana.Catesby_HS232_063_0593
urn:cite:botcar:sloane.142	urn:cite:fufolioimg:Caroliniana.Catesby_HS212_075_0427
urn:cite:botcar:sloane.143	urn:cite:fufolioimg:Caroliniana.Catesby_HS212_072_0428
urn:cite:botcar:sloane.144	urn:cite:fufolioimg:Caroliniana.Catesby_HS212_037_0478
urn:cite:botcar:sloane.145	urn:cite:fufolioimg:Caroliniana.Catesby_HS212_053_0458
urn:cite:botcar:sloane.146	urn:cite:fufolioimg:Caroliniana.Catesby_HS212_075_0427
urn:cite:botcar:sloane.147	urn:cite:fufolioimg:Caroliniana.Catesby_HS212_036_0475
urn:cite:botcar:sloane.148	urn:cite:fufolioimg:Caroliniana.Catesby_HS212_073_0435
urn:cite:botcar:sloane.149	urn:cite:fufolioimg:Caroliniana.Catesby_HS232_028_0631
urn:cite:botcar:sloane.15	urn:cite:fufolioimg:Caroliniana.Catesby_HS212_055_0465
urn:cite:botcar:sloane.150	urn:cite:fufolioimg:Caroliniana.Catesby_HS232_041_0617
urn:cite:botcar:sloane.151	urn:cite:fufolioimg:Caroliniana.Catesby_HS232_067_0591
urn:cite:botcar:sloane.152	urn:cite:fufolioimg:Caroliniana.Catesby_HS232_115_0541
urn:cite:botcar:sloane.153	urn:cite:fufolioimg:Caroliniana.Catesby_HS232_118_0534
urn:cite:botcar:sloane.154	urn:cite:fufolioimg:Caroliniana.Catesby_HS232_066_0590
urn:cite:botcar:sloane.155	urn:cite:fufolioimg:Caroliniana.Catesby_HS212_090_0421
urn:cite:botcar:sloane.156	urn:cite:fufolioimg:Caroliniana.Catesby_HS212_084_0429
urn:cite:botcar:sloane.157	urn:cite:fufolioimg:Caroliniana.Catesby_HS212_020_0490
urn:cite:botcar:sloane.158	urn:cite:fufolioimg:Caroliniana.Catesby_HS212_084_0429
urn:cite:botcar:sloane.159	urn:cite:fufolioimg:Caroliniana.Catesby_HS212_057_0437
urn:cite:botcar:sloane.16	urn:cite:fufolioimg:Caroliniana.Catesby_HS212_095_0409
urn:cite:botcar:sloane.160	urn:cite:fufolioimg:Caroliniana.Catesby_HS212_018_0492
urn:cite:botcar:sloane.161	urn:cite:fufolioimg:Caroliniana.Catesby_HS232_136_0522
urn:cite:botcar:sloane.162	urn:cite:fufolioimg:Caroliniana.Catesby_HS212_074_0434
urn:cite:botcar:sloane.163	urn:cite:fufolioimg:Caroliniana.Catesby_HS212_023_0489
urn:cite:botcar:sloane.164	urn:cite:fufolioimg:Caroliniana.Catesby_HS232_104_0557
urn:cite:botcar:sloane.165	urn:cite:fufolioimg:Caroliniana.Catesby_HS212_076_0426
urn:cite:botcar:sloane.166	urn:cite:fufolioimg:Caroliniana.Catesby_HS232_101_0553
urn:cite:botcar:sloane.167	urn:cite:fufolioimg:Caroliniana.Catesby_HS232_114_0545
urn:cite:botcar:sloane.168	urn:cite:fufolioimg:Caroliniana.Catesby_HS232_139_0518
urn:cite:botcar:sloane.169	urn:cite:fufolioimg:Caroliniana.Catesby_HS232_052_0604
urn:cite:botcar:sloane.17	urn:cite:fufolioimg:Caroliniana.Catesby_HS212_055_0465
urn:cite:botcar:sloane.170	urn:cite:fufolioimg:Caroliniana.Catesby_HS232_054_0603
urn:cite:botcar:sloane.171	urn:cite:fufolioimg:Caroliniana.Catesby_HS212_047_0470
urn:cite:botcar:sloane.172	urn:cite:fufolioimg:Caroliniana.Catesby_HS232_052_0604
urn:cite:botcar:sloane.173	urn:cite:fufolioimg:Caroliniana.Catesby_HS232_049_0609
urn:cite:botcar:sloane.174	urn:cite:fufolioimg:Caroliniana.Catesby_HS212_066_0440
urn:cite:botcar:sloane.175	urn:cite:fufolioimg:Caroliniana.Catesby_HS212_081_0424
urn:cite:botcar:sloane.176	urn:cite:fufolioimg:Caroliniana.Catesby_HS212_053_0458
urn:cite:botcar:sloane.177	urn:cite:fufolioimg:Caroliniana.Catesby_HS212_050_0469
urn:cite:botcar:sloane.178	urn:cite:fufolioimg:Caroliniana.Catesby_HS212_075_0427
urn:cite:botcar:sloane.179	urn:cite:fufolioimg:Caroliniana.Catesby_HS232_042_0619
urn:cite:botcar:sloane.18	urn:cite:fufolioimg:Caroliniana.Catesby_HS212_028_0482
urn:cite:botcar:sloane.180	urn:cite:fufolioimg:Caroliniana.Catesby_HS232_097_0563
urn:cite:botcar:sloane.181	urn:cite:fufolioimg:Caroliniana.Catesby_HS232_040_0621
urn:cite:botcar:sloane.182	urn:cite:fufolioimg:Caroliniana.Catesby_HS232_048_0608
urn:cite:botcar:sloane.183	urn:cite:fufolioimg:Caroliniana.Catesby_HS232_113_0544
urn:cite:botcar:sloane.184	urn:cite:fufolioimg:Caroliniana.Catesby_HS212_051_0468
urn:cite:botcar:sloane.185	urn:cite:fufolioimg:Caroliniana.Catesby_HS212_009_0502
urn:cite:botcar:sloane.186	urn:cite:fufolioimg:Caroliniana.Catesby_HS212_009_0502
urn:cite:botcar:sloane.187	urn:cite:fufolioimg:Caroliniana.Catesby_HS212_073_0435
urn:cite:botcar:sloane.188	urn:cite:fufolioimg:Caroliniana.Catesby_HS212_064_0442
urn:cite:botcar:sloane.189	urn:cite:fufolioimg:Caroliniana.Catesby_HS212_065_0441
urn:cite:botcar:sloane.19	urn:cite:fufolioimg:Caroliniana.Catesby_HS232_034_0634
urn:cite:botcar:sloane.190	urn:cite:fufolioimg:Caroliniana.Catesby_HS212_074_0434
urn:cite:botcar:sloane.191	urn:cite:fufolioimg:Caroliniana.Catesby_HS212_022_0484
urn:cite:botcar:sloane.192	urn:cite:fufolioimg:Caroliniana.Catesby_HS212_006_0499
urn:cite:botcar:sloane.193	urn:cite:fufolioimg:Caroliniana.Catesby_HS232_121_0535
urn:cite:botcar:sloane.194	urn:cite:fufolioimg:Caroliniana.Catesby_HS212_065_0441
urn:cite:botcar:sloane.195	urn:cite:fufolioimg:Caroliniana.Catesby_HS212_062_0452
urn:cite:botcar:sloane.196	urn:cite:fufolioimg:Caroliniana.Catesby_HS232_061_0596
urn:cite:botcar:sloane.197	urn:cite:fufolioimg:Caroliniana.Catesby_HS232_076_0583
urn:cite:botcar:sloane.198	urn:cite:fufolioimg:Caroliniana.Catesby_HS232_060_0597
urn:cite:botcar:sloane.199	urn:cite:fufolioimg:Caroliniana.Catesby_HS232_134_0520
urn:cite:botcar:sloane.2	urn:cite:fufolioimg:Caroliniana.Catesby_HS232_047_0613
urn:cite:botcar:sloane.20	urn:cite:fufolioimg:Caroliniana.Catesby_HS212_034_0477
urn:cite:botcar:sloane.200	urn:cite:fufolioimg:Caroliniana.Catesby_HS212_049_0461
urn:cite:botcar:sloane.201	urn:cite:fufolioimg:Caroliniana.Catesby_HS212_038_0473
urn:cite:botcar:sloane.202	urn:cite:fufolioimg:Caroliniana.Catesby_HS232_072_0584
urn:cite:botcar:sloane.203	urn:cite:fufolioimg:Caroliniana.Catesby_HS232_071_0587
urn:cite:botcar:sloane.204	urn:cite:fufolioimg:Caroliniana.Catesby_HS232_073_0585
urn:cite:botcar:sloane.205	urn:cite:fufolioimg:Caroliniana.Catesby_HS212_044_0463
urn:cite:botcar:sloane.206	urn:cite:fufolioimg:Caroliniana.Catesby_HS232_044_0610
urn:cite:botcar:sloane.207	urn:cite:fufolioimg:Caroliniana.Catesby_HS212_029_0481
urn:cite:botcar:sloane.208	urn:cite:fufolioimg:Caroliniana.Catesby_HS212_047_0470
urn:cite:botcar:sloane.209	urn:cite:fufolioimg:Caroliniana.Catesby_HS212_048_0462
urn:cite:botcar:sloane.21	urn:cite:fufolioimg:Caroliniana.Catesby_HS232_036_0622
urn:cite:botcar:sloane.210	urn:cite:fufolioimg:Caroliniana.Catesby_HS232_040_0621
urn:cite:botcar:sloane.211	urn:cite:fufolioimg:Caroliniana.Catesby_HS212_007_0504
urn:cite:botcar:sloane.212	urn:cite:fufolioimg:Caroliniana.Catesby_HS232_117_0540
urn:cite:botcar:sloane.213	urn:cite:fufolioimg:Caroliniana.Catesby_HS212_094_0408
urn:cite:botcar:sloane.214	urn:cite:fufolioimg:Caroliniana.Catesby_HS232_061_0596
urn:cite:botcar:sloane.215	urn:cite:fufolioimg:Caroliniana.Catesby_HS212_092_0418
urn:cite:botcar:sloane.216	urn:cite:fufolioimg:Caroliniana.Catesby_HS212_092_0418
urn:cite:botcar:sloane.217	urn:cite:fufolioimg:Caroliniana.Catesby_HS212_096_0413
urn:cite:botcar:sloane.218	urn:cite:fufolioimg:Caroliniana.Catesby_HS232_056_0602
urn:cite:botcar:sloane.219	urn:cite:fufolioimg:Caroliniana.Catesby_HS212_088_0419
urn:cite:botcar:sloane.22	urn:cite:fufolioimg:Caroliniana.Catesby_HS212_041_0456
urn:cite:botcar:sloane.220	urn:cite:fufolioimg:Caroliniana.Catesby_HS212_094_0408
urn:cite:botcar:sloane.221	urn:cite:fufolioimg:Caroliniana.Catesby_HS212_063_0451
urn:cite:botcar:sloane.222	urn:cite:fufolioimg:Caroliniana.Catesby_HS232_086_0564
urn:cite:botcar:sloane.223	urn:cite:fufolioimg:Caroliniana.Catesby_HS212_039_0479
urn:cite:botcar:sloane.224	urn:cite:fufolioimg:Caroliniana.Catesby_HS212_026_0487
urn:cite:botcar:sloane.225	urn:cite:fufolioimg:Caroliniana.Catesby_HS232_083_0572
urn:cite:botcar:sloane.226	urn:cite:fufolioimg:Caroliniana.Catesby_HS232_087_0569
urn:cite:botcar:sloane.227	urn:cite:fufolioimg:Caroliniana.Catesby_HS212_002_0510
urn:cite:botcar:sloane.228	urn:cite:fufolioimg:Caroliniana.Catesby_HS212_032_0476
urn:cite:botcar:sloane.229	urn:cite:fufolioimg:Caroliniana.Catesby_HS232_079_0573
urn:cite:botcar:sloane.23	urn:cite:fufolioimg:Caroliniana.Catesby_HS212_033_0472
urn:cite:botcar:sloane.230	urn:cite:fufolioimg:Caroliniana.Catesby_HS232_078_0576
urn:cite:botcar:sloane.231	urn:cite:fufolioimg:Caroliniana.Catesby_HS232_089_0568
urn:cite:botcar:sloane.232	urn:cite:fufolioimg:Caroliniana.Catesby_HS212_060_0445
urn:cite:botcar:sloane.233	urn:cite:fufolioimg:Caroliniana.Catesby_HS232_091_0565
urn:cite:botcar:sloane.234	urn:cite:fufolioimg:Caroliniana.Catesby_HS232_085_0578
urn:cite:botcar:sloane.235	urn:cite:fufolioimg:Caroliniana.Catesby_HS212_062_0452
urn:cite:botcar:sloane.236	urn:cite:fufolioimg:Caroliniana.Catesby_HS232_077_0582
urn:cite:botcar:sloane.237	urn:cite:fufolioimg:Caroliniana.Catesby_HS212_095_0409
urn:cite:botcar:sloane.238	urn:cite:fufolioimg:Caroliniana.Catesby_HS212_004_0501
urn:cite:botcar:sloane.239	urn:cite:fufolioimg:Caroliniana.Catesby_HS232_093_0567
urn:cite:botcar:sloane.24	urn:cite:fufolioimg:Caroliniana.Catesby_HS212_041_0456
urn:cite:botcar:sloane.240	urn:cite:fufolioimg:Caroliniana.Catesby_HS212_044_0463
urn:cite:botcar:sloane.241	urn:cite:fufolioimg:Caroliniana.Catesby_HS212_044_0463
urn:cite:botcar:sloane.242	urn:cite:fufolioimg:Caroliniana.Catesby_HS232_065_0592
urn:cite:botcar:sloane.243	urn:cite:fufolioimg:Caroliniana.Catesby_HS212_079_0432
urn:cite:botcar:sloane.244	urn:cite:fufolioimg:Caroliniana.Catesby_HS212_081_0424
urn:cite:botcar:sloane.245	urn:cite:fufolioimg:Caroliniana.Catesby_HS232_058_0600
urn:cite:botcar:sloane.246	urn:cite:fufolioimg:Caroliniana.Catesby_HS212_036_0475
urn:cite:botcar:sloane.247	urn:cite:fufolioimg:Caroliniana.Catesby_HS212_045_0454
urn:cite:botcar:sloane.248	urn:cite:fufolioimg:Caroliniana.Catesby_HS212_083_0430
urn:cite:botcar:sloane.249	urn:cite:fufolioimg:Caroliniana.Catesby_HS232_137_0519
urn:cite:botcar:sloane.25	urn:cite:fufolioimg:Caroliniana.Catesby_HS212_033_0472
urn:cite:botcar:sloane.250	urn:cite:fufolioimg:Caroliniana.Catesby_HS212_048_0462
urn:cite:botcar:sloane.251	urn:cite:fufolioimg:Caroliniana.Catesby_HS212_047_0470
urn:cite:botcar:sloane.252	urn:cite:fufolioimg:Caroliniana.Catesby_HS212_047_0470
urn:cite:botcar:sloane.253	urn:cite:fufolioimg:Caroliniana.Catesby_HS212_045_0454
urn:cite:botcar:sloane.254	urn:cite:fufolioimg:Caroliniana.Catesby_HS232_061_0596
urn:cite:botcar:sloane.255	urn:cite:fufolioimg:Caroliniana.Catesby_HS232_127_0530
urn:cite:botcar:sloane.256	urn:cite:fufolioimg:Caroliniana.Catesby_HS212_037_0478
urn:cite:botcar:sloane.257	urn:cite:fufolioimg:Caroliniana.Catesby_HS212_049_0461
urn:cite:botcar:sloane.258	urn:cite:fufolioimg:Caroliniana.Catesby_HS212_043_0464
urn:cite:botcar:sloane.259	urn:cite:fufolioimg:Caroliniana.Catesby_HS212_050_0469
urn:cite:botcar:sloane.26	urn:cite:fufolioimg:Caroliniana.Catesby_HS232_121_0535
urn:cite:botcar:sloane.260	urn:cite:fufolioimg:Caroliniana.Catesby_HS212_011_0500
urn:cite:botcar:sloane.261	urn:cite:fufolioimg:Caroliniana.Catesby_HS212_012_0493
urn:cite:botcar:sloane.262	urn:cite:fufolioimg:Caroliniana.Catesby_HS212_013_0497
urn:cite:botcar:sloane.263	urn:cite:fufolioimg:Caroliniana.Catesby_HS212_033_0472
urn:cite:botcar:sloane.264	urn:cite:fufolioimg:Caroliniana.Catesby_HS212_089_0416
urn:cite:botcar:sloane.265	urn:cite:fufolioimg:Caroliniana.Catesby_HS212_035_0480
urn:cite:botcar:sloane.266	urn:cite:fufolioimg:Caroliniana.Catesby_HS212_030_0486
urn:cite:botcar:sloane.267	urn:cite:fufolioimg:Caroliniana.Catesby_HS212_060_0445
urn:cite:botcar:sloane.268	urn:cite:fufolioimg:Caroliniana.Catesby_HS232_088_0566
urn:cite:botcar:sloane.269	urn:cite:fufolioimg:Caroliniana.Catesby_HS232_099_0554
urn:cite:botcar:sloane.27	urn:cite:fufolioimg:Caroliniana.Catesby_HS232_061_0596
urn:cite:botcar:sloane.270	urn:cite:fufolioimg:Caroliniana.Catesby_HS212_029_0481
urn:cite:botcar:sloane.271	urn:cite:fufolioimg:Caroliniana.Catesby_HS212_064_0442
urn:cite:botcar:sloane.272	urn:cite:fufolioimg:Caroliniana.Catesby_HS232_127_0530
urn:cite:botcar:sloane.273	urn:cite:fufolioimg:Caroliniana.Catesby_HS232_122_0536
urn:cite:botcar:sloane.274	urn:cite:fufolioimg:Caroliniana.Catesby_HS232_061_0596
urn:cite:botcar:sloane.275	urn:cite:fufolioimg:Caroliniana.Catesby_HS232_044_0610
urn:cite:botcar:sloane.276	urn:cite:fufolioimg:Caroliniana.Catesby_HS212_056_0466
urn:cite:botcar:sloane.277	urn:cite:fufolioimg:Caroliniana.Catesby_HS212_090_0421
urn:cite:botcar:sloane.278	urn:cite:fufolioimg:Caroliniana.Catesby_HS212_015_0496
urn:cite:botcar:sloane.279	urn:cite:fufolioimg:Caroliniana.Catesby_HS212_086_0422
urn:cite:botcar:sloane.28	urn:cite:fufolioimg:Caroliniana.Catesby_HS232_119_0538
urn:cite:botcar:sloane.280	urn:cite:fufolioimg:Caroliniana.Catesby_HS232_106_0546
urn:cite:botcar:sloane.281	urn:cite:fufolioimg:Caroliniana.Catesby_HS212_034_0477
urn:cite:botcar:sloane.282	urn:cite:fufolioimg:Caroliniana.Catesby_HS212_042_0455
urn:cite:botcar:sloane.283	urn:cite:fufolioimg:Caroliniana.Catesby_HS212_036_0475
urn:cite:botcar:sloane.284	urn:cite:fufolioimg:Caroliniana.Catesby_HS212_027_0483
urn:cite:botcar:sloane.285	urn:cite:fufolioimg:Caroliniana.Catesby_HS232_061_0596
urn:cite:botcar:sloane.286	urn:cite:fufolioimg:Caroliniana.Catesby_HS212_030_0486
urn:cite:botcar:sloane.287	urn:cite:fufolioimg:Caroliniana.Catesby_HS212_030_0486
urn:cite:botcar:sloane.288	urn:cite:fufolioimg:Caroliniana.Catesby_HS212_037_0478
urn:cite:botcar:sloane.289	urn:cite:fufolioimg:Caroliniana.Catesby_HS232_105_0548
urn:cite:botcar:sloane.29	urn:cite:fufolioimg:Caroliniana.Catesby_HS232_122_0536
urn:cite:botcar:sloane.290	urn:cite:fufolioimg:Caroliniana.Catesby_HS212_083_0430
urn:cite:botcar:sloane.291	urn:cite:fufolioimg:Caroliniana.Catesby_HS232_064_0594
urn:cite:botcar:sloane.292	urn:cite:fufolioimg:Caroliniana.Catesby_HS212_002_0510
urn:cite:botcar:sloane.293	urn:cite:fufolioimg:Caroliniana.Catesby_HS212_064_0442
urn:cite:botcar:sloane.294	urn:cite:fufolioimg:Caroliniana.Catesby_HS212_031_0474
urn:cite:botcar:sloane.295	urn:cite:fufolioimg:Caroliniana.Catesby_HS212_055_0465
urn:cite:botcar:sloane.296	urn:cite:fufolioimg:Caroliniana.Catesby_HS232_050_0605
urn:cite:botcar:sloane.297	urn:cite:fufolioimg:Caroliniana.Catesby_HS212_032_0476
urn:cite:botcar:sloane.298	urn:cite:fufolioimg:Caroliniana.Catesby_HS212_040_0457
urn:cite:botcar:sloane.299	urn:cite:fufolioimg:Caroliniana.Catesby_HS232_046_0612
urn:cite:botcar:sloane.3	urn:cite:fufolioimg:Caroliniana.Catesby_HS212_064_0442
urn:cite:botcar:sloane.30	urn:cite:fufolioimg:Caroliniana.Catesby_HS212_052_0467
urn:cite:botcar:sloane.300	urn:cite:fufolioimg:Caroliniana.Catesby_HS232_131_0525
urn:cite:botcar:sloane.301	urn:cite:fufolioimg:Caroliniana.Catesby_HS212_052_0467
urn:cite:botcar:sloane.302	urn:cite:fufolioimg:Caroliniana.Catesby_HS212_011_0500
urn:cite:botcar:sloane.303	urn:cite:fufolioimg:Caroliniana.Catesby_HS232_061_0596
urn:cite:botcar:sloane.304	urn:cite:fufolioimg:Caroliniana.Catesby_HS232_119_0538
urn:cite:botcar:sloane.305	urn:cite:fufolioimg:Caroliniana.Catesby_HS212_065_0441
urn:cite:botcar:sloane.306	urn:cite:fufolioimg:Caroliniana.Catesby_HS212_063_0451
urn:cite:botcar:sloane.307	urn:cite:fufolioimg:Caroliniana.Catesby_HS232_028_0631
urn:cite:botcar:sloane.308	urn:cite:fufolioimg:Caroliniana.Catesby_HS232_092_0570
urn:cite:botcar:sloane.309	urn:cite:fufolioimg:Caroliniana.Catesby_HS212_066_0440
urn:cite:botcar:sloane.31	urn:cite:fufolioimg:Caroliniana.Catesby_HS232_131_0525
urn:cite:botcar:sloane.310	urn:cite:fufolioimg:Caroliniana.Catesby_HS212_008_0506
urn:cite:botcar:sloane.311	urn:cite:fufolioimg:Caroliniana.Catesby_HS232_119_0538
urn:cite:botcar:sloane.312	urn:cite:fufolioimg:Caroliniana.Catesby_HS232_139_0518
urn:cite:botcar:sloane.313	urn:cite:fufolioimg:Caroliniana.Catesby_HS212_058a_0436
urn:cite:botcar:sloane.314	urn:cite:fufolioimg:Caroliniana.Catesby_HS212_007_0504
urn:cite:botcar:sloane.315	urn:cite:fufolioimg:Caroliniana.Catesby_HS212_009_0502
urn:cite:botcar:sloane.316	urn:cite:fufolioimg:Caroliniana.Catesby_HS212_004_0501
urn:cite:botcar:sloane.317	urn:cite:fufolioimg:Caroliniana.Catesby_HS212_010_0505
urn:cite:botcar:sloane.318	urn:cite:fufolioimg:Caroliniana.Catesby_HS212_026_0487
urn:cite:botcar:sloane.319	urn:cite:fufolioimg:Caroliniana.Catesby_HS212_054_0459
urn:cite:botcar:sloane.32	urn:cite:fufolioimg:Caroliniana.Catesby_HS232_122_0536
urn:cite:botcar:sloane.320	urn:cite:fufolioimg:Caroliniana.Catesby_HS212_056_0466
urn:cite:botcar:sloane.321	urn:cite:fufolioimg:Caroliniana.Catesby_HS212_057_0437
urn:cite:botcar:sloane.322	urn:cite:fufolioimg:Caroliniana.Catesby_HS212_059_0446
urn:cite:botcar:sloane.323	urn:cite:fufolioimg:Caroliniana.Catesby_HS232_079_0573
urn:cite:botcar:sloane.324	urn:cite:fufolioimg:Caroliniana.Catesby_HS232_083_0572
urn:cite:botcar:sloane.325	urn:cite:fufolioimg:Caroliniana.Catesby_HS232_111_0542
urn:cite:botcar:sloane.326	urn:cite:fufolioimg:Caroliniana.Catesby_HS232_115_0541
urn:cite:botcar:sloane.327	urn:cite:fufolioimg:Caroliniana.Catesby_HS212_007_0504
urn:cite:botcar:sloane.328	urn:cite:fufolioimg:Caroliniana.Catesby_HS232_107_0547
urn:cite:botcar:sloane.329	urn:cite:fufolioimg:Caroliniana.Catesby_HS212_041_0456
urn:cite:botcar:sloane.33	urn:cite:fufolioimg:Caroliniana.Catesby_HS212_065_0441
urn:cite:botcar:sloane.330	urn:cite:fufolioimg:Caroliniana.Catesby_HS212_083_0430
urn:cite:botcar:sloane.331	urn:cite:fufolioimg:Caroliniana.Catesby_HS212_030_0486
urn:cite:botcar:sloane.332	urn:cite:fufolioimg:Caroliniana.Catesby_HS212_041_0456
urn:cite:botcar:sloane.333	urn:cite:fufolioimg:Caroliniana.Catesby_HS212_072_0428
urn:cite:botcar:sloane.334	urn:cite:fufolioimg:Caroliniana.Catesby_HS212_043_0464
urn:cite:botcar:sloane.335	urn:cite:fufolioimg:Caroliniana.Catesby_HS232_108_0549
urn:cite:botcar:sloane.336	urn:cite:fufolioimg:Caroliniana.Catesby_HS232_103_0552
urn:cite:botcar:sloane.337	urn:cite:fufolioimg:Caroliniana.Catesby_HS232_116_0539
urn:cite:botcar:sloane.338	urn:cite:fufolioimg:Caroliniana.Catesby_HS232_049_0609
urn:cite:botcar:sloane.339	urn:cite:fufolioimg:Caroliniana.Catesby_HS212_058b_0453
urn:cite:botcar:sloane.34	urn:cite:fufolioimg:Caroliniana.Catesby_HS212_022_0484
urn:cite:botcar:sloane.340	urn:cite:fufolioimg:Caroliniana.Catesby_HS212_082_0423
urn:cite:botcar:sloane.341	urn:cite:fufolioimg:Caroliniana.Catesby_HS232_135_0521
urn:cite:botcar:sloane.342	urn:cite:fufolioimg:Caroliniana.Catesby_HS212_077_0425
urn:cite:botcar:sloane.343	urn:cite:fufolioimg:Caroliniana.Catesby_HS212_034_0477
urn:cite:botcar:sloane.344	urn:cite:fufolioimg:Caroliniana.Catesby_HS212_051_0468
urn:cite:botcar:sloane.345	urn:cite:fufolioimg:Caroliniana.Catesby_HS232_032_0629
urn:cite:botcar:sloane.346	urn:cite:fufolioimg:Caroliniana.Catesby_HS232_029_0624
urn:cite:botcar:sloane.347	urn:cite:fufolioimg:Caroliniana.Catesby_HS232_074_0580
urn:cite:botcar:sloane.348	urn:cite:fufolioimg:Caroliniana.Catesby_HS212_063_0451
urn:cite:botcar:sloane.349	urn:cite:fufolioimg:Caroliniana.Catesby_HS232_068_0589
urn:cite:botcar:sloane.35	urn:cite:fufolioimg:Caroliniana.Catesby_HS212_006_0499
urn:cite:botcar:sloane.350	urn:cite:fufolioimg:Caroliniana.Catesby_HS232_133_0524
urn:cite:botcar:sloane.351	urn:cite:fufolioimg:Caroliniana.Catesby_HS212_053_0458
urn:cite:botcar:sloane.352	urn:cite:fufolioimg:Caroliniana.Catesby_HS212_050_0469
urn:cite:botcar:sloane.353	urn:cite:fufolioimg:Caroliniana.Catesby_HS232_030_0623
urn:cite:botcar:sloane.354	urn:cite:fufolioimg:Caroliniana.Catesby_HS232_125_0532
urn:cite:botcar:sloane.355	urn:cite:fufolioimg:Caroliniana.Catesby_HS212_087_0417
urn:cite:botcar:sloane.356	urn:cite:fufolioimg:Caroliniana.Catesby_HS212_020_0490
urn:cite:botcar:sloane.357	urn:cite:fufolioimg:Caroliniana.Catesby_HS232_061_0596
urn:cite:botcar:sloane.358	urn:cite:fufolioimg:Caroliniana.Catesby_HS212_058a_0436
urn:cite:botcar:sloane.359	urn:cite:fufolioimg:Caroliniana.Catesby_HS212_019_0491
urn:cite:botcar:sloane.36	urn:cite:fufolioimg:Caroliniana.Catesby_HS232_030_0623
urn:cite:botcar:sloane.360	urn:cite:fufolioimg:Caroliniana.Catesby_HS232_121_0535
urn:cite:botcar:sloane.361	urn:cite:fufolioimg:Caroliniana.Catesby_HS232_139_0518
urn:cite:botcar:sloane.362	urn:cite:fufolioimg:Caroliniana.Catesby_HS212_092_0418
urn:cite:botcar:sloane.363	urn:cite:fufolioimg:Caroliniana.Catesby_HS212_058b_0453
urn:cite:botcar:sloane.364	urn:cite:fufolioimg:Caroliniana.Catesby_HS212_091_0414
urn:cite:botcar:sloane.365	urn:cite:fufolioimg:Caroliniana.Catesby_HS232_061_0596
urn:cite:botcar:sloane.366	urn:cite:fufolioimg:Caroliniana.Catesby_HS212_093_0415
urn:cite:botcar:sloane.367	urn:cite:fufolioimg:Caroliniana.Catesby_HS232_030_0623
urn:cite:botcar:sloane.368	urn:cite:fufolioimg:Caroliniana.Catesby_HS212_094_0408
urn:cite:botcar:sloane.369	urn:cite:fufolioimg:Caroliniana.Catesby_HS232_031_0630
urn:cite:botcar:sloane.37	urn:cite:fufolioimg:Caroliniana.Catesby_HS232_129_0528
urn:cite:botcar:sloane.370	urn:cite:fufolioimg:Caroliniana.Catesby_HS212_094_0408
urn:cite:botcar:sloane.371	urn:cite:fufolioimg:Caroliniana.Catesby_HS232_068_0589
urn:cite:botcar:sloane.372	urn:cite:fufolioimg:Caroliniana.Catesby_HS212_014_0498
urn:cite:botcar:sloane.373	urn:cite:fufolioimg:Caroliniana.Catesby_HS232_105_0548
urn:cite:botcar:sloane.374	urn:cite:fufolioimg:Caroliniana.Catesby_HS212_041_0456
urn:cite:botcar:sloane.375	urn:cite:fufolioimg:Caroliniana.Catesby_HS232_037_0618
urn:cite:botcar:sloane.376	urn:cite:fufolioimg:Caroliniana.Catesby_HS232_080_0577
urn:cite:botcar:sloane.377	urn:cite:fufolioimg:Caroliniana.Catesby_HS232_077_0582
urn:cite:botcar:sloane.378	urn:cite:fufolioimg:Caroliniana.Catesby_HS232_061_0596
urn:cite:botcar:sloane.379	urn:cite:fufolioimg:Caroliniana.Catesby_HS212_096_0413
urn:cite:botcar:sloane.38	urn:cite:fufolioimg:Caroliniana.Catesby_HS232_028_0631
urn:cite:botcar:sloane.380	urn:cite:fufolioimg:Caroliniana.Catesby_HS232_061_0596
urn:cite:botcar:sloane.381	urn:cite:fufolioimg:Caroliniana.Catesby_HS212_083_0430
urn:cite:botcar:sloane.382	urn:cite:fufolioimg:Caroliniana.Catesby_HS212_085_0420
urn:cite:botcar:sloane.383	urn:cite:fufolioimg:Caroliniana.Catesby_HS212_078_0433
urn:cite:botcar:sloane.384	urn:cite:fufolioimg:Caroliniana.Catesby_HS232_057_0599
urn:cite:botcar:sloane.385	urn:cite:fufolioimg:Caroliniana.Catesby_HS212_096_0413
urn:cite:botcar:sloane.386	urn:cite:fufolioimg:Caroliniana.Catesby_HS232_061_0596
urn:cite:botcar:sloane.387	urn:cite:fufolioimg:Caroliniana.Catesby_HS212_008_0506
urn:cite:botcar:sloane.388	urn:cite:fufolioimg:Caroliniana.Catesby_HS212_007_0504
urn:cite:botcar:sloane.389	urn:cite:fufolioimg:Caroliniana.Catesby_HS212_080_0431
urn:cite:botcar:sloane.39	urn:cite:fufolioimg:Caroliniana.Catesby_HS212_054_0459
urn:cite:botcar:sloane.390	urn:cite:fufolioimg:Caroliniana.Catesby_HS212_006_0499
urn:cite:botcar:sloane.391	urn:cite:fufolioimg:Caroliniana.Catesby_HS212_005_0503
urn:cite:botcar:sloane.392	urn:cite:fufolioimg:Caroliniana.Catesby_HS212_019_0491
urn:cite:botcar:sloane.393	urn:cite:fufolioimg:Caroliniana.Catesby_HS212_010_0505
urn:cite:botcar:sloane.394	urn:cite:fufolioimg:Caroliniana.Catesby_HS212_051_0468
urn:cite:botcar:sloane.395	urn:cite:fufolioimg:Caroliniana.Catesby_HS212_018_0492
urn:cite:botcar:sloane.396	urn:cite:fufolioimg:Caroliniana.Catesby_HS232_082_0575
urn:cite:botcar:sloane.397	urn:cite:fufolioimg:Caroliniana.Catesby_HS232_134_0520
urn:cite:botcar:sloane.398	urn:cite:fufolioimg:Caroliniana.Catesby_HS232_102_0556
urn:cite:botcar:sloane.399	urn:cite:fufolioimg:Caroliniana.Catesby_HS212_089_0416
urn:cite:botcar:sloane.4	urn:cite:fufolioimg:Caroliniana.Catesby_HS212_078_0433
urn:cite:botcar:sloane.40	urn:cite:fufolioimg:Caroliniana.Catesby_HS212_029_0481
urn:cite:botcar:sloane.400	urn:cite:fufolioimg:Caroliniana.Catesby_HS212_085_0420
urn:cite:botcar:sloane.401	urn:cite:fufolioimg:Caroliniana.Catesby_HS212_088_0419
urn:cite:botcar:sloane.402	urn:cite:fufolioimg:Caroliniana.Catesby_HS212_015_0496
urn:cite:botcar:sloane.403	urn:cite:fufolioimg:Caroliniana.Catesby_HS212_086_0422
urn:cite:botcar:sloane.404	urn:cite:fufolioimg:Caroliniana.Catesby_HS232_040_0621
urn:cite:botcar:sloane.405	urn:cite:fufolioimg:Caroliniana.Catesby_HS232_112_0543
urn:cite:botcar:sloane.406	urn:cite:fufolioimg:Caroliniana.Catesby_HS212_019_0491
urn:cite:botcar:sloane.407	urn:cite:fufolioimg:Caroliniana.Catesby_HS212_023_0489
urn:cite:botcar:sloane.408	urn:cite:fufolioimg:Caroliniana.Catesby_HS212_031_0474
urn:cite:botcar:sloane.409	urn:cite:fufolioimg:Caroliniana.Catesby_HS212_035_0480
urn:cite:botcar:sloane.41	urn:cite:fufolioimg:Caroliniana.Catesby_HS212_025_0488
urn:cite:botcar:sloane.410	urn:cite:fufolioimg:Caroliniana.Catesby_HS212_041_0456
urn:cite:botcar:sloane.411	urn:cite:fufolioimg:Caroliniana.Catesby_HS232_103_0552
urn:cite:botcar:sloane.412	urn:cite:fufolioimg:Caroliniana.Catesby_HS212_005_0503
urn:cite:botcar:sloane.413	urn:cite:fufolioimg:Caroliniana.Catesby_HS232_070_0586
urn:cite:botcar:sloane.414	urn:cite:fufolioimg:Caroliniana.Catesby_HS212_032_0476
urn:cite:botcar:sloane.415	urn:cite:fufolioimg:Caroliniana.Catesby_HS232_053_0607
urn:cite:botcar:sloane.416	urn:cite:fufolioimg:Caroliniana.Catesby_HS212_096_0413
urn:cite:botcar:sloane.417	urn:cite:fufolioimg:Caroliniana.Catesby_HS212_015_0496
urn:cite:botcar:sloane.418	urn:cite:fufolioimg:Caroliniana.Catesby_HS212_042_0455
urn:cite:botcar:sloane.419	urn:cite:fufolioimg:Caroliniana.Catesby_HS232_035_0620
urn:cite:botcar:sloane.42	urn:cite:fufolioimg:Caroliniana.Catesby_HS212_063_0451
urn:cite:botcar:sloane.420	urn:cite:fufolioimg:Caroliniana.Catesby_HS232_096_0562
urn:cite:botcar:sloane.421	urn:cite:fufolioimg:Caroliniana.Catesby_HS212_068_0449
urn:cite:botcar:sloane.422	urn:cite:fufolioimg:Caroliniana.Catesby_HS212_012_0493
urn:cite:botcar:sloane.423	urn:cite:fufolioimg:Caroliniana.Catesby_HS212_040_0457
urn:cite:botcar:sloane.424	urn:cite:fufolioimg:Caroliniana.Catesby_HS212_058b_0453
urn:cite:botcar:sloane.425	urn:cite:fufolioimg:Caroliniana.Catesby_HS232_130_0526
urn:cite:botcar:sloane.426	urn:cite:fufolioimg:Caroliniana.Catesby_HS212_060_0445
urn:cite:botcar:sloane.427	urn:cite:fufolioimg:Caroliniana.Catesby_HS232_041_0617
urn:cite:botcar:sloane.428	urn:cite:fufolioimg:Caroliniana.Catesby_HS212_074_0434
urn:cite:botcar:sloane.429	urn:cite:fufolioimg:Caroliniana.Catesby_HS212_062_0452
urn:cite:botcar:sloane.43	urn:cite:fufolioimg:Caroliniana.Catesby_HS212_022_0484
urn:cite:botcar:sloane.430	urn:cite:fufolioimg:Caroliniana.Catesby_HS212_059_0446
urn:cite:botcar:sloane.431	urn:cite:fufolioimg:Caroliniana.Catesby_HS212_061_0444
urn:cite:botcar:sloane.432	urn:cite:fufolioimg:Caroliniana.Catesby_HS212_059_0446
urn:cite:botcar:sloane.44	urn:cite:fufolioimg:Caroliniana.Catesby_HS232_111_0542
urn:cite:botcar:sloane.45	urn:cite:fufolioimg:Caroliniana.Catesby_HS212_040_0457
urn:cite:botcar:sloane.46	urn:cite:fufolioimg:Caroliniana.Catesby_HS212_056_0466
urn:cite:botcar:sloane.47	urn:cite:fufolioimg:Caroliniana.Catesby_HS212_016_0494
urn:cite:botcar:sloane.48	urn:cite:fufolioimg:Caroliniana.Catesby_HS232_068_0589
urn:cite:botcar:sloane.49	urn:cite:fufolioimg:Caroliniana.Catesby_HS232_069_0588
urn:cite:botcar:sloane.5	urn:cite:fufolioimg:Caroliniana.Catesby_HS212_010_0505
urn:cite:botcar:sloane.50	urn:cite:fufolioimg:Caroliniana.Catesby_HS232_109_0550
urn:cite:botcar:sloane.51	urn:cite:fufolioimg:Caroliniana.Catesby_HS212_044_0463
urn:cite:botcar:sloane.52	urn:cite:fufolioimg:Caroliniana.Catesby_HS212_076_0426
urn:cite:botcar:sloane.53	urn:cite:fufolioimg:Caroliniana.Catesby_HS232_124_0531
urn:cite:botcar:sloane.54	urn:cite:fufolioimg:Caroliniana.Catesby_HS232_061_0596
urn:cite:botcar:sloane.55	urn:cite:fufolioimg:Caroliniana.Catesby_HS232_098_0558
urn:cite:botcar:sloane.56	urn:cite:fufolioimg:Caroliniana.Catesby_HS232_123_0537
urn:cite:botcar:sloane.57	urn:cite:fufolioimg:Caroliniana.Catesby_HS232_137_0519
urn:cite:botcar:sloane.58	urn:cite:fufolioimg:Caroliniana.Catesby_HS232_042_0619
urn:cite:botcar:sloane.59	urn:cite:fufolioimg:Caroliniana.Catesby_HS232_062_0595
urn:cite:botcar:sloane.6	urn:cite:fufolioimg:Caroliniana.Catesby_HS232_030_0623
urn:cite:botcar:sloane.60	urn:cite:fufolioimg:Caroliniana.Catesby_HS212_085_0420
urn:cite:botcar:sloane.61	urn:cite:fufolioimg:Caroliniana.Catesby_HS232_061_0596
urn:cite:botcar:sloane.62	urn:cite:fufolioimg:Caroliniana.Catesby_HS212_013_0497
urn:cite:botcar:sloane.63	urn:cite:fufolioimg:Caroliniana.Catesby_HS212_016_0494
urn:cite:botcar:sloane.64	urn:cite:fufolioimg:Caroliniana.Catesby_HS232_042_0619
urn:cite:botcar:sloane.65	urn:cite:fufolioimg:Caroliniana.Catesby_HS232_055_0601
urn:cite:botcar:sloane.66	urn:cite:fufolioimg:Caroliniana.Catesby_HS212_017_0495
urn:cite:botcar:sloane.67	urn:cite:fufolioimg:Caroliniana.Catesby_HS232_043_0615
urn:cite:botcar:sloane.68	urn:cite:fufolioimg:Caroliniana.Catesby_HS212_077_0425
urn:cite:botcar:sloane.69	urn:cite:fufolioimg:Caroliniana.Catesby_HS212_015_0496
urn:cite:botcar:sloane.7	urn:cite:fufolioimg:Caroliniana.Catesby_HS212_059_0446
urn:cite:botcar:sloane.70	urn:cite:fufolioimg:Caroliniana.Catesby_HS232_114_0545
urn:cite:botcar:sloane.71	urn:cite:fufolioimg:Caroliniana.Catesby_HS232_048_0608
urn:cite:botcar:sloane.72	urn:cite:fufolioimg:Caroliniana.Catesby_HS212_020_0490
urn:cite:botcar:sloane.73	urn:cite:fufolioimg:Caroliniana.Catesby_HS212_021_0485
urn:cite:botcar:sloane.74	urn:cite:fufolioimg:Caroliniana.Catesby_HS212_021_0485
urn:cite:botcar:sloane.75	urn:cite:fufolioimg:Caroliniana.Catesby_HS212_021_0485
urn:cite:botcar:sloane.76	urn:cite:fufolioimg:Caroliniana.Catesby_HS212_023_0489
urn:cite:botcar:sloane.77	urn:cite:fufolioimg:Caroliniana.Catesby_HS212_055_0465
urn:cite:botcar:sloane.78	urn:cite:fufolioimg:Caroliniana.Catesby_HS232_103_0552
urn:cite:botcar:sloane.79	urn:cite:fufolioimg:Caroliniana.Catesby_HS212_071_0447
urn:cite:botcar:sloane.8	urn:cite:fufolioimg:Caroliniana.Catesby_HS232_014_0642
urn:cite:botcar:sloane.80	urn:cite:fufolioimg:Caroliniana.Catesby_HS232_051_0606
urn:cite:botcar:sloane.81	urn:cite:fufolioimg:Caroliniana.Catesby_HS212_017_0495
urn:cite:botcar:sloane.82	urn:cite:fufolioimg:Caroliniana.Catesby_HS212_031_0474
urn:cite:botcar:sloane.83	urn:cite:fufolioimg:Caroliniana.Catesby_HS212_035_0480
urn:cite:botcar:sloane.84	urn:cite:fufolioimg:Caroliniana.Catesby_HS232_055_0601
urn:cite:botcar:sloane.85	urn:cite:fufolioimg:Caroliniana.Catesby_HS212_027_0483
urn:cite:botcar:sloane.86	urn:cite:fufolioimg:Caroliniana.Catesby_HS212_057_0437
urn:cite:botcar:sloane.87	urn:cite:fufolioimg:Caroliniana.Catesby_HS212_018_0492
urn:cite:botcar:sloane.88	urn:cite:fufolioimg:Caroliniana.Catesby_HS232_138_0517
urn:cite:botcar:sloane.89	urn:cite:fufolioimg:Caroliniana.Catesby_HS212_047_0470
urn:cite:botcar:sloane.9	urn:cite:fufolioimg:Caroliniana.Catesby_HS212_093_0415
urn:cite:botcar:sloane.90	urn:cite:fufolioimg:Caroliniana.Catesby_HS232_117_0540
urn:cite:botcar:sloane.91	urn:cite:fufolioimg:Caroliniana.Catesby_HS212_045_0454
urn:cite:botcar:sloane.92	urn:cite:fufolioimg:Caroliniana.Catesby_HS212_043_0464
urn:cite:botcar:sloane.93	urn:cite:fufolioimg:Caroliniana.Catesby_HS232_048_0608
urn:cite:botcar:sloane.94	urn:cite:fufolioimg:Caroliniana.Catesby_HS232_110_0551
urn:cite:botcar:sloane.95	urn:cite:fufolioimg:Caroliniana.Catesby_HS232_050_0605
urn:cite:botcar:sloane.96	urn:cite:fufolioimg:Caroliniana.Catesby_HS212_019_0491
urn:cite:botcar:sloane.97	urn:cite:fufolioimg:Caroliniana.Catesby_HS232_110_0551
urn:cite:botcar:sloane.98	urn:cite:fufolioimg:Caroliniana.Catesby_HS212_018_0492
urn:cite:botcar:sloane.99	urn:cite:fufolioimg:Caroliniana.Catesby_HS212_082_0423
