urn:cite:botcar:catesbyLabels.penLabel101	urn:cite:botcar:sloane.101
urn:cite:botcar:catesbyLabels.penLabel104	urn:cite:botcar:sloane.104
urn:cite:botcar:catesbyLabels.penLabel105	urn:cite:botcar:sloane.105
urn:cite:botcar:catesbyLabels.penLabel109	urn:cite:botcar:sloane.109
urn:cite:botcar:catesbyLabels.penLabel11	urn:cite:botcar:sloane.11
urn:cite:botcar:catesbyLabels.penLabel117	urn:cite:botcar:sloane.117
urn:cite:botcar:catesbyLabels.penLabel118	urn:cite:botcar:sloane.118
urn:cite:botcar:catesbyLabels.penLabel119	urn:cite:botcar:sloane.119
urn:cite:botcar:catesbyLabels.penLabel13	urn:cite:botcar:sloane.13
urn:cite:botcar:catesbyLabels.penLabel131	urn:cite:botcar:sloane.131
urn:cite:botcar:catesbyLabels.penLabel132	urn:cite:botcar:sloane.132
urn:cite:botcar:catesbyLabels.penLabel138	urn:cite:botcar:sloane.138
urn:cite:botcar:catesbyLabels.penLabel144	urn:cite:botcar:sloane.144
urn:cite:botcar:catesbyLabels.penLabel147	urn:cite:botcar:sloane.147
urn:cite:botcar:catesbyLabels.penLabel151	urn:cite:botcar:sloane.151
urn:cite:botcar:catesbyLabels.penLabel155	urn:cite:botcar:sloane.155
urn:cite:botcar:catesbyLabels.penLabel157	urn:cite:botcar:sloane.157
urn:cite:botcar:catesbyLabels.penLabel16	urn:cite:botcar:sloane.16
urn:cite:botcar:catesbyLabels.penLabel160	urn:cite:botcar:sloane.160
urn:cite:botcar:catesbyLabels.penLabel161	urn:cite:botcar:sloane.161
urn:cite:botcar:catesbyLabels.penLabel163	urn:cite:botcar:sloane.163
urn:cite:botcar:catesbyLabels.penLabel166	urn:cite:botcar:sloane.166
urn:cite:botcar:catesbyLabels.penLabel171	urn:cite:botcar:sloane.171
urn:cite:botcar:catesbyLabels.penLabel176	urn:cite:botcar:sloane.176
urn:cite:botcar:catesbyLabels.penLabel177	urn:cite:botcar:sloane.177
urn:cite:botcar:catesbyLabels.penLabel179	urn:cite:botcar:sloane.179
urn:cite:botcar:catesbyLabels.penLabel18	urn:cite:botcar:sloane.18
urn:cite:botcar:catesbyLabels.penLabel181	urn:cite:botcar:sloane.181
urn:cite:botcar:catesbyLabels.penLabel182	urn:cite:botcar:sloane.182
urn:cite:botcar:catesbyLabels.penLabel184	urn:cite:botcar:sloane.184
urn:cite:botcar:catesbyLabels.penLabel185	urn:cite:botcar:sloane.185
urn:cite:botcar:catesbyLabels.penLabel186	urn:cite:botcar:sloane.186
urn:cite:botcar:catesbyLabels.penLabel190	urn:cite:botcar:sloane.190
urn:cite:botcar:catesbyLabels.penLabel191	urn:cite:botcar:sloane.191
urn:cite:botcar:catesbyLabels.penLabel192	urn:cite:botcar:sloane.192
urn:cite:botcar:catesbyLabels.penLabel20	urn:cite:botcar:sloane.20
urn:cite:botcar:catesbyLabels.penLabel202	urn:cite:botcar:sloane.202
urn:cite:botcar:catesbyLabels.penLabel207	urn:cite:botcar:sloane.207
urn:cite:botcar:catesbyLabels.penLabel209	urn:cite:botcar:sloane.209
urn:cite:botcar:catesbyLabels.penLabel21	urn:cite:botcar:sloane.21
urn:cite:botcar:catesbyLabels.penLabel210	urn:cite:botcar:sloane.210
urn:cite:botcar:catesbyLabels.penLabel211	urn:cite:botcar:sloane.211
urn:cite:botcar:catesbyLabels.penLabel216	urn:cite:botcar:sloane.216
urn:cite:botcar:catesbyLabels.penLabel217	urn:cite:botcar:sloane.217
urn:cite:botcar:catesbyLabels.penLabel218	urn:cite:botcar:sloane.218
urn:cite:botcar:catesbyLabels.penLabel22	urn:cite:botcar:sloane.22
urn:cite:botcar:catesbyLabels.penLabel220	urn:cite:botcar:sloane.220
urn:cite:botcar:catesbyLabels.penLabel222	urn:cite:botcar:sloane.222
urn:cite:botcar:catesbyLabels.penLabel224	urn:cite:botcar:sloane.224
urn:cite:botcar:catesbyLabels.penLabel228	urn:cite:botcar:sloane.228
urn:cite:botcar:catesbyLabels.penLabel23	urn:cite:botcar:sloane.23
urn:cite:botcar:catesbyLabels.penLabel231	urn:cite:botcar:sloane.231
urn:cite:botcar:catesbyLabels.penLabel232	urn:cite:botcar:sloane.232
urn:cite:botcar:catesbyLabels.penLabel233	urn:cite:botcar:sloane.233
urn:cite:botcar:catesbyLabels.penLabel234	urn:cite:botcar:sloane.234
urn:cite:botcar:catesbyLabels.penLabel236	urn:cite:botcar:sloane.236
urn:cite:botcar:catesbyLabels.penLabel238	urn:cite:botcar:sloane.238
urn:cite:botcar:catesbyLabels.penLabel239	urn:cite:botcar:sloane.239
urn:cite:botcar:catesbyLabels.penLabel24	urn:cite:botcar:sloane.24
urn:cite:botcar:catesbyLabels.penLabel241	urn:cite:botcar:sloane.241
urn:cite:botcar:catesbyLabels.penLabel242	urn:cite:botcar:sloane.242
urn:cite:botcar:catesbyLabels.penLabel243	urn:cite:botcar:sloane.243
urn:cite:botcar:catesbyLabels.penLabel244	urn:cite:botcar:sloane.244
urn:cite:botcar:catesbyLabels.penLabel246	urn:cite:botcar:sloane.246
urn:cite:botcar:catesbyLabels.penLabel25	urn:cite:botcar:sloane.25
urn:cite:botcar:catesbyLabels.penLabel251	urn:cite:botcar:sloane.251
urn:cite:botcar:catesbyLabels.penLabel253	urn:cite:botcar:sloane.253
urn:cite:botcar:catesbyLabels.penLabel256	urn:cite:botcar:sloane.256
urn:cite:botcar:catesbyLabels.penLabel258	urn:cite:botcar:sloane.258
urn:cite:botcar:catesbyLabels.penLabel259	urn:cite:botcar:sloane.259
urn:cite:botcar:catesbyLabels.penLabel260	urn:cite:botcar:sloane.260
urn:cite:botcar:catesbyLabels.penLabel262	urn:cite:botcar:sloane.262
urn:cite:botcar:catesbyLabels.penLabel265	urn:cite:botcar:sloane.265
urn:cite:botcar:catesbyLabels.penLabel266	urn:cite:botcar:sloane.266
urn:cite:botcar:catesbyLabels.penLabel268	urn:cite:botcar:sloane.268
urn:cite:botcar:catesbyLabels.penLabel270	urn:cite:botcar:sloane.270
urn:cite:botcar:catesbyLabels.penLabel273	urn:cite:botcar:sloane.273
urn:cite:botcar:catesbyLabels.penLabel280	urn:cite:botcar:sloane.280
urn:cite:botcar:catesbyLabels.penLabel281	urn:cite:botcar:sloane.281
urn:cite:botcar:catesbyLabels.penLabel283	urn:cite:botcar:sloane.283
urn:cite:botcar:catesbyLabels.penLabel284	urn:cite:botcar:sloane.284
urn:cite:botcar:catesbyLabels.penLabel286	urn:cite:botcar:sloane.286
urn:cite:botcar:catesbyLabels.penLabel287	urn:cite:botcar:sloane.287
urn:cite:botcar:catesbyLabels.penLabel288	urn:cite:botcar:sloane.288
urn:cite:botcar:catesbyLabels.penLabel294	urn:cite:botcar:sloane.294
urn:cite:botcar:catesbyLabels.penLabel297	urn:cite:botcar:sloane.297
urn:cite:botcar:catesbyLabels.penLabel298	urn:cite:botcar:sloane.298
urn:cite:botcar:catesbyLabels.penLabel30	urn:cite:botcar:sloane.30
urn:cite:botcar:catesbyLabels.penLabel301	urn:cite:botcar:sloane.301
urn:cite:botcar:catesbyLabels.penLabel302	urn:cite:botcar:sloane.302
urn:cite:botcar:catesbyLabels.penLabel306	urn:cite:botcar:sloane.306
urn:cite:botcar:catesbyLabels.penLabel309	urn:cite:botcar:sloane.309
urn:cite:botcar:catesbyLabels.penLabel310	urn:cite:botcar:sloane.310
urn:cite:botcar:catesbyLabels.penLabel314	urn:cite:botcar:sloane.314
urn:cite:botcar:catesbyLabels.penLabel315	urn:cite:botcar:sloane.315
urn:cite:botcar:catesbyLabels.penLabel316	urn:cite:botcar:sloane.316
urn:cite:botcar:catesbyLabels.penLabel318	urn:cite:botcar:sloane.318
urn:cite:botcar:catesbyLabels.penLabel320	urn:cite:botcar:sloane.320
urn:cite:botcar:catesbyLabels.penLabel323	urn:cite:botcar:sloane.323
urn:cite:botcar:catesbyLabels.penLabel324	urn:cite:botcar:sloane.324
urn:cite:botcar:catesbyLabels.penLabel325	urn:cite:botcar:sloane.325
urn:cite:botcar:catesbyLabels.penLabel331	urn:cite:botcar:sloane.331
urn:cite:botcar:catesbyLabels.penLabel334	urn:cite:botcar:sloane.334
urn:cite:botcar:catesbyLabels.penLabel336	urn:cite:botcar:sloane.336
urn:cite:botcar:catesbyLabels.penLabel34	urn:cite:botcar:sloane.34
urn:cite:botcar:catesbyLabels.penLabel343	urn:cite:botcar:sloane.343
urn:cite:botcar:catesbyLabels.penLabel347	urn:cite:botcar:sloane.347
urn:cite:botcar:catesbyLabels.penLabel35	urn:cite:botcar:sloane.35
urn:cite:botcar:catesbyLabels.penLabel351	urn:cite:botcar:sloane.351
urn:cite:botcar:catesbyLabels.penLabel352	urn:cite:botcar:sloane.352
urn:cite:botcar:catesbyLabels.penLabel356	urn:cite:botcar:sloane.356
urn:cite:botcar:catesbyLabels.penLabel359	urn:cite:botcar:sloane.359
urn:cite:botcar:catesbyLabels.penLabel364	urn:cite:botcar:sloane.364
urn:cite:botcar:catesbyLabels.penLabel367	urn:cite:botcar:sloane.367
urn:cite:botcar:catesbyLabels.penLabel370	urn:cite:botcar:sloane.370
urn:cite:botcar:catesbyLabels.penLabel372	urn:cite:botcar:sloane.372
urn:cite:botcar:catesbyLabels.penLabel375	urn:cite:botcar:sloane.375
urn:cite:botcar:catesbyLabels.penLabel377	urn:cite:botcar:sloane.377
urn:cite:botcar:catesbyLabels.penLabel387	urn:cite:botcar:sloane.387
urn:cite:botcar:catesbyLabels.penLabel388	urn:cite:botcar:sloane.388
urn:cite:botcar:catesbyLabels.penLabel389	urn:cite:botcar:sloane.389
urn:cite:botcar:catesbyLabels.penLabel391	urn:cite:botcar:sloane.391
urn:cite:botcar:catesbyLabels.penLabel392	urn:cite:botcar:sloane.392
urn:cite:botcar:catesbyLabels.penLabel393	urn:cite:botcar:sloane.393
urn:cite:botcar:catesbyLabels.penLabel395	urn:cite:botcar:sloane.395
urn:cite:botcar:catesbyLabels.penLabel396	urn:cite:botcar:sloane.396
urn:cite:botcar:catesbyLabels.penLabel4	urn:cite:botcar:sloane.4
urn:cite:botcar:catesbyLabels.penLabel401	urn:cite:botcar:sloane.401
urn:cite:botcar:catesbyLabels.penLabel402	urn:cite:botcar:sloane.402
urn:cite:botcar:catesbyLabels.penLabel406	urn:cite:botcar:sloane.406
urn:cite:botcar:catesbyLabels.penLabel407	urn:cite:botcar:sloane.407
urn:cite:botcar:catesbyLabels.penLabel409	urn:cite:botcar:sloane.409
urn:cite:botcar:catesbyLabels.penLabel412	urn:cite:botcar:sloane.412
urn:cite:botcar:catesbyLabels.penLabel414	urn:cite:botcar:sloane.414
urn:cite:botcar:catesbyLabels.penLabel418	urn:cite:botcar:sloane.418
urn:cite:botcar:catesbyLabels.penLabel420	urn:cite:botcar:sloane.420
urn:cite:botcar:catesbyLabels.penLabel422	urn:cite:botcar:sloane.422
urn:cite:botcar:catesbyLabels.penLabel423	urn:cite:botcar:sloane.423
urn:cite:botcar:catesbyLabels.penLabel424	urn:cite:botcar:sloane.424
urn:cite:botcar:catesbyLabels.penLabel43	urn:cite:botcar:sloane.43
urn:cite:botcar:catesbyLabels.penLabel45	urn:cite:botcar:sloane.45
urn:cite:botcar:catesbyLabels.penLabel47	urn:cite:botcar:sloane.47
urn:cite:botcar:catesbyLabels.penLabel55	urn:cite:botcar:sloane.55
urn:cite:botcar:catesbyLabels.penLabel62	urn:cite:botcar:sloane.62
urn:cite:botcar:catesbyLabels.penLabel63	urn:cite:botcar:sloane.63
urn:cite:botcar:catesbyLabels.penLabel69	urn:cite:botcar:sloane.69
urn:cite:botcar:catesbyLabels.penLabel71	urn:cite:botcar:sloane.71
urn:cite:botcar:catesbyLabels.penLabel72	urn:cite:botcar:sloane.72
urn:cite:botcar:catesbyLabels.penLabel73	urn:cite:botcar:sloane.73
urn:cite:botcar:catesbyLabels.penLabel74	urn:cite:botcar:sloane.74
urn:cite:botcar:catesbyLabels.penLabel75	urn:cite:botcar:sloane.75
urn:cite:botcar:catesbyLabels.penLabel76	urn:cite:botcar:sloane.76
urn:cite:botcar:catesbyLabels.penLabel8	urn:cite:botcar:sloane.8
urn:cite:botcar:catesbyLabels.penLabel81	urn:cite:botcar:sloane.81
urn:cite:botcar:catesbyLabels.penLabel82	urn:cite:botcar:sloane.82
urn:cite:botcar:catesbyLabels.penLabel83	urn:cite:botcar:sloane.83
urn:cite:botcar:catesbyLabels.penLabel85	urn:cite:botcar:sloane.85
urn:cite:botcar:catesbyLabels.penLabel87	urn:cite:botcar:sloane.87
urn:cite:botcar:catesbyLabels.penLabel91	urn:cite:botcar:sloane.91
urn:cite:botcar:catesbyLabels.penLabel92	urn:cite:botcar:sloane.92
urn:cite:botcar:catesbyLabels.penLabel94	urn:cite:botcar:sloane.94
urn:cite:botcar:catesbyLabels.penOnPage1	urn:cite:botcar:sloane.1
urn:cite:botcar:catesbyLabels.penOnPage104	urn:cite:botcar:sloane.104
urn:cite:botcar:catesbyLabels.penOnPage108	urn:cite:botcar:sloane.108
urn:cite:botcar:catesbyLabels.penOnPage114	urn:cite:botcar:sloane.114
urn:cite:botcar:catesbyLabels.penOnPage118	urn:cite:botcar:sloane.118
urn:cite:botcar:catesbyLabels.penOnPage119	urn:cite:botcar:sloane.119
urn:cite:botcar:catesbyLabels.penOnPage121	urn:cite:botcar:sloane.121
urn:cite:botcar:catesbyLabels.penOnPage125	urn:cite:botcar:sloane.125
urn:cite:botcar:catesbyLabels.penOnPage127	urn:cite:botcar:sloane.127
urn:cite:botcar:catesbyLabels.penOnPage129	urn:cite:botcar:sloane.129
urn:cite:botcar:catesbyLabels.penOnPage137	urn:cite:botcar:sloane.137
urn:cite:botcar:catesbyLabels.penOnPage139	urn:cite:botcar:sloane.139
urn:cite:botcar:catesbyLabels.penOnPage140	urn:cite:botcar:sloane.140
urn:cite:botcar:catesbyLabels.penOnPage141	urn:cite:botcar:sloane.141
urn:cite:botcar:catesbyLabels.penOnPage145	urn:cite:botcar:sloane.145
urn:cite:botcar:catesbyLabels.penOnPage146	urn:cite:botcar:sloane.146
urn:cite:botcar:catesbyLabels.penOnPage150	urn:cite:botcar:sloane.150
urn:cite:botcar:catesbyLabels.penOnPage151	urn:cite:botcar:sloane.151
urn:cite:botcar:catesbyLabels.penOnPage153	urn:cite:botcar:sloane.153
urn:cite:botcar:catesbyLabels.penOnPage156	urn:cite:botcar:sloane.156
urn:cite:botcar:catesbyLabels.penOnPage16	urn:cite:botcar:sloane.16
urn:cite:botcar:catesbyLabels.penOnPage160	urn:cite:botcar:sloane.160
urn:cite:botcar:catesbyLabels.penOnPage161	urn:cite:botcar:sloane.161
urn:cite:botcar:catesbyLabels.penOnPage164	urn:cite:botcar:sloane.164
urn:cite:botcar:catesbyLabels.penOnPage166	urn:cite:botcar:sloane.166
urn:cite:botcar:catesbyLabels.penOnPage169	urn:cite:botcar:sloane.169
urn:cite:botcar:catesbyLabels.penOnPage17	urn:cite:botcar:sloane.17
urn:cite:botcar:catesbyLabels.penOnPage170	urn:cite:botcar:sloane.170
urn:cite:botcar:catesbyLabels.penOnPage172	urn:cite:botcar:sloane.172
urn:cite:botcar:catesbyLabels.penOnPage174	urn:cite:botcar:sloane.174
urn:cite:botcar:catesbyLabels.penOnPage175	urn:cite:botcar:sloane.175
urn:cite:botcar:catesbyLabels.penOnPage179	urn:cite:botcar:sloane.179
urn:cite:botcar:catesbyLabels.penOnPage18	urn:cite:botcar:sloane.18
urn:cite:botcar:catesbyLabels.penOnPage182	urn:cite:botcar:sloane.182
urn:cite:botcar:catesbyLabels.penOnPage188	urn:cite:botcar:sloane.188
urn:cite:botcar:catesbyLabels.penOnPage192	urn:cite:botcar:sloane.192
urn:cite:botcar:catesbyLabels.penOnPage194	urn:cite:botcar:sloane.194
urn:cite:botcar:catesbyLabels.penOnPage195	urn:cite:botcar:sloane.195
urn:cite:botcar:catesbyLabels.penOnPage198	urn:cite:botcar:sloane.198
urn:cite:botcar:catesbyLabels.penOnPage200	urn:cite:botcar:sloane.200
urn:cite:botcar:catesbyLabels.penOnPage202	urn:cite:botcar:sloane.202
urn:cite:botcar:catesbyLabels.penOnPage203	urn:cite:botcar:sloane.203
urn:cite:botcar:catesbyLabels.penOnPage204	urn:cite:botcar:sloane.204
urn:cite:botcar:catesbyLabels.penOnPage208	urn:cite:botcar:sloane.208
urn:cite:botcar:catesbyLabels.penOnPage209	urn:cite:botcar:sloane.209
urn:cite:botcar:catesbyLabels.penOnPage21	urn:cite:botcar:sloane.21
urn:cite:botcar:catesbyLabels.penOnPage215	urn:cite:botcar:sloane.215
urn:cite:botcar:catesbyLabels.penOnPage216	urn:cite:botcar:sloane.216
urn:cite:botcar:catesbyLabels.penOnPage217	urn:cite:botcar:sloane.217
urn:cite:botcar:catesbyLabels.penOnPage218	urn:cite:botcar:sloane.218
urn:cite:botcar:catesbyLabels.penOnPage220	urn:cite:botcar:sloane.220
urn:cite:botcar:catesbyLabels.penOnPage222	urn:cite:botcar:sloane.222
urn:cite:botcar:catesbyLabels.penOnPage225	urn:cite:botcar:sloane.225
urn:cite:botcar:catesbyLabels.penOnPage232	urn:cite:botcar:sloane.232
urn:cite:botcar:catesbyLabels.penOnPage233	urn:cite:botcar:sloane.233
urn:cite:botcar:catesbyLabels.penOnPage234	urn:cite:botcar:sloane.234
urn:cite:botcar:catesbyLabels.penOnPage239	urn:cite:botcar:sloane.239
urn:cite:botcar:catesbyLabels.penOnPage242	urn:cite:botcar:sloane.242
urn:cite:botcar:catesbyLabels.penOnPage243	urn:cite:botcar:sloane.243
urn:cite:botcar:catesbyLabels.penOnPage249	urn:cite:botcar:sloane.249
urn:cite:botcar:catesbyLabels.penOnPage253	urn:cite:botcar:sloane.253
urn:cite:botcar:catesbyLabels.penOnPage255	urn:cite:botcar:sloane.255
urn:cite:botcar:catesbyLabels.penOnPage257	urn:cite:botcar:sloane.257
urn:cite:botcar:catesbyLabels.penOnPage259	urn:cite:botcar:sloane.259
urn:cite:botcar:catesbyLabels.penOnPage26	urn:cite:botcar:sloane.26
urn:cite:botcar:catesbyLabels.penOnPage260	urn:cite:botcar:sloane.260
urn:cite:botcar:catesbyLabels.penOnPage262	urn:cite:botcar:sloane.262
urn:cite:botcar:catesbyLabels.penOnPage266	urn:cite:botcar:sloane.266
urn:cite:botcar:catesbyLabels.penOnPage268	urn:cite:botcar:sloane.268
urn:cite:botcar:catesbyLabels.penOnPage279	urn:cite:botcar:sloane.279
urn:cite:botcar:catesbyLabels.penOnPage28	urn:cite:botcar:sloane.28
urn:cite:botcar:catesbyLabels.penOnPage282	urn:cite:botcar:sloane.282
urn:cite:botcar:catesbyLabels.penOnPage289	urn:cite:botcar:sloane.289
urn:cite:botcar:catesbyLabels.penOnPage299	urn:cite:botcar:sloane.299
urn:cite:botcar:catesbyLabels.penOnPage300	urn:cite:botcar:sloane.300
urn:cite:botcar:catesbyLabels.penOnPage304	urn:cite:botcar:sloane.304
urn:cite:botcar:catesbyLabels.penOnPage306	urn:cite:botcar:sloane.306
urn:cite:botcar:catesbyLabels.penOnPage314	urn:cite:botcar:sloane.314
urn:cite:botcar:catesbyLabels.penOnPage316	urn:cite:botcar:sloane.316
urn:cite:botcar:catesbyLabels.penOnPage319	urn:cite:botcar:sloane.319
urn:cite:botcar:catesbyLabels.penOnPage32	urn:cite:botcar:sloane.32
urn:cite:botcar:catesbyLabels.penOnPage320	urn:cite:botcar:sloane.320
urn:cite:botcar:catesbyLabels.penOnPage321	urn:cite:botcar:sloane.321
urn:cite:botcar:catesbyLabels.penOnPage322	urn:cite:botcar:sloane.322
urn:cite:botcar:catesbyLabels.penOnPage324	urn:cite:botcar:sloane.324
urn:cite:botcar:catesbyLabels.penOnPage325	urn:cite:botcar:sloane.325
urn:cite:botcar:catesbyLabels.penOnPage328	urn:cite:botcar:sloane.328
urn:cite:botcar:catesbyLabels.penOnPage331	urn:cite:botcar:sloane.331
urn:cite:botcar:catesbyLabels.penOnPage335	urn:cite:botcar:sloane.335
urn:cite:botcar:catesbyLabels.penOnPage336	urn:cite:botcar:sloane.336
urn:cite:botcar:catesbyLabels.penOnPage338	urn:cite:botcar:sloane.338
urn:cite:botcar:catesbyLabels.penOnPage342	urn:cite:botcar:sloane.342
urn:cite:botcar:catesbyLabels.penOnPage345	urn:cite:botcar:sloane.345
urn:cite:botcar:catesbyLabels.penOnPage347	urn:cite:botcar:sloane.347
urn:cite:botcar:catesbyLabels.penOnPage35	urn:cite:botcar:sloane.35
urn:cite:botcar:catesbyLabels.penOnPage350	urn:cite:botcar:sloane.350
urn:cite:botcar:catesbyLabels.penOnPage360	urn:cite:botcar:sloane.360
urn:cite:botcar:catesbyLabels.penOnPage363	urn:cite:botcar:sloane.363
urn:cite:botcar:catesbyLabels.penOnPage364	urn:cite:botcar:sloane.364
urn:cite:botcar:catesbyLabels.penOnPage370	urn:cite:botcar:sloane.370
urn:cite:botcar:catesbyLabels.penOnPage371	urn:cite:botcar:sloane.371
urn:cite:botcar:catesbyLabels.penOnPage372	urn:cite:botcar:sloane.372
urn:cite:botcar:catesbyLabels.penOnPage376	urn:cite:botcar:sloane.376
urn:cite:botcar:catesbyLabels.penOnPage379	urn:cite:botcar:sloane.379
urn:cite:botcar:catesbyLabels.penOnPage383	urn:cite:botcar:sloane.383
urn:cite:botcar:catesbyLabels.penOnPage387	urn:cite:botcar:sloane.387
urn:cite:botcar:catesbyLabels.penOnPage389	urn:cite:botcar:sloane.389
urn:cite:botcar:catesbyLabels.penOnPage39	urn:cite:botcar:sloane.39
urn:cite:botcar:catesbyLabels.penOnPage390	urn:cite:botcar:sloane.390
urn:cite:botcar:catesbyLabels.penOnPage391	urn:cite:botcar:sloane.391
urn:cite:botcar:catesbyLabels.penOnPage396	urn:cite:botcar:sloane.396
urn:cite:botcar:catesbyLabels.penOnPage398	urn:cite:botcar:sloane.398
urn:cite:botcar:catesbyLabels.penOnPage4	urn:cite:botcar:sloane.4
urn:cite:botcar:catesbyLabels.penOnPage40	urn:cite:botcar:sloane.40
urn:cite:botcar:catesbyLabels.penOnPage404	urn:cite:botcar:sloane.404
urn:cite:botcar:catesbyLabels.penOnPage405	urn:cite:botcar:sloane.405
urn:cite:botcar:catesbyLabels.penOnPage406	urn:cite:botcar:sloane.406
urn:cite:botcar:catesbyLabels.penOnPage408	urn:cite:botcar:sloane.408
urn:cite:botcar:catesbyLabels.penOnPage41	urn:cite:botcar:sloane.41
urn:cite:botcar:catesbyLabels.penOnPage411	urn:cite:botcar:sloane.411
urn:cite:botcar:catesbyLabels.penOnPage412	urn:cite:botcar:sloane.412
urn:cite:botcar:catesbyLabels.penOnPage413	urn:cite:botcar:sloane.413
urn:cite:botcar:catesbyLabels.penOnPage417	urn:cite:botcar:sloane.417
urn:cite:botcar:catesbyLabels.penOnPage420	urn:cite:botcar:sloane.420
urn:cite:botcar:catesbyLabels.penOnPage421	urn:cite:botcar:sloane.421
urn:cite:botcar:catesbyLabels.penOnPage422	urn:cite:botcar:sloane.422
urn:cite:botcar:catesbyLabels.penOnPage424	urn:cite:botcar:sloane.424
urn:cite:botcar:catesbyLabels.penOnPage428	urn:cite:botcar:sloane.428
urn:cite:botcar:catesbyLabels.penOnPage431	urn:cite:botcar:sloane.431
urn:cite:botcar:catesbyLabels.penOnPage432	urn:cite:botcar:sloane.432
urn:cite:botcar:catesbyLabels.penOnPage48	urn:cite:botcar:sloane.48
urn:cite:botcar:catesbyLabels.penOnPage49	urn:cite:botcar:sloane.49
urn:cite:botcar:catesbyLabels.penOnPage50	urn:cite:botcar:sloane.50
urn:cite:botcar:catesbyLabels.penOnPage53	urn:cite:botcar:sloane.53
urn:cite:botcar:catesbyLabels.penOnPage55	urn:cite:botcar:sloane.55
urn:cite:botcar:catesbyLabels.penOnPage56	urn:cite:botcar:sloane.56
urn:cite:botcar:catesbyLabels.penOnPage58	urn:cite:botcar:sloane.58
urn:cite:botcar:catesbyLabels.penOnPage65	urn:cite:botcar:sloane.65
urn:cite:botcar:catesbyLabels.penOnPage66	urn:cite:botcar:sloane.66
urn:cite:botcar:catesbyLabels.penOnPage67	urn:cite:botcar:sloane.67
urn:cite:botcar:catesbyLabels.penOnPage68	urn:cite:botcar:sloane.68
urn:cite:botcar:catesbyLabels.penOnPage72	urn:cite:botcar:sloane.72
urn:cite:botcar:catesbyLabels.penOnPage73	urn:cite:botcar:sloane.73
urn:cite:botcar:catesbyLabels.penOnPage74	urn:cite:botcar:sloane.74
urn:cite:botcar:catesbyLabels.penOnPage76	urn:cite:botcar:sloane.76
urn:cite:botcar:catesbyLabels.penOnPage8	urn:cite:botcar:sloane.8
urn:cite:botcar:catesbyLabels.penOnPage82	urn:cite:botcar:sloane.82
urn:cite:botcar:catesbyLabels.penOnPage85	urn:cite:botcar:sloane.85
urn:cite:botcar:catesbyLabels.penOnPage86	urn:cite:botcar:sloane.86
urn:cite:botcar:catesbyLabels.penOnPage88	urn:cite:botcar:sloane.88
urn:cite:botcar:catesbyLabels.penOnPage89	urn:cite:botcar:sloane.89
urn:cite:botcar:catesbyLabels.penOnPage9	urn:cite:botcar:sloane.9
urn:cite:botcar:catesbyLabels.penOnPage91	urn:cite:botcar:sloane.91
urn:cite:botcar:catesbyLabels.penOnPage93	urn:cite:botcar:sloane.93
urn:cite:botcar:catesbyLabels.penOnPage94	urn:cite:botcar:sloane.94
urn:cite:botcar:catesbyLabels.penOnPage95	urn:cite:botcar:sloane.95
urn:cite:botcar:catesbyLabels.penOnPage98	urn:cite:botcar:sloane.98
urn:cite:botcar:catesbyLabels.pencilOnPage101	urn:cite:botcar:sloane.101
urn:cite:botcar:catesbyLabels.pencilOnPage104	urn:cite:botcar:sloane.104
urn:cite:botcar:catesbyLabels.pencilOnPage105	urn:cite:botcar:sloane.105
urn:cite:botcar:catesbyLabels.pencilOnPage109	urn:cite:botcar:sloane.109
urn:cite:botcar:catesbyLabels.pencilOnPage111	urn:cite:botcar:sloane.111
urn:cite:botcar:catesbyLabels.pencilOnPage117	urn:cite:botcar:sloane.117
urn:cite:botcar:catesbyLabels.pencilOnPage13	urn:cite:botcar:sloane.13
urn:cite:botcar:catesbyLabels.pencilOnPage139	urn:cite:botcar:sloane.139
urn:cite:botcar:catesbyLabels.pencilOnPage14	urn:cite:botcar:sloane.14
urn:cite:botcar:catesbyLabels.pencilOnPage160	urn:cite:botcar:sloane.160
urn:cite:botcar:catesbyLabels.pencilOnPage164	urn:cite:botcar:sloane.164
urn:cite:botcar:catesbyLabels.pencilOnPage169	urn:cite:botcar:sloane.169
urn:cite:botcar:catesbyLabels.pencilOnPage170	urn:cite:botcar:sloane.170
urn:cite:botcar:catesbyLabels.pencilOnPage172	urn:cite:botcar:sloane.172
urn:cite:botcar:catesbyLabels.pencilOnPage174	urn:cite:botcar:sloane.174
urn:cite:botcar:catesbyLabels.pencilOnPage175	urn:cite:botcar:sloane.175
urn:cite:botcar:catesbyLabels.pencilOnPage180	urn:cite:botcar:sloane.180
urn:cite:botcar:catesbyLabels.pencilOnPage181	urn:cite:botcar:sloane.181
urn:cite:botcar:catesbyLabels.pencilOnPage19	urn:cite:botcar:sloane.19
urn:cite:botcar:catesbyLabels.pencilOnPage192	urn:cite:botcar:sloane.192
urn:cite:botcar:catesbyLabels.pencilOnPage20	urn:cite:botcar:sloane.20
urn:cite:botcar:catesbyLabels.pencilOnPage201	urn:cite:botcar:sloane.201
urn:cite:botcar:catesbyLabels.pencilOnPage207	urn:cite:botcar:sloane.207
urn:cite:botcar:catesbyLabels.pencilOnPage21	urn:cite:botcar:sloane.21
urn:cite:botcar:catesbyLabels.pencilOnPage210	urn:cite:botcar:sloane.210
urn:cite:botcar:catesbyLabels.pencilOnPage213	urn:cite:botcar:sloane.213
urn:cite:botcar:catesbyLabels.pencilOnPage216	urn:cite:botcar:sloane.216
urn:cite:botcar:catesbyLabels.pencilOnPage218	urn:cite:botcar:sloane.218
urn:cite:botcar:catesbyLabels.pencilOnPage220	urn:cite:botcar:sloane.220
urn:cite:botcar:catesbyLabels.pencilOnPage222	urn:cite:botcar:sloane.222
urn:cite:botcar:catesbyLabels.pencilOnPage231	urn:cite:botcar:sloane.231
urn:cite:botcar:catesbyLabels.pencilOnPage233	urn:cite:botcar:sloane.233
urn:cite:botcar:catesbyLabels.pencilOnPage238	urn:cite:botcar:sloane.238
urn:cite:botcar:catesbyLabels.pencilOnPage239	urn:cite:botcar:sloane.239
urn:cite:botcar:catesbyLabels.pencilOnPage243	urn:cite:botcar:sloane.243
urn:cite:botcar:catesbyLabels.pencilOnPage25	urn:cite:botcar:sloane.25
urn:cite:botcar:catesbyLabels.pencilOnPage253	urn:cite:botcar:sloane.253
urn:cite:botcar:catesbyLabels.pencilOnPage260	urn:cite:botcar:sloane.260
urn:cite:botcar:catesbyLabels.pencilOnPage262	urn:cite:botcar:sloane.262
urn:cite:botcar:catesbyLabels.pencilOnPage263	urn:cite:botcar:sloane.263
urn:cite:botcar:catesbyLabels.pencilOnPage265	urn:cite:botcar:sloane.265
urn:cite:botcar:catesbyLabels.pencilOnPage268	urn:cite:botcar:sloane.268
urn:cite:botcar:catesbyLabels.pencilOnPage271	urn:cite:botcar:sloane.271
urn:cite:botcar:catesbyLabels.pencilOnPage273	urn:cite:botcar:sloane.273
urn:cite:botcar:catesbyLabels.pencilOnPage28	urn:cite:botcar:sloane.28
urn:cite:botcar:catesbyLabels.pencilOnPage286	urn:cite:botcar:sloane.286
urn:cite:botcar:catesbyLabels.pencilOnPage287	urn:cite:botcar:sloane.287
urn:cite:botcar:catesbyLabels.pencilOnPage289	urn:cite:botcar:sloane.289
urn:cite:botcar:catesbyLabels.pencilOnPage292	urn:cite:botcar:sloane.292
urn:cite:botcar:catesbyLabels.pencilOnPage302	urn:cite:botcar:sloane.302
urn:cite:botcar:catesbyLabels.pencilOnPage304	urn:cite:botcar:sloane.304
urn:cite:botcar:catesbyLabels.pencilOnPage305	urn:cite:botcar:sloane.305
urn:cite:botcar:catesbyLabels.pencilOnPage306	urn:cite:botcar:sloane.306
urn:cite:botcar:catesbyLabels.pencilOnPage308	urn:cite:botcar:sloane.308
urn:cite:botcar:catesbyLabels.pencilOnPage309	urn:cite:botcar:sloane.309
urn:cite:botcar:catesbyLabels.pencilOnPage32	urn:cite:botcar:sloane.32
urn:cite:botcar:catesbyLabels.pencilOnPage322	urn:cite:botcar:sloane.322
urn:cite:botcar:catesbyLabels.pencilOnPage324	urn:cite:botcar:sloane.324
urn:cite:botcar:catesbyLabels.pencilOnPage33	urn:cite:botcar:sloane.33
urn:cite:botcar:catesbyLabels.pencilOnPage331	urn:cite:botcar:sloane.331
urn:cite:botcar:catesbyLabels.pencilOnPage34	urn:cite:botcar:sloane.34
urn:cite:botcar:catesbyLabels.pencilOnPage342	urn:cite:botcar:sloane.342
urn:cite:botcar:catesbyLabels.pencilOnPage345	urn:cite:botcar:sloane.345
urn:cite:botcar:catesbyLabels.pencilOnPage360	urn:cite:botcar:sloane.360
urn:cite:botcar:catesbyLabels.pencilOnPage370	urn:cite:botcar:sloane.370
urn:cite:botcar:catesbyLabels.pencilOnPage383	urn:cite:botcar:sloane.383
urn:cite:botcar:catesbyLabels.pencilOnPage384	urn:cite:botcar:sloane.384
urn:cite:botcar:catesbyLabels.pencilOnPage389	urn:cite:botcar:sloane.389
urn:cite:botcar:catesbyLabels.pencilOnPage391	urn:cite:botcar:sloane.391
urn:cite:botcar:catesbyLabels.pencilOnPage4	urn:cite:botcar:sloane.4
urn:cite:botcar:catesbyLabels.pencilOnPage412	urn:cite:botcar:sloane.412
urn:cite:botcar:catesbyLabels.pencilOnPage413	urn:cite:botcar:sloane.413
urn:cite:botcar:catesbyLabels.pencilOnPage415	urn:cite:botcar:sloane.415
urn:cite:botcar:catesbyLabels.pencilOnPage419	urn:cite:botcar:sloane.419
urn:cite:botcar:catesbyLabels.pencilOnPage420	urn:cite:botcar:sloane.420
urn:cite:botcar:catesbyLabels.pencilOnPage421	urn:cite:botcar:sloane.421
urn:cite:botcar:catesbyLabels.pencilOnPage431	urn:cite:botcar:sloane.431
urn:cite:botcar:catesbyLabels.pencilOnPage46	urn:cite:botcar:sloane.46
urn:cite:botcar:catesbyLabels.pencilOnPage47	urn:cite:botcar:sloane.47
urn:cite:botcar:catesbyLabels.pencilOnPage48	urn:cite:botcar:sloane.48
urn:cite:botcar:catesbyLabels.pencilOnPage50	urn:cite:botcar:sloane.50
urn:cite:botcar:catesbyLabels.pencilOnPage55	urn:cite:botcar:sloane.55
urn:cite:botcar:catesbyLabels.pencilOnPage63	urn:cite:botcar:sloane.63
urn:cite:botcar:catesbyLabels.pencilOnPage66	urn:cite:botcar:sloane.66
urn:cite:botcar:catesbyLabels.pencilOnPage67	urn:cite:botcar:sloane.67
urn:cite:botcar:catesbyLabels.pencilOnPage68	urn:cite:botcar:sloane.68
urn:cite:botcar:catesbyLabels.pencilOnPage7	urn:cite:botcar:sloane.7
urn:cite:botcar:catesbyLabels.pencilOnPage8	urn:cite:botcar:sloane.8
urn:cite:botcar:catesbyLabels.pencilOnPage80	urn:cite:botcar:sloane.80
urn:cite:botcar:catesbyLabels.pencilOnPage87	urn:cite:botcar:sloane.87
urn:cite:botcar:catesbyLabels.pencilOnPage9	urn:cite:botcar:sloane.9
urn:cite:botcar:catesbyLabels.pencilOnPage90	urn:cite:botcar:sloane.90
urn:cite:botcar:catesbyLabels.pencilOnPage95	urn:cite:botcar:sloane.95
urn:cite:botcar:catesbyLabels.typedLabel105	urn:cite:botcar:sloane.105
urn:cite:botcar:catesbyLabels.typedLabel111	urn:cite:botcar:sloane.111
urn:cite:botcar:catesbyLabels.typedLabel117	urn:cite:botcar:sloane.117
urn:cite:botcar:catesbyLabels.typedLabel13	urn:cite:botcar:sloane.13
urn:cite:botcar:catesbyLabels.typedLabel14	urn:cite:botcar:sloane.14
urn:cite:botcar:catesbyLabels.typedLabel150	urn:cite:botcar:sloane.150
urn:cite:botcar:catesbyLabels.typedLabel160	urn:cite:botcar:sloane.160
urn:cite:botcar:catesbyLabels.typedLabel164	urn:cite:botcar:sloane.164
urn:cite:botcar:catesbyLabels.typedLabel169	urn:cite:botcar:sloane.169
urn:cite:botcar:catesbyLabels.typedLabel170	urn:cite:botcar:sloane.170
urn:cite:botcar:catesbyLabels.typedLabel174	urn:cite:botcar:sloane.174
urn:cite:botcar:catesbyLabels.typedLabel175	urn:cite:botcar:sloane.175
urn:cite:botcar:catesbyLabels.typedLabel180	urn:cite:botcar:sloane.180
urn:cite:botcar:catesbyLabels.typedLabel19	urn:cite:botcar:sloane.19
urn:cite:botcar:catesbyLabels.typedLabel192	urn:cite:botcar:sloane.192
urn:cite:botcar:catesbyLabels.typedLabel21	urn:cite:botcar:sloane.21
urn:cite:botcar:catesbyLabels.typedLabel231	urn:cite:botcar:sloane.231
urn:cite:botcar:catesbyLabels.typedLabel233	urn:cite:botcar:sloane.233
urn:cite:botcar:catesbyLabels.typedLabel234	urn:cite:botcar:sloane.234
urn:cite:botcar:catesbyLabels.typedLabel238	urn:cite:botcar:sloane.238
urn:cite:botcar:catesbyLabels.typedLabel239	urn:cite:botcar:sloane.239
urn:cite:botcar:catesbyLabels.typedLabel243	urn:cite:botcar:sloane.243
urn:cite:botcar:catesbyLabels.typedLabel259	urn:cite:botcar:sloane.259
urn:cite:botcar:catesbyLabels.typedLabel260	urn:cite:botcar:sloane.260
urn:cite:botcar:catesbyLabels.typedLabel262	urn:cite:botcar:sloane.262
urn:cite:botcar:catesbyLabels.typedLabel263	urn:cite:botcar:sloane.263
urn:cite:botcar:catesbyLabels.typedLabel268	urn:cite:botcar:sloane.268
urn:cite:botcar:catesbyLabels.typedLabel271	urn:cite:botcar:sloane.271
urn:cite:botcar:catesbyLabels.typedLabel302	urn:cite:botcar:sloane.302
urn:cite:botcar:catesbyLabels.typedLabel306	urn:cite:botcar:sloane.306
urn:cite:botcar:catesbyLabels.typedLabel309	urn:cite:botcar:sloane.309
urn:cite:botcar:catesbyLabels.typedLabel316	urn:cite:botcar:sloane.316
urn:cite:botcar:catesbyLabels.typedLabel32	urn:cite:botcar:sloane.32
urn:cite:botcar:catesbyLabels.typedLabel322	urn:cite:botcar:sloane.322
urn:cite:botcar:catesbyLabels.typedLabel34	urn:cite:botcar:sloane.34
urn:cite:botcar:catesbyLabels.typedLabel342	urn:cite:botcar:sloane.342
urn:cite:botcar:catesbyLabels.typedLabel345	urn:cite:botcar:sloane.345
urn:cite:botcar:catesbyLabels.typedLabel355	urn:cite:botcar:sloane.355
urn:cite:botcar:catesbyLabels.typedLabel372	urn:cite:botcar:sloane.372
urn:cite:botcar:catesbyLabels.typedLabel383	urn:cite:botcar:sloane.383
urn:cite:botcar:catesbyLabels.typedLabel384	urn:cite:botcar:sloane.384
urn:cite:botcar:catesbyLabels.typedLabel389	urn:cite:botcar:sloane.389
urn:cite:botcar:catesbyLabels.typedLabel391	urn:cite:botcar:sloane.391
urn:cite:botcar:catesbyLabels.typedLabel4	urn:cite:botcar:sloane.4
urn:cite:botcar:catesbyLabels.typedLabel412	urn:cite:botcar:sloane.412
urn:cite:botcar:catesbyLabels.typedLabel415	urn:cite:botcar:sloane.415
urn:cite:botcar:catesbyLabels.typedLabel419	urn:cite:botcar:sloane.419
urn:cite:botcar:catesbyLabels.typedLabel420	urn:cite:botcar:sloane.420
urn:cite:botcar:catesbyLabels.typedLabel421	urn:cite:botcar:sloane.421
urn:cite:botcar:catesbyLabels.typedLabel431	urn:cite:botcar:sloane.431
urn:cite:botcar:catesbyLabels.typedLabel47	urn:cite:botcar:sloane.47
urn:cite:botcar:catesbyLabels.typedLabel48	urn:cite:botcar:sloane.48
urn:cite:botcar:catesbyLabels.typedLabel49	urn:cite:botcar:sloane.49
urn:cite:botcar:catesbyLabels.typedLabel55	urn:cite:botcar:sloane.55
urn:cite:botcar:catesbyLabels.typedLabel63	urn:cite:botcar:sloane.63
urn:cite:botcar:catesbyLabels.typedLabel67	urn:cite:botcar:sloane.67
urn:cite:botcar:catesbyLabels.typedLabel68	urn:cite:botcar:sloane.68
urn:cite:botcar:catesbyLabels.typedLabel7	urn:cite:botcar:sloane.7
urn:cite:botcar:catesbyLabels.typedLabel72	urn:cite:botcar:sloane.72
urn:cite:botcar:catesbyLabels.typedLabel75	urn:cite:botcar:sloane.75
urn:cite:botcar:catesbyLabels.typedLabel8	urn:cite:botcar:sloane.8
urn:cite:botcar:catesbyLabels.typedLabel80	urn:cite:botcar:sloane.80
urn:cite:botcar:catesbyLabels.typedLabel95	urn:cite:botcar:sloane.95
