urn:cite:botcar:sloane.1	urn:cite:botcar:CatesbyHS212.087
urn:cite:botcar:sloane.10	urn:cite:botcar:CatesbyHS212.58b
urn:cite:botcar:sloane.100	urn:cite:botcar:CatesbyHS212.087
urn:cite:botcar:sloane.101	urn:cite:botcar:CatesbyHS212.016
urn:cite:botcar:sloane.102	urn:cite:botcar:CatesbyHS212.035
urn:cite:botcar:sloane.103	urn:cite:botcar:CatesbyHS212.044
urn:cite:botcar:sloane.104	urn:cite:botcar:CatesbyHS212.054
urn:cite:botcar:sloane.105	urn:cite:botcar:CatesbyHS232.094
urn:cite:botcar:sloane.106	urn:cite:botcar:CatesbyHS212.086
urn:cite:botcar:sloane.107	urn:cite:botcar:CatesbyHS232.126
urn:cite:botcar:sloane.108	urn:cite:botcar:CatesbyHS212.001
urn:cite:botcar:sloane.109	urn:cite:botcar:CatesbyHS212.067
urn:cite:botcar:sloane.11	urn:cite:botcar:CatesbyHS212.043
urn:cite:botcar:sloane.110	urn:cite:botcar:CatesbyHS212.017
urn:cite:botcar:sloane.111	urn:cite:botcar:CatesbyHS212.067
urn:cite:botcar:sloane.112	urn:cite:botcar:CatesbyHS232.139
urn:cite:botcar:sloane.113	urn:cite:botcar:CatesbyHS232.035
urn:cite:botcar:sloane.114	urn:cite:botcar:CatesbyHS232.031
urn:cite:botcar:sloane.115	urn:cite:botcar:CatesbyHS232.061
urn:cite:botcar:sloane.116	urn:cite:botcar:CatesbyHS212.062
urn:cite:botcar:sloane.117	urn:cite:botcar:CatesbyHS212.003
urn:cite:botcar:sloane.118	urn:cite:botcar:CatesbyHS212.060
urn:cite:botcar:sloane.119	urn:cite:botcar:CatesbyHS232.078
urn:cite:botcar:sloane.12	urn:cite:botcar:CatesbyHS232.038
urn:cite:botcar:sloane.120	urn:cite:botcar:CatesbyHS232.086
urn:cite:botcar:sloane.121	urn:cite:botcar:CatesbyHS212.059
urn:cite:botcar:sloane.122	urn:cite:botcar:CatesbyHS232.084
urn:cite:botcar:sloane.123	urn:cite:botcar:CatesbyHS232.123
urn:cite:botcar:sloane.124	urn:cite:botcar:CatesbyHS212.061
urn:cite:botcar:sloane.125	urn:cite:botcar:CatesbyHS232.128
urn:cite:botcar:sloane.126	urn:cite:botcar:CatesbyHS232.075
urn:cite:botcar:sloane.127	urn:cite:botcar:CatesbyHS212.069
urn:cite:botcar:sloane.128	urn:cite:botcar:CatesbyHS232.123
urn:cite:botcar:sloane.129	urn:cite:botcar:CatesbyHS232.063
urn:cite:botcar:sloane.13	urn:cite:botcar:CatesbyHS212.057
urn:cite:botcar:sloane.130	urn:cite:botcar:CatesbyHS212.003
urn:cite:botcar:sloane.131	urn:cite:botcar:CatesbyHS232.039
urn:cite:botcar:sloane.132	urn:cite:botcar:CatesbyHS212.034
urn:cite:botcar:sloane.133	urn:cite:botcar:CatesbyHS232.100
urn:cite:botcar:sloane.134	urn:cite:botcar:CatesbyHS232.029
urn:cite:botcar:sloane.135	urn:cite:botcar:CatesbyHS232.059
urn:cite:botcar:sloane.136	urn:cite:botcar:CatesbyHS212.056
urn:cite:botcar:sloane.137	urn:cite:botcar:CatesbyHS212.070
urn:cite:botcar:sloane.138	urn:cite:botcar:CatesbyHS212.039
urn:cite:botcar:sloane.139	urn:cite:botcar:CatesbyHS232.059
urn:cite:botcar:sloane.14	urn:cite:botcar:CatesbyHS212.001
urn:cite:botcar:sloane.140	urn:cite:botcar:CatesbyHS232.064
urn:cite:botcar:sloane.141	urn:cite:botcar:CatesbyHS232.063
urn:cite:botcar:sloane.142	urn:cite:botcar:CatesbyHS212.075
urn:cite:botcar:sloane.143	urn:cite:botcar:CatesbyHS212.072
urn:cite:botcar:sloane.144	urn:cite:botcar:CatesbyHS212.037
urn:cite:botcar:sloane.145	urn:cite:botcar:CatesbyHS212.053
urn:cite:botcar:sloane.146	urn:cite:botcar:CatesbyHS212.075
urn:cite:botcar:sloane.147	urn:cite:botcar:CatesbyHS212.036
urn:cite:botcar:sloane.148	urn:cite:botcar:CatesbyHS212.073
urn:cite:botcar:sloane.149	urn:cite:botcar:CatesbyHS232.028
urn:cite:botcar:sloane.15	urn:cite:botcar:CatesbyHS212.055
urn:cite:botcar:sloane.150	urn:cite:botcar:CatesbyHS232.041
urn:cite:botcar:sloane.151	urn:cite:botcar:CatesbyHS232.067
urn:cite:botcar:sloane.152	urn:cite:botcar:CatesbyHS232.115
urn:cite:botcar:sloane.153	urn:cite:botcar:CatesbyHS232.118
urn:cite:botcar:sloane.154	urn:cite:botcar:CatesbyHS232.066
urn:cite:botcar:sloane.155	urn:cite:botcar:CatesbyHS212.090
urn:cite:botcar:sloane.156	urn:cite:botcar:CatesbyHS212.084
urn:cite:botcar:sloane.157	urn:cite:botcar:CatesbyHS212.020
urn:cite:botcar:sloane.158	urn:cite:botcar:CatesbyHS212.084
urn:cite:botcar:sloane.159	urn:cite:botcar:CatesbyHS212.057
urn:cite:botcar:sloane.16	urn:cite:botcar:CatesbyHS212.095
urn:cite:botcar:sloane.160	urn:cite:botcar:CatesbyHS212.018
urn:cite:botcar:sloane.161	urn:cite:botcar:CatesbyHS232.136
urn:cite:botcar:sloane.162	urn:cite:botcar:CatesbyHS212.074
urn:cite:botcar:sloane.163	urn:cite:botcar:CatesbyHS212.023
urn:cite:botcar:sloane.164	urn:cite:botcar:CatesbyHS232.104
urn:cite:botcar:sloane.165	urn:cite:botcar:CatesbyHS212.076
urn:cite:botcar:sloane.166	urn:cite:botcar:CatesbyHS232.101
urn:cite:botcar:sloane.167	urn:cite:botcar:CatesbyHS232.114
urn:cite:botcar:sloane.168	urn:cite:botcar:CatesbyHS232.139
urn:cite:botcar:sloane.169	urn:cite:botcar:CatesbyHS232.052
urn:cite:botcar:sloane.17	urn:cite:botcar:CatesbyHS212.055
urn:cite:botcar:sloane.170	urn:cite:botcar:CatesbyHS232.054
urn:cite:botcar:sloane.171	urn:cite:botcar:CatesbyHS212.047
urn:cite:botcar:sloane.172	urn:cite:botcar:CatesbyHS232.052
urn:cite:botcar:sloane.173	urn:cite:botcar:CatesbyHS232.049
urn:cite:botcar:sloane.174	urn:cite:botcar:CatesbyHS212.066
urn:cite:botcar:sloane.175	urn:cite:botcar:CatesbyHS212.081
urn:cite:botcar:sloane.176	urn:cite:botcar:CatesbyHS212.053
urn:cite:botcar:sloane.177	urn:cite:botcar:CatesbyHS212.050
urn:cite:botcar:sloane.178	urn:cite:botcar:CatesbyHS212.075
urn:cite:botcar:sloane.179	urn:cite:botcar:CatesbyHS232.042
urn:cite:botcar:sloane.18	urn:cite:botcar:CatesbyHS212.028
urn:cite:botcar:sloane.180	urn:cite:botcar:CatesbyHS232.097
urn:cite:botcar:sloane.181	urn:cite:botcar:CatesbyHS232.040
urn:cite:botcar:sloane.182	urn:cite:botcar:CatesbyHS232.048
urn:cite:botcar:sloane.183	urn:cite:botcar:CatesbyHS232.113
urn:cite:botcar:sloane.184	urn:cite:botcar:CatesbyHS212.051
urn:cite:botcar:sloane.185	urn:cite:botcar:CatesbyHS212.009
urn:cite:botcar:sloane.186	urn:cite:botcar:CatesbyHS212.009
urn:cite:botcar:sloane.187	urn:cite:botcar:CatesbyHS212.073
urn:cite:botcar:sloane.188	urn:cite:botcar:CatesbyHS212.064
urn:cite:botcar:sloane.189	urn:cite:botcar:CatesbyHS212.065
urn:cite:botcar:sloane.19	urn:cite:botcar:CatesbyHS232.034
urn:cite:botcar:sloane.190	urn:cite:botcar:CatesbyHS212.074
urn:cite:botcar:sloane.191	urn:cite:botcar:CatesbyHS212.022
urn:cite:botcar:sloane.192	urn:cite:botcar:CatesbyHS212.006
urn:cite:botcar:sloane.193	urn:cite:botcar:CatesbyHS232.121
urn:cite:botcar:sloane.194	urn:cite:botcar:CatesbyHS212.065
urn:cite:botcar:sloane.195	urn:cite:botcar:CatesbyHS212.062
urn:cite:botcar:sloane.196	urn:cite:botcar:CatesbyHS232.061
urn:cite:botcar:sloane.197	urn:cite:botcar:CatesbyHS232.076
urn:cite:botcar:sloane.198	urn:cite:botcar:CatesbyHS232.060
urn:cite:botcar:sloane.199	urn:cite:botcar:CatesbyHS232.134
urn:cite:botcar:sloane.2	urn:cite:botcar:CatesbyHS232.047
urn:cite:botcar:sloane.20	urn:cite:botcar:CatesbyHS212.034
urn:cite:botcar:sloane.200	urn:cite:botcar:CatesbyHS212.049
urn:cite:botcar:sloane.201	urn:cite:botcar:CatesbyHS212.038
urn:cite:botcar:sloane.202	urn:cite:botcar:CatesbyHS232.072
urn:cite:botcar:sloane.203	urn:cite:botcar:CatesbyHS232.071
urn:cite:botcar:sloane.204	urn:cite:botcar:CatesbyHS232.073
urn:cite:botcar:sloane.205	urn:cite:botcar:CatesbyHS212.044
urn:cite:botcar:sloane.206	urn:cite:botcar:CatesbyHS232.044
urn:cite:botcar:sloane.207	urn:cite:botcar:CatesbyHS212.029
urn:cite:botcar:sloane.208	urn:cite:botcar:CatesbyHS212.047
urn:cite:botcar:sloane.209	urn:cite:botcar:CatesbyHS212.048
urn:cite:botcar:sloane.21	urn:cite:botcar:CatesbyHS232.036
urn:cite:botcar:sloane.210	urn:cite:botcar:CatesbyHS232.040
urn:cite:botcar:sloane.211	urn:cite:botcar:CatesbyHS212.007
urn:cite:botcar:sloane.212	urn:cite:botcar:CatesbyHS232.117
urn:cite:botcar:sloane.213	urn:cite:botcar:CatesbyHS212.094
urn:cite:botcar:sloane.214	urn:cite:botcar:CatesbyHS232.061
urn:cite:botcar:sloane.215	urn:cite:botcar:CatesbyHS212.092
urn:cite:botcar:sloane.216	urn:cite:botcar:CatesbyHS212.092
urn:cite:botcar:sloane.217	urn:cite:botcar:CatesbyHS212.096
urn:cite:botcar:sloane.218	urn:cite:botcar:CatesbyHS232.056
urn:cite:botcar:sloane.219	urn:cite:botcar:CatesbyHS212.088
urn:cite:botcar:sloane.22	urn:cite:botcar:CatesbyHS212.041
urn:cite:botcar:sloane.220	urn:cite:botcar:CatesbyHS212.094
urn:cite:botcar:sloane.221	urn:cite:botcar:CatesbyHS212.063
urn:cite:botcar:sloane.222	urn:cite:botcar:CatesbyHS232.086
urn:cite:botcar:sloane.223	urn:cite:botcar:CatesbyHS212.039
urn:cite:botcar:sloane.224	urn:cite:botcar:CatesbyHS212.026
urn:cite:botcar:sloane.225	urn:cite:botcar:CatesbyHS232.083
urn:cite:botcar:sloane.226	urn:cite:botcar:CatesbyHS232.087
urn:cite:botcar:sloane.227	urn:cite:botcar:CatesbyHS212.002
urn:cite:botcar:sloane.228	urn:cite:botcar:CatesbyHS212.032
urn:cite:botcar:sloane.229	urn:cite:botcar:CatesbyHS232.079
urn:cite:botcar:sloane.23	urn:cite:botcar:CatesbyHS212.033
urn:cite:botcar:sloane.230	urn:cite:botcar:CatesbyHS232.078
urn:cite:botcar:sloane.231	urn:cite:botcar:CatesbyHS232.089
urn:cite:botcar:sloane.232	urn:cite:botcar:CatesbyHS212.060
urn:cite:botcar:sloane.233	urn:cite:botcar:CatesbyHS232.091
urn:cite:botcar:sloane.234	urn:cite:botcar:CatesbyHS232.085
urn:cite:botcar:sloane.235	urn:cite:botcar:CatesbyHS212.062
urn:cite:botcar:sloane.236	urn:cite:botcar:CatesbyHS232.077
urn:cite:botcar:sloane.237	urn:cite:botcar:CatesbyHS212.095
urn:cite:botcar:sloane.238	urn:cite:botcar:CatesbyHS212.004
urn:cite:botcar:sloane.239	urn:cite:botcar:CatesbyHS232.093
urn:cite:botcar:sloane.24	urn:cite:botcar:CatesbyHS212.041
urn:cite:botcar:sloane.240	urn:cite:botcar:CatesbyHS212.044
urn:cite:botcar:sloane.241	urn:cite:botcar:CatesbyHS212.044
urn:cite:botcar:sloane.242	urn:cite:botcar:CatesbyHS232.065
urn:cite:botcar:sloane.243	urn:cite:botcar:CatesbyHS212.079
urn:cite:botcar:sloane.244	urn:cite:botcar:CatesbyHS212.081
urn:cite:botcar:sloane.245	urn:cite:botcar:CatesbyHS232.058
urn:cite:botcar:sloane.246	urn:cite:botcar:CatesbyHS212.036
urn:cite:botcar:sloane.247	urn:cite:botcar:CatesbyHS212.045
urn:cite:botcar:sloane.248	urn:cite:botcar:CatesbyHS212.083
urn:cite:botcar:sloane.249	urn:cite:botcar:CatesbyHS232.137
urn:cite:botcar:sloane.25	urn:cite:botcar:CatesbyHS212.033
urn:cite:botcar:sloane.250	urn:cite:botcar:CatesbyHS212.048
urn:cite:botcar:sloane.251	urn:cite:botcar:CatesbyHS212.046
urn:cite:botcar:sloane.252	urn:cite:botcar:CatesbyHS212.047
urn:cite:botcar:sloane.253	urn:cite:botcar:CatesbyHS212.045
urn:cite:botcar:sloane.254	urn:cite:botcar:CatesbyHS232.061
urn:cite:botcar:sloane.255	urn:cite:botcar:CatesbyHS232.127
urn:cite:botcar:sloane.256	urn:cite:botcar:CatesbyHS212.037
urn:cite:botcar:sloane.257	urn:cite:botcar:CatesbyHS212.049
urn:cite:botcar:sloane.258	urn:cite:botcar:CatesbyHS212.043
urn:cite:botcar:sloane.259	urn:cite:botcar:CatesbyHS212.050
urn:cite:botcar:sloane.26	urn:cite:botcar:CatesbyHS232.121
urn:cite:botcar:sloane.260	urn:cite:botcar:CatesbyHS212.011
urn:cite:botcar:sloane.261	urn:cite:botcar:CatesbyHS212.012
urn:cite:botcar:sloane.262	urn:cite:botcar:CatesbyHS212.013
urn:cite:botcar:sloane.263	urn:cite:botcar:CatesbyHS212.033
urn:cite:botcar:sloane.264	urn:cite:botcar:CatesbyHS212.089
urn:cite:botcar:sloane.265	urn:cite:botcar:CatesbyHS212.035
urn:cite:botcar:sloane.266	urn:cite:botcar:CatesbyHS212.030
urn:cite:botcar:sloane.267	urn:cite:botcar:CatesbyHS212.060
urn:cite:botcar:sloane.268	urn:cite:botcar:CatesbyHS232.088
urn:cite:botcar:sloane.269	urn:cite:botcar:CatesbyHS232.099
urn:cite:botcar:sloane.27	urn:cite:botcar:CatesbyHS232.061
urn:cite:botcar:sloane.270	urn:cite:botcar:CatesbyHS212.029
urn:cite:botcar:sloane.271	urn:cite:botcar:CatesbyHS212.064
urn:cite:botcar:sloane.272	urn:cite:botcar:CatesbyHS232.127
urn:cite:botcar:sloane.273	urn:cite:botcar:CatesbyHS232.122
urn:cite:botcar:sloane.274	urn:cite:botcar:CatesbyHS232.061
urn:cite:botcar:sloane.275	urn:cite:botcar:CatesbyHS232.044
urn:cite:botcar:sloane.276	urn:cite:botcar:CatesbyHS212.056
urn:cite:botcar:sloane.277	urn:cite:botcar:CatesbyHS212.090
urn:cite:botcar:sloane.278	urn:cite:botcar:CatesbyHS212.015
urn:cite:botcar:sloane.279	urn:cite:botcar:CatesbyHS212.086
urn:cite:botcar:sloane.28	urn:cite:botcar:CatesbyHS232.119
urn:cite:botcar:sloane.280	urn:cite:botcar:CatesbyHS232.106
urn:cite:botcar:sloane.281	urn:cite:botcar:CatesbyHS212.034
urn:cite:botcar:sloane.282	urn:cite:botcar:CatesbyHS212.042
urn:cite:botcar:sloane.283	urn:cite:botcar:CatesbyHS212.036
urn:cite:botcar:sloane.284	urn:cite:botcar:CatesbyHS212.027
urn:cite:botcar:sloane.285	urn:cite:botcar:CatesbyHS232.061
urn:cite:botcar:sloane.286	urn:cite:botcar:CatesbyHS212.030
urn:cite:botcar:sloane.287	urn:cite:botcar:CatesbyHS212.030
urn:cite:botcar:sloane.288	urn:cite:botcar:CatesbyHS212.037
urn:cite:botcar:sloane.289	urn:cite:botcar:CatesbyHS232.105
urn:cite:botcar:sloane.29	urn:cite:botcar:CatesbyHS232.122
urn:cite:botcar:sloane.290	urn:cite:botcar:CatesbyHS212.083
urn:cite:botcar:sloane.291	urn:cite:botcar:CatesbyHS232.064
urn:cite:botcar:sloane.292	urn:cite:botcar:CatesbyHS212.002
urn:cite:botcar:sloane.293	urn:cite:botcar:CatesbyHS212.064
urn:cite:botcar:sloane.294	urn:cite:botcar:CatesbyHS212.031
urn:cite:botcar:sloane.295	urn:cite:botcar:CatesbyHS212.055
urn:cite:botcar:sloane.296	urn:cite:botcar:CatesbyHS232.050
urn:cite:botcar:sloane.297	urn:cite:botcar:CatesbyHS212.032
urn:cite:botcar:sloane.298	urn:cite:botcar:CatesbyHS212.040
urn:cite:botcar:sloane.299	urn:cite:botcar:CatesbyHS232.046
urn:cite:botcar:sloane.3	urn:cite:botcar:CatesbyHS212.064
urn:cite:botcar:sloane.30	urn:cite:botcar:CatesbyHS212.052
urn:cite:botcar:sloane.300	urn:cite:botcar:CatesbyHS232.131
urn:cite:botcar:sloane.301	urn:cite:botcar:CatesbyHS212.052
urn:cite:botcar:sloane.302	urn:cite:botcar:CatesbyHS212.011
urn:cite:botcar:sloane.303	urn:cite:botcar:CatesbyHS232.061
urn:cite:botcar:sloane.304	urn:cite:botcar:CatesbyHS232.119
urn:cite:botcar:sloane.305	urn:cite:botcar:CatesbyHS212.065
urn:cite:botcar:sloane.306	urn:cite:botcar:CatesbyHS212.063
urn:cite:botcar:sloane.307	urn:cite:botcar:CatesbyHS232.028
urn:cite:botcar:sloane.308	urn:cite:botcar:CatesbyHS232.092
urn:cite:botcar:sloane.309	urn:cite:botcar:CatesbyHS212.066
urn:cite:botcar:sloane.31	urn:cite:botcar:CatesbyHS232.131
urn:cite:botcar:sloane.310	urn:cite:botcar:CatesbyHS212.008
urn:cite:botcar:sloane.311	urn:cite:botcar:CatesbyHS232.119
urn:cite:botcar:sloane.312	urn:cite:botcar:CatesbyHS232.139
urn:cite:botcar:sloane.313	urn:cite:botcar:CatesbyHS212.58a
urn:cite:botcar:sloane.314	urn:cite:botcar:CatesbyHS212.007
urn:cite:botcar:sloane.315	urn:cite:botcar:CatesbyHS212.009
urn:cite:botcar:sloane.316	urn:cite:botcar:CatesbyHS212.004
urn:cite:botcar:sloane.317	urn:cite:botcar:CatesbyHS212.010
urn:cite:botcar:sloane.318	urn:cite:botcar:CatesbyHS212.026
urn:cite:botcar:sloane.319	urn:cite:botcar:CatesbyHS212.054
urn:cite:botcar:sloane.32	urn:cite:botcar:CatesbyHS232.122
urn:cite:botcar:sloane.320	urn:cite:botcar:CatesbyHS212.056
urn:cite:botcar:sloane.321	urn:cite:botcar:CatesbyHS212.057
urn:cite:botcar:sloane.322	urn:cite:botcar:CatesbyHS212.059
urn:cite:botcar:sloane.323	urn:cite:botcar:CatesbyHS232.079
urn:cite:botcar:sloane.324	urn:cite:botcar:CatesbyHS232.083
urn:cite:botcar:sloane.325	urn:cite:botcar:CatesbyHS232.111
urn:cite:botcar:sloane.326	urn:cite:botcar:CatesbyHS232.115
urn:cite:botcar:sloane.327	urn:cite:botcar:CatesbyHS212.007
urn:cite:botcar:sloane.328	urn:cite:botcar:CatesbyHS232.107
urn:cite:botcar:sloane.329	urn:cite:botcar:CatesbyHS212.041
urn:cite:botcar:sloane.33	urn:cite:botcar:CatesbyHS212.065
urn:cite:botcar:sloane.330	urn:cite:botcar:CatesbyHS212.083
urn:cite:botcar:sloane.331	urn:cite:botcar:CatesbyHS212.030
urn:cite:botcar:sloane.332	urn:cite:botcar:CatesbyHS212.041
urn:cite:botcar:sloane.333	urn:cite:botcar:CatesbyHS212.072
urn:cite:botcar:sloane.334	urn:cite:botcar:CatesbyHS212.043
urn:cite:botcar:sloane.335	urn:cite:botcar:CatesbyHS232.108
urn:cite:botcar:sloane.336	urn:cite:botcar:CatesbyHS232.103
urn:cite:botcar:sloane.337	urn:cite:botcar:CatesbyHS232.116
urn:cite:botcar:sloane.338	urn:cite:botcar:CatesbyHS232.049
urn:cite:botcar:sloane.339	urn:cite:botcar:CatesbyHS212.58b
urn:cite:botcar:sloane.34	urn:cite:botcar:CatesbyHS212.022
urn:cite:botcar:sloane.340	urn:cite:botcar:CatesbyHS212.082
urn:cite:botcar:sloane.341	urn:cite:botcar:CatesbyHS232.135
urn:cite:botcar:sloane.342	urn:cite:botcar:CatesbyHS212.077
urn:cite:botcar:sloane.343	urn:cite:botcar:CatesbyHS212.034
urn:cite:botcar:sloane.344	urn:cite:botcar:CatesbyHS212.051
urn:cite:botcar:sloane.345	urn:cite:botcar:CatesbyHS232.032
urn:cite:botcar:sloane.346	urn:cite:botcar:CatesbyHS232.029
urn:cite:botcar:sloane.347	urn:cite:botcar:CatesbyHS232.074
urn:cite:botcar:sloane.348	urn:cite:botcar:CatesbyHS212.063
urn:cite:botcar:sloane.349	urn:cite:botcar:CatesbyHS232.068
urn:cite:botcar:sloane.35	urn:cite:botcar:CatesbyHS212.006
urn:cite:botcar:sloane.350	urn:cite:botcar:CatesbyHS232.133
urn:cite:botcar:sloane.351	urn:cite:botcar:CatesbyHS212.053
urn:cite:botcar:sloane.352	urn:cite:botcar:CatesbyHS212.050
urn:cite:botcar:sloane.353	urn:cite:botcar:CatesbyHS232.030
urn:cite:botcar:sloane.354	urn:cite:botcar:CatesbyHS232.125
urn:cite:botcar:sloane.355	urn:cite:botcar:CatesbyHS212.087
urn:cite:botcar:sloane.356	urn:cite:botcar:CatesbyHS212.020
urn:cite:botcar:sloane.357	urn:cite:botcar:CatesbyHS232.061
urn:cite:botcar:sloane.358	urn:cite:botcar:CatesbyHS212.58a
urn:cite:botcar:sloane.359	urn:cite:botcar:CatesbyHS212.019
urn:cite:botcar:sloane.36	urn:cite:botcar:CatesbyHS232.030
urn:cite:botcar:sloane.360	urn:cite:botcar:CatesbyHS232.121
urn:cite:botcar:sloane.361	urn:cite:botcar:CatesbyHS232.139
urn:cite:botcar:sloane.362	urn:cite:botcar:CatesbyHS212.092
urn:cite:botcar:sloane.363	urn:cite:botcar:CatesbyHS212.58b
urn:cite:botcar:sloane.364	urn:cite:botcar:CatesbyHS212.091
urn:cite:botcar:sloane.365	urn:cite:botcar:CatesbyHS232.061
urn:cite:botcar:sloane.366	urn:cite:botcar:CatesbyHS212.093
urn:cite:botcar:sloane.367	urn:cite:botcar:CatesbyHS232.030
urn:cite:botcar:sloane.368	urn:cite:botcar:CatesbyHS212.094
urn:cite:botcar:sloane.369	urn:cite:botcar:CatesbyHS232.031
urn:cite:botcar:sloane.37	urn:cite:botcar:CatesbyHS232.129
urn:cite:botcar:sloane.370	urn:cite:botcar:CatesbyHS212.094
urn:cite:botcar:sloane.371	urn:cite:botcar:CatesbyHS232.068
urn:cite:botcar:sloane.372	urn:cite:botcar:CatesbyHS212.014
urn:cite:botcar:sloane.373	urn:cite:botcar:CatesbyHS232.105
urn:cite:botcar:sloane.374	urn:cite:botcar:CatesbyHS212.041
urn:cite:botcar:sloane.375	urn:cite:botcar:CatesbyHS232.037
urn:cite:botcar:sloane.376	urn:cite:botcar:CatesbyHS232.080
urn:cite:botcar:sloane.377	urn:cite:botcar:CatesbyHS232.077
urn:cite:botcar:sloane.378	urn:cite:botcar:CatesbyHS232.061
urn:cite:botcar:sloane.379	urn:cite:botcar:CatesbyHS212.096
urn:cite:botcar:sloane.38	urn:cite:botcar:CatesbyHS232.028
urn:cite:botcar:sloane.380	urn:cite:botcar:CatesbyHS232.061
urn:cite:botcar:sloane.381	urn:cite:botcar:CatesbyHS212.083
urn:cite:botcar:sloane.382	urn:cite:botcar:CatesbyHS212.085
urn:cite:botcar:sloane.383	urn:cite:botcar:CatesbyHS212.078
urn:cite:botcar:sloane.384	urn:cite:botcar:CatesbyHS232.057
urn:cite:botcar:sloane.385	urn:cite:botcar:CatesbyHS212.096
urn:cite:botcar:sloane.386	urn:cite:botcar:CatesbyHS232.061
urn:cite:botcar:sloane.387	urn:cite:botcar:CatesbyHS212.008
urn:cite:botcar:sloane.388	urn:cite:botcar:CatesbyHS212.007
urn:cite:botcar:sloane.389	urn:cite:botcar:CatesbyHS212.080
urn:cite:botcar:sloane.39	urn:cite:botcar:CatesbyHS212.054
urn:cite:botcar:sloane.390	urn:cite:botcar:CatesbyHS212.006
urn:cite:botcar:sloane.391	urn:cite:botcar:CatesbyHS212.005
urn:cite:botcar:sloane.392	urn:cite:botcar:CatesbyHS212.019
urn:cite:botcar:sloane.393	urn:cite:botcar:CatesbyHS212.010
urn:cite:botcar:sloane.394	urn:cite:botcar:CatesbyHS212.051
urn:cite:botcar:sloane.395	urn:cite:botcar:CatesbyHS212.018
urn:cite:botcar:sloane.396	urn:cite:botcar:CatesbyHS232.082
urn:cite:botcar:sloane.397	urn:cite:botcar:CatesbyHS232.134
urn:cite:botcar:sloane.398	urn:cite:botcar:CatesbyHS232.102
urn:cite:botcar:sloane.399	urn:cite:botcar:CatesbyHS212.089
urn:cite:botcar:sloane.4	urn:cite:botcar:CatesbyHS212.078
urn:cite:botcar:sloane.40	urn:cite:botcar:CatesbyHS212.029
urn:cite:botcar:sloane.400	urn:cite:botcar:CatesbyHS212.085
urn:cite:botcar:sloane.401	urn:cite:botcar:CatesbyHS212.088
urn:cite:botcar:sloane.402	urn:cite:botcar:CatesbyHS212.015
urn:cite:botcar:sloane.403	urn:cite:botcar:CatesbyHS212.086
urn:cite:botcar:sloane.404	urn:cite:botcar:CatesbyHS232.040
urn:cite:botcar:sloane.405	urn:cite:botcar:CatesbyHS232.112
urn:cite:botcar:sloane.406	urn:cite:botcar:CatesbyHS212.019
urn:cite:botcar:sloane.407	urn:cite:botcar:CatesbyHS212.023
urn:cite:botcar:sloane.408	urn:cite:botcar:CatesbyHS212.031
urn:cite:botcar:sloane.409	urn:cite:botcar:CatesbyHS212.035
urn:cite:botcar:sloane.41	urn:cite:botcar:CatesbyHS212.025
urn:cite:botcar:sloane.410	urn:cite:botcar:CatesbyHS212.041
urn:cite:botcar:sloane.411	urn:cite:botcar:CatesbyHS232.103
urn:cite:botcar:sloane.412	urn:cite:botcar:CatesbyHS212.005
urn:cite:botcar:sloane.413	urn:cite:botcar:CatesbyHS232.070
urn:cite:botcar:sloane.414	urn:cite:botcar:CatesbyHS212.032
urn:cite:botcar:sloane.415	urn:cite:botcar:CatesbyHS232.053
urn:cite:botcar:sloane.416	urn:cite:botcar:CatesbyHS212.096
urn:cite:botcar:sloane.417	urn:cite:botcar:CatesbyHS212.015
urn:cite:botcar:sloane.418	urn:cite:botcar:CatesbyHS212.042
urn:cite:botcar:sloane.419	urn:cite:botcar:CatesbyHS232.035
urn:cite:botcar:sloane.42	urn:cite:botcar:CatesbyHS212.063
urn:cite:botcar:sloane.420	urn:cite:botcar:CatesbyHS232.096
urn:cite:botcar:sloane.421	urn:cite:botcar:CatesbyHS212.068
urn:cite:botcar:sloane.422	urn:cite:botcar:CatesbyHS212.012
urn:cite:botcar:sloane.423	urn:cite:botcar:CatesbyHS212.040
urn:cite:botcar:sloane.424	urn:cite:botcar:CatesbyHS212.58b
urn:cite:botcar:sloane.425	urn:cite:botcar:CatesbyHS232.130
urn:cite:botcar:sloane.426	urn:cite:botcar:CatesbyHS212.060
urn:cite:botcar:sloane.427	urn:cite:botcar:CatesbyHS232.041
urn:cite:botcar:sloane.428	urn:cite:botcar:CatesbyHS212.074
urn:cite:botcar:sloane.429	urn:cite:botcar:CatesbyHS212.062
urn:cite:botcar:sloane.43	urn:cite:botcar:CatesbyHS212.022
urn:cite:botcar:sloane.430	urn:cite:botcar:CatesbyHS212.059
urn:cite:botcar:sloane.431	urn:cite:botcar:CatesbyHS212.061
urn:cite:botcar:sloane.432	urn:cite:botcar:CatesbyHS212.059
urn:cite:botcar:sloane.44	urn:cite:botcar:CatesbyHS232.111
urn:cite:botcar:sloane.45	urn:cite:botcar:CatesbyHS212.040
urn:cite:botcar:sloane.46	urn:cite:botcar:CatesbyHS212.056
urn:cite:botcar:sloane.47	urn:cite:botcar:CatesbyHS212.016
urn:cite:botcar:sloane.48	urn:cite:botcar:CatesbyHS232.068
urn:cite:botcar:sloane.49	urn:cite:botcar:CatesbyHS232.069
urn:cite:botcar:sloane.5	urn:cite:botcar:CatesbyHS212.010
urn:cite:botcar:sloane.50	urn:cite:botcar:CatesbyHS232.109
urn:cite:botcar:sloane.51	urn:cite:botcar:CatesbyHS212.044
urn:cite:botcar:sloane.52	urn:cite:botcar:CatesbyHS212.076
urn:cite:botcar:sloane.53	urn:cite:botcar:CatesbyHS232.124
urn:cite:botcar:sloane.54	urn:cite:botcar:CatesbyHS232.061
urn:cite:botcar:sloane.55	urn:cite:botcar:CatesbyHS232.098
urn:cite:botcar:sloane.56	urn:cite:botcar:CatesbyHS232.123
urn:cite:botcar:sloane.57	urn:cite:botcar:CatesbyHS232.137
urn:cite:botcar:sloane.58	urn:cite:botcar:CatesbyHS232.042
urn:cite:botcar:sloane.59	urn:cite:botcar:CatesbyHS232.062
urn:cite:botcar:sloane.6	urn:cite:botcar:CatesbyHS232.030
urn:cite:botcar:sloane.60	urn:cite:botcar:CatesbyHS212.085
urn:cite:botcar:sloane.61	urn:cite:botcar:CatesbyHS232.061
urn:cite:botcar:sloane.62	urn:cite:botcar:CatesbyHS212.013
urn:cite:botcar:sloane.63	urn:cite:botcar:CatesbyHS212.016
urn:cite:botcar:sloane.64	urn:cite:botcar:CatesbyHS232.042
urn:cite:botcar:sloane.65	urn:cite:botcar:CatesbyHS232.055
urn:cite:botcar:sloane.66	urn:cite:botcar:CatesbyHS212.017
urn:cite:botcar:sloane.67	urn:cite:botcar:CatesbyHS232.043
urn:cite:botcar:sloane.68	urn:cite:botcar:CatesbyHS212.077
urn:cite:botcar:sloane.69	urn:cite:botcar:CatesbyHS212.015
urn:cite:botcar:sloane.7	urn:cite:botcar:CatesbyHS212.059
urn:cite:botcar:sloane.70	urn:cite:botcar:CatesbyHS232.114
urn:cite:botcar:sloane.71	urn:cite:botcar:CatesbyHS232.048
urn:cite:botcar:sloane.72	urn:cite:botcar:CatesbyHS212.020
urn:cite:botcar:sloane.73	urn:cite:botcar:CatesbyHS212.021
urn:cite:botcar:sloane.74	urn:cite:botcar:CatesbyHS212.021
urn:cite:botcar:sloane.75	urn:cite:botcar:CatesbyHS212.021
urn:cite:botcar:sloane.76	urn:cite:botcar:CatesbyHS212.023
urn:cite:botcar:sloane.77	urn:cite:botcar:CatesbyHS212.055
urn:cite:botcar:sloane.78	urn:cite:botcar:CatesbyHS232.103
urn:cite:botcar:sloane.79	urn:cite:botcar:CatesbyHS212.071
urn:cite:botcar:sloane.8	urn:cite:botcar:CatesbyHS232.014
urn:cite:botcar:sloane.80	urn:cite:botcar:CatesbyHS232.051
urn:cite:botcar:sloane.81	urn:cite:botcar:CatesbyHS212.017
urn:cite:botcar:sloane.82	urn:cite:botcar:CatesbyHS212.031
urn:cite:botcar:sloane.83	urn:cite:botcar:CatesbyHS212.035
urn:cite:botcar:sloane.84	urn:cite:botcar:CatesbyHS232.055
urn:cite:botcar:sloane.85	urn:cite:botcar:CatesbyHS212.027
urn:cite:botcar:sloane.86	urn:cite:botcar:CatesbyHS212.057
urn:cite:botcar:sloane.87	urn:cite:botcar:CatesbyHS212.018
urn:cite:botcar:sloane.88	urn:cite:botcar:CatesbyHS232.138
urn:cite:botcar:sloane.89	urn:cite:botcar:CatesbyHS212.047
urn:cite:botcar:sloane.9	urn:cite:botcar:CatesbyHS212.093
urn:cite:botcar:sloane.90	urn:cite:botcar:CatesbyHS232.117
urn:cite:botcar:sloane.91	urn:cite:botcar:CatesbyHS212.045
urn:cite:botcar:sloane.92	urn:cite:botcar:CatesbyHS212.043
urn:cite:botcar:sloane.93	urn:cite:botcar:CatesbyHS232.048
urn:cite:botcar:sloane.94	urn:cite:botcar:CatesbyHS232.110
urn:cite:botcar:sloane.95	urn:cite:botcar:CatesbyHS232.050
urn:cite:botcar:sloane.96	urn:cite:botcar:CatesbyHS212.019
urn:cite:botcar:sloane.97	urn:cite:botcar:CatesbyHS232.110
urn:cite:botcar:sloane.98	urn:cite:botcar:CatesbyHS212.018
urn:cite:botcar:sloane.99	urn:cite:botcar:CatesbyHS212.082
