specimenURN	imageURN
specimenURN	ROI
urn:cite:botcar:sloane.133	urn:cite:fufolioimg:BotCarCatesbyHS.Catesby_HS232_100_0555
urn:cite:botcar:sloane.360	urn:cite:fufolioimg:BotCarCatesbyHS.Catesby_HS232_121_0535
urn:cite:botcar:sloane.360	urn:cite:fufolioimg:BotCarCatesbyHS.Catesby_HS232_121_0535@0.555,0.168,0.26,0.667
urn:cite:botcar:sloane.149	urn:cite:fufolioimg:BotCarCatesbyHS.Catesby_HS232_028_0631
urn:cite:botcar:sloane.149	urn:cite:fufolioimg:BotCarCatesbyHS.Catesby_HS232_028_0631@0.676,0.53,0.208,0.183
urn:cite:botcar:sloane.245	urn:cite:fufolioimg:BotCarCatesbyHS.Catesby_HS232_058_0600
urn:cite:botcar:sloane.274	urn:cite:fufolioimg:BotCarCatesbyHS.Catesby_HS232_061_0596
urn:cite:botcar:sloane.293	urn:cite:fufolioimg:BotCarCatesbyHS.Catesby_HS212_064_0442
urn:cite:botcar:sloane.3	urn:cite:fufolioimg:BotCarCatesbyHS.Catesby_HS212_064_0442
urn:cite:botcar:sloane.37	urn:cite:fufolioimg:BotCarCatesbyHS.Catesby_HS232_129_0528
urn:cite:botcar:sloane.19	urn:cite:fufolioimg:BotCarCatesbyHS.Catesby_HS232_034_0634
urn:cite:botcar:sloane.243	urn:cite:fufolioimg:BotCarCatesbyHS.Catesby_HS212_079_0432
urn:cite:botcar:sloane.246	urn:cite:fufolioimg:BotCarCatesbyHS.Catesby_HS212_036_0475
urn:cite:botcar:sloane.246	urn:cite:fufolioimg:BotCarCatesbyHS.Catesby_HS212_036_0475@0.759,0.11,0.208,0.805
urn:cite:botcar:sloane.386	urn:cite:fufolioimg:BotCarCatesbyHS.Catesby_HS232_061_0596
urn:cite:botcar:sloane.386	urn:cite:fufolioimg:BotCarCatesbyHS.Catesby_HS232_061_0596@0.719,0.144,0.161,0.156
urn:cite:botcar:sloane.96	urn:cite:fufolioimg:BotCarCatesbyHS.Catesby_HS212_019_0491
urn:cite:botcar:sloane.96	urn:cite:fufolioimg:BotCarCatesbyHS.Catesby_HS212_019_0491@0.326,0.0962,0.625,0.669
urn:cite:botcar:sloane.41	urn:cite:fufolioimg:BotCarCatesbyHS.Catesby_HS212_025_0488
urn:cite:botcar:sloane.337	urn:cite:fufolioimg:BotCarCatesbyHS.Catesby_HS232_116_0539
urn:cite:botcar:sloane.284	urn:cite:fufolioimg:BotCarCatesbyHS.Catesby_HS212_027_0483
urn:cite:botcar:sloane.284	urn:cite:fufolioimg:BotCarCatesbyHS.Catesby_HS212_027_0483@0.0923,0.115,0.774,0.683
urn:cite:botcar:sloane.414	urn:cite:fufolioimg:BotCarCatesbyHS.Catesby_HS212_032_0476
urn:cite:botcar:sloane.414	urn:cite:fufolioimg:BotCarCatesbyHS.Catesby_HS212_032_0476@0.173,0.686,0.713,0.273
urn:cite:botcar:sloane.343	urn:cite:fufolioimg:BotCarCatesbyHS.Catesby_HS212_034_0477
urn:cite:botcar:sloane.343	urn:cite:fufolioimg:BotCarCatesbyHS.Catesby_HS212_034_0477@0.411,0.0625,0.54,0.591
urn:cite:botcar:sloane.288	urn:cite:fufolioimg:BotCarCatesbyHS.Catesby_HS212_037_0478
urn:cite:botcar:sloane.288	urn:cite:fufolioimg:BotCarCatesbyHS.Catesby_HS212_037_0478@0.68,0.484,0.262,0.455
urn:cite:botcar:sloane.138	urn:cite:fufolioimg:BotCarCatesbyHS.Catesby_HS212_039_0479
urn:cite:botcar:sloane.138	urn:cite:fufolioimg:BotCarCatesbyHS.Catesby_HS212_039_0479@0.058,0.0317,0.347,0.744
urn:cite:botcar:sloane.24	urn:cite:fufolioimg:BotCarCatesbyHS.Catesby_HS212_041_0456
urn:cite:botcar:sloane.24	urn:cite:fufolioimg:BotCarCatesbyHS.Catesby_HS212_041_0456@0.589,0.0883,0.357,0.798
urn:cite:botcar:sloane.313	urn:cite:fufolioimg:BotCarCatesbyHS.Catesby_HS212_058a_0436
urn:cite:botcar:sloane.313	urn:cite:fufolioimg:BotCarCatesbyHS.Catesby_HS212_058a_0436@0.104,0.0724,0.536,0.842
urn:cite:botcar:sloane.70	urn:cite:fufolioimg:BotCarCatesbyHS.Catesby_HS232_114_0545
urn:cite:botcar:sloane.70	urn:cite:fufolioimg:BotCarCatesbyHS.Catesby_HS232_114_0545@0.6,0.157,0.228,0.574
urn:cite:botcar:sloane.66	urn:cite:fufolioimg:BotCarCatesbyHS.Catesby_HS212_017_0495
urn:cite:botcar:sloane.66	urn:cite:fufolioimg:BotCarCatesbyHS.Catesby_HS212_017_0495@0.0833,0.218,0.493,0.72
urn:cite:botcar:sloane.87	urn:cite:fufolioimg:BotCarCatesbyHS.Catesby_HS212_018_0492
urn:cite:botcar:sloane.87	urn:cite:fufolioimg:BotCarCatesbyHS.Catesby_HS212_018_0492@0.549,0.118,0.409,0.651
urn:cite:botcar:sloane.287	urn:cite:fufolioimg:BotCarCatesbyHS.Catesby_HS212_030_0486
urn:cite:botcar:sloane.287	urn:cite:fufolioimg:BotCarCatesbyHS.Catesby_HS212_030_0486@0.0417,0.286,0.417,0.683
urn:cite:botcar:sloane.286	urn:cite:fufolioimg:BotCarCatesbyHS.Catesby_HS212_030_0486
urn:cite:botcar:sloane.286	urn:cite:fufolioimg:BotCarCatesbyHS.Catesby_HS212_030_0486@0.554,0.278,0.378,0.684
urn:cite:botcar:sloane.331	urn:cite:fufolioimg:BotCarCatesbyHS.Catesby_HS212_030_0486
urn:cite:botcar:sloane.331	urn:cite:fufolioimg:BotCarCatesbyHS.Catesby_HS212_030_0486@0.25,0.0764,0.299,0.537
urn:cite:botcar:sloane.266	urn:cite:fufolioimg:BotCarCatesbyHS.Catesby_HS212_030_0486
urn:cite:botcar:sloane.266	urn:cite:fufolioimg:BotCarCatesbyHS.Catesby_HS212_030_0486@0.47,0.0536,0.283,0.626
urn:cite:botcar:sloane.408	urn:cite:fufolioimg:BotCarCatesbyHS.Catesby_HS212_031_0474
urn:cite:botcar:sloane.408	urn:cite:fufolioimg:BotCarCatesbyHS.Catesby_HS212_031_0474@0.147,0.62,0.811,0.311
urn:cite:botcar:sloane.256	urn:cite:fufolioimg:BotCarCatesbyHS.Catesby_HS212_037_0478
urn:cite:botcar:sloane.256	urn:cite:fufolioimg:BotCarCatesbyHS.Catesby_HS212_037_0478@0.412,0.0883,0.527,0.694
urn:cite:botcar:sloane.159	urn:cite:fufolioimg:BotCarCatesbyHS.Catesby_HS212_057_0437
urn:cite:botcar:sloane.159	urn:cite:fufolioimg:BotCarCatesbyHS.Catesby_HS212_057_0437@0.371,0.105,0.61,0.537
urn:cite:botcar:sloane.324	urn:cite:fufolioimg:BotCarCatesbyHS.Catesby_HS232_083_0572
urn:cite:botcar:sloane.324	urn:cite:fufolioimg:BotCarCatesbyHS.Catesby_HS232_083_0572@0.0208,0.124,0.531,0.787
urn:cite:botcar:sloane.222	urn:cite:fufolioimg:BotCarCatesbyHS.Catesby_HS232_086_0564
urn:cite:botcar:sloane.222	urn:cite:fufolioimg:BotCarCatesbyHS.Catesby_HS232_086_0564@0.0982,0.216,0.362,0.579
urn:cite:botcar:sloane.69	urn:cite:fufolioimg:BotCarCatesbyHS.Catesby_HS212_015_0496
urn:cite:botcar:sloane.69	urn:cite:fufolioimg:BotCarCatesbyHS.Catesby_HS212_015_0496@0.155,0.0565,0.5,0.719
urn:cite:botcar:sloane.33	urn:cite:fufolioimg:BotCarCatesbyHS.Catesby_HS212_065_0441
urn:cite:botcar:sloane.33	urn:cite:fufolioimg:BotCarCatesbyHS.Catesby_HS212_065_0441@0.644,0.131,0.338,0.515
urn:cite:botcar:sloane.305	urn:cite:fufolioimg:BotCarCatesbyHS.Catesby_HS212_065_0441
urn:cite:botcar:sloane.305	urn:cite:fufolioimg:BotCarCatesbyHS.Catesby_HS212_065_0441@0.371,0.106,0.347,0.417
urn:cite:botcar:sloane.32	urn:cite:fufolioimg:BotCarCatesbyHS.Catesby_HS232_122_0536
urn:cite:botcar:sloane.32	urn:cite:fufolioimg:BotCarCatesbyHS.Catesby_HS232_122_0536@0.57,0.137,0.354,0.742
urn:cite:botcar:sloane.363	urn:cite:fufolioimg:BotCarCatesbyHS.Catesby_HS212_058b_0453
urn:cite:botcar:sloane.363	urn:cite:fufolioimg:BotCarCatesbyHS.Catesby_HS212_058b_0453@0.165,0.652,0.496,0.271
urn:cite:botcar:sloane.378	urn:cite:fufolioimg:BotCarCatesbyHS.Catesby_HS232_061_0596
urn:cite:botcar:sloane.378	urn:cite:fufolioimg:BotCarCatesbyHS.Catesby_HS232_061_0596@0.592,0.69,0.24,0.172
urn:cite:botcar:sloane.317	urn:cite:fufolioimg:BotCarCatesbyHS.Catesby_HS212_010_0505
urn:cite:botcar:sloane.317	urn:cite:fufolioimg:BotCarCatesbyHS.Catesby_HS212_010_0505@0.58,0.0685,0.406,0.639
urn:cite:botcar:sloane.5	urn:cite:fufolioimg:BotCarCatesbyHS.Catesby_HS212_010_0505
urn:cite:botcar:sloane.5	urn:cite:fufolioimg:BotCarCatesbyHS.Catesby_HS212_010_0505@0.113,0.0595,0.457,0.66
urn:cite:botcar:sloane.393	urn:cite:fufolioimg:BotCarCatesbyHS.Catesby_HS212_010_0505
urn:cite:botcar:sloane.393	urn:cite:fufolioimg:BotCarCatesbyHS.Catesby_HS212_010_0505@0.385,0.261,0.33,0.671
urn:cite:botcar:sloane.398	urn:cite:fufolioimg:BotCarCatesbyHS.Catesby_HS232_102_0556
urn:cite:botcar:sloane.325	urn:cite:fufolioimg:BotCarCatesbyHS.Catesby_HS232_111_0542
urn:cite:botcar:sloane.325	urn:cite:fufolioimg:BotCarCatesbyHS.Catesby_HS232_111_0542@0.371,0.234,0.402,0.665
urn:cite:botcar:sloane.44	urn:cite:fufolioimg:BotCarCatesbyHS.Catesby_HS232_111_0542
urn:cite:botcar:sloane.44	urn:cite:fufolioimg:BotCarCatesbyHS.Catesby_HS232_111_0542@0.11,0.113,0.329,0.784
urn:cite:botcar:sloane.56	urn:cite:fufolioimg:BotCarCatesbyHS.Catesby_HS232_123_0537
urn:cite:botcar:sloane.56	urn:cite:fufolioimg:BotCarCatesbyHS.Catesby_HS232_123_0537@0.103,0.212,0.254,0.629
urn:cite:botcar:sloane.123	urn:cite:fufolioimg:BotCarCatesbyHS.Catesby_HS232_123_0537
urn:cite:botcar:sloane.123	urn:cite:fufolioimg:BotCarCatesbyHS.Catesby_HS232_123_0537@0.332,0.0883,0.201,0.725
urn:cite:botcar:sloane.128	urn:cite:fufolioimg:BotCarCatesbyHS.Catesby_HS232_123_0537
urn:cite:botcar:sloane.128	urn:cite:fufolioimg:BotCarCatesbyHS.Catesby_HS232_123_0537@0.518,0.185,0.32,0.626
urn:cite:botcar:sloane.272	urn:cite:fufolioimg:BotCarCatesbyHS.Catesby_HS232_127_0530
urn:cite:botcar:sloane.272	urn:cite:fufolioimg:BotCarCatesbyHS.Catesby_HS232_127_0530@0.429,0.137,0.376,0.688
urn:cite:botcar:sloane.425	urn:cite:fufolioimg:BotCarCatesbyHS.Catesby_HS232_130_0526
urn:cite:botcar:sloane.199	urn:cite:fufolioimg:BotCarCatesbyHS.Catesby_HS232_134_0520
urn:cite:botcar:sloane.199	urn:cite:fufolioimg:BotCarCatesbyHS.Catesby_HS232_134_0520@0.432,0.129,0.488,0.692
urn:cite:botcar:sloane.110	urn:cite:fufolioimg:BotCarCatesbyHS.Catesby_HS212_017_0495
urn:cite:botcar:sloane.110	urn:cite:fufolioimg:BotCarCatesbyHS.Catesby_HS212_017_0495@0.122,0.0774,0.423,0.237
urn:cite:botcar:sloane.395	urn:cite:fufolioimg:BotCarCatesbyHS.Catesby_HS212_018_0492
urn:cite:botcar:sloane.395	urn:cite:fufolioimg:BotCarCatesbyHS.Catesby_HS212_018_0492@0.0893,0.0675,0.228,0.699
urn:cite:botcar:sloane.307	urn:cite:fufolioimg:BotCarCatesbyHS.Catesby_HS232_028_0631
urn:cite:botcar:sloane.307	urn:cite:fufolioimg:BotCarCatesbyHS.Catesby_HS232_028_0631@0.204,0.144,0.351,0.661
urn:cite:botcar:sloane.346	urn:cite:fufolioimg:BotCarCatesbyHS.Catesby_HS232_029_0624
urn:cite:botcar:sloane.346	urn:cite:fufolioimg:BotCarCatesbyHS.Catesby_HS232_029_0624@0.546,0.177,0.249,0.592
urn:cite:botcar:sloane.134	urn:cite:fufolioimg:BotCarCatesbyHS.Catesby_HS232_029_0624
urn:cite:botcar:sloane.134	urn:cite:fufolioimg:BotCarCatesbyHS.Catesby_HS232_029_0624@0.217,0.177,0.356,0.599
urn:cite:botcar:sloane.367	urn:cite:fufolioimg:BotCarCatesbyHS.Catesby_HS232_030_0623
urn:cite:botcar:sloane.367	urn:cite:fufolioimg:BotCarCatesbyHS.Catesby_HS232_030_0623@0.753,0.282,0.11,0.43
urn:cite:botcar:sloane.23	urn:cite:fufolioimg:BotCarCatesbyHS.Catesby_HS212_033_0472
urn:cite:botcar:sloane.23	urn:cite:fufolioimg:BotCarCatesbyHS.Catesby_HS212_033_0472@0.565,0.0714,0.409,0.745
urn:cite:botcar:sloane.25	urn:cite:fufolioimg:BotCarCatesbyHS.Catesby_HS212_033_0472
urn:cite:botcar:sloane.25	urn:cite:fufolioimg:BotCarCatesbyHS.Catesby_HS212_033_0472@0.0432,0.136,0.445,0.77
urn:cite:botcar:sloane.20	urn:cite:fufolioimg:BotCarCatesbyHS.Catesby_HS212_034_0477
urn:cite:botcar:sloane.20	urn:cite:fufolioimg:BotCarCatesbyHS.Catesby_HS212_034_0477@0.0536,0.0278,0.374,0.664
urn:cite:botcar:sloane.404	urn:cite:fufolioimg:BotCarCatesbyHS.Catesby_HS232_040_0621
urn:cite:botcar:sloane.404	urn:cite:fufolioimg:BotCarCatesbyHS.Catesby_HS232_040_0621@0.344,0.155,0.363,0.675
urn:cite:botcar:sloane.423	urn:cite:fufolioimg:BotCarCatesbyHS.Catesby_HS212_040_0457
urn:cite:botcar:sloane.423	urn:cite:fufolioimg:BotCarCatesbyHS.Catesby_HS212_040_0457@0.0774,0.0407,0.58,0.771
urn:cite:botcar:sloane.210	urn:cite:fufolioimg:BotCarCatesbyHS.Catesby_HS232_040_0621
urn:cite:botcar:sloane.210	urn:cite:fufolioimg:BotCarCatesbyHS.Catesby_HS232_040_0621@0.144,0.144,0.241,0.721
urn:cite:botcar:sloane.181	urn:cite:fufolioimg:BotCarCatesbyHS.Catesby_HS232_040_0621
urn:cite:botcar:sloane.181	urn:cite:fufolioimg:BotCarCatesbyHS.Catesby_HS232_040_0621@0.644,0.165,0.229,0.692
urn:cite:botcar:sloane.427	urn:cite:fufolioimg:BotCarCatesbyHS.Catesby_HS232_041_0617
urn:cite:botcar:sloane.427	urn:cite:fufolioimg:BotCarCatesbyHS.Catesby_HS232_041_0617@0.186,0.117,0.695,0.428
urn:cite:botcar:sloane.58	urn:cite:fufolioimg:BotCarCatesbyHS.Catesby_HS232_042_0619
urn:cite:botcar:sloane.58	urn:cite:fufolioimg:BotCarCatesbyHS.Catesby_HS232_042_0619@0.574,0.205,0.208,0.566
urn:cite:botcar:sloane.64	urn:cite:fufolioimg:BotCarCatesbyHS.Catesby_HS232_042_0619
urn:cite:botcar:sloane.64	urn:cite:fufolioimg:BotCarCatesbyHS.Catesby_HS232_042_0619@0.183,0.146,0.26,0.62
urn:cite:botcar:sloane.179	urn:cite:fufolioimg:BotCarCatesbyHS.Catesby_HS232_042_0619
urn:cite:botcar:sloane.179	urn:cite:fufolioimg:BotCarCatesbyHS.Catesby_HS232_042_0619@0.412,0.13,0.213,0.774
urn:cite:botcar:sloane.93	urn:cite:fufolioimg:BotCarCatesbyHS.Catesby_HS232_048_0608
urn:cite:botcar:sloane.93	urn:cite:fufolioimg:BotCarCatesbyHS.Catesby_HS232_048_0608@0.146,0.109,0.348,0.753
urn:cite:botcar:sloane.338	urn:cite:fufolioimg:BotCarCatesbyHS.Catesby_HS232_049_0609
urn:cite:botcar:sloane.338	urn:cite:fufolioimg:BotCarCatesbyHS.Catesby_HS232_049_0609@0.141,0.185,0.241,0.674
urn:cite:botcar:sloane.257	urn:cite:fufolioimg:BotCarCatesbyHS.Catesby_HS212_049_0461
urn:cite:botcar:sloane.257	urn:cite:fufolioimg:BotCarCatesbyHS.Catesby_HS212_049_0461@0.39,0.0933,0.606,0.758
urn:cite:botcar:sloane.173	urn:cite:fufolioimg:BotCarCatesbyHS.Catesby_HS232_049_0609
urn:cite:botcar:sloane.173	urn:cite:fufolioimg:BotCarCatesbyHS.Catesby_HS232_049_0609@0.323,0.246,0.543,0.56
urn:cite:botcar:sloane.344	urn:cite:fufolioimg:BotCarCatesbyHS.Catesby_HS212_051_0468
urn:cite:botcar:sloane.344	urn:cite:fufolioimg:BotCarCatesbyHS.Catesby_HS212_051_0468@0.107,0.0437,0.378,0.745
urn:cite:botcar:sloane.176	urn:cite:fufolioimg:BotCarCatesbyHS.Catesby_HS212_053_0458
urn:cite:botcar:sloane.176	urn:cite:fufolioimg:BotCarCatesbyHS.Catesby_HS212_053_0458@0.0863,0.0427,0.406,0.921
urn:cite:botcar:sloane.104	urn:cite:fufolioimg:BotCarCatesbyHS.Catesby_HS212_054_0459
urn:cite:botcar:sloane.104	urn:cite:fufolioimg:BotCarCatesbyHS.Catesby_HS212_054_0459@0.314,0.0714,0.338,0.58
urn:cite:botcar:sloane.129	urn:cite:fufolioimg:BotCarCatesbyHS.Catesby_HS232_063_0593
urn:cite:botcar:sloane.129	urn:cite:fufolioimg:BotCarCatesbyHS.Catesby_HS232_063_0593@0.549,0.14,0.284,0.747
urn:cite:botcar:sloane.140	urn:cite:fufolioimg:BotCarCatesbyHS.Catesby_HS232_064_0594
urn:cite:botcar:sloane.140	urn:cite:fufolioimg:BotCarCatesbyHS.Catesby_HS232_064_0594@0.238,0.184,0.289,0.676
urn:cite:botcar:sloane.291	urn:cite:fufolioimg:BotCarCatesbyHS.Catesby_HS232_064_0594
urn:cite:botcar:sloane.291	urn:cite:fufolioimg:BotCarCatesbyHS.Catesby_HS232_064_0594@0.519,0.156,0.241,0.688
urn:cite:botcar:sloane.154	urn:cite:fufolioimg:BotCarCatesbyHS.Catesby_HS232_066_0590
urn:cite:botcar:sloane.333	urn:cite:fufolioimg:BotCarCatesbyHS.Catesby_HS212_072_0428
urn:cite:botcar:sloane.333	urn:cite:fufolioimg:BotCarCatesbyHS.Catesby_HS212_072_0428@0.173,0.116,0.461,0.792
urn:cite:botcar:sloane.204	urn:cite:fufolioimg:BotCarCatesbyHS.Catesby_HS232_073_0585
urn:cite:botcar:sloane.190	urn:cite:fufolioimg:BotCarCatesbyHS.Catesby_HS212_074_0434
urn:cite:botcar:sloane.190	urn:cite:fufolioimg:BotCarCatesbyHS.Catesby_HS212_074_0434@0.204,0.117,0.335,0.6
urn:cite:botcar:sloane.387	urn:cite:fufolioimg:BotCarCatesbyHS.Catesby_HS212_008_0506
urn:cite:botcar:sloane.387	urn:cite:fufolioimg:BotCarCatesbyHS.Catesby_HS212_008_0506@0.138,0.0923,0.545,0.822
urn:cite:botcar:sloane.290	urn:cite:fufolioimg:BotCarCatesbyHS.Catesby_HS212_083_0430
urn:cite:botcar:sloane.290	urn:cite:fufolioimg:BotCarCatesbyHS.Catesby_HS212_083_0430@0.362,0.109,0.54,0.6
urn:cite:botcar:sloane.381	urn:cite:fufolioimg:BotCarCatesbyHS.Catesby_HS212_083_0430
urn:cite:botcar:sloane.381	urn:cite:fufolioimg:BotCarCatesbyHS.Catesby_HS212_083_0430@0.0565,0.275,0.223,0.689
urn:cite:botcar:sloane.158	urn:cite:fufolioimg:BotCarCatesbyHS.Catesby_HS212_084_0429
urn:cite:botcar:sloane.158	urn:cite:fufolioimg:BotCarCatesbyHS.Catesby_HS212_084_0429@0.391,0.215,0.518,0.705
urn:cite:botcar:sloane.185	urn:cite:fufolioimg:BotCarCatesbyHS.Catesby_HS212_009_0502
urn:cite:botcar:sloane.185	urn:cite:fufolioimg:BotCarCatesbyHS.Catesby_HS212_009_0502@0.473,0.0685,0.527,0.65
urn:cite:botcar:sloane.186	urn:cite:fufolioimg:BotCarCatesbyHS.Catesby_HS212_009_0502
urn:cite:botcar:sloane.186	urn:cite:fufolioimg:BotCarCatesbyHS.Catesby_HS212_009_0502@0.113,0.155,0.473,0.792
urn:cite:botcar:sloane.215	urn:cite:fufolioimg:BotCarCatesbyHS.Catesby_HS212_092_0418
urn:cite:botcar:sloane.215	urn:cite:fufolioimg:BotCarCatesbyHS.Catesby_HS212_092_0418@0.484,0.0962,0.427,0.721
urn:cite:botcar:sloane.379	urn:cite:fufolioimg:BotCarCatesbyHS.Catesby_HS212_096_0413
urn:cite:botcar:sloane.379	urn:cite:fufolioimg:BotCarCatesbyHS.Catesby_HS212_096_0413@0.528,0.106,0.137,0.835
urn:cite:botcar:sloane.183	urn:cite:fufolioimg:BotCarCatesbyHS.Catesby_HS232_113_0544
urn:cite:botcar:sloane.167	urn:cite:fufolioimg:BotCarCatesbyHS.Catesby_HS232_114_0545
urn:cite:botcar:sloane.167	urn:cite:fufolioimg:BotCarCatesbyHS.Catesby_HS232_114_0545@0.173,0.111,0.412,0.782
urn:cite:botcar:sloane.356	urn:cite:fufolioimg:BotCarCatesbyHS.Catesby_HS212_020_0490
urn:cite:botcar:sloane.356	urn:cite:fufolioimg:BotCarCatesbyHS.Catesby_HS212_020_0490@0.436,0.31,0.243,0.619
urn:cite:botcar:sloane.83	urn:cite:fufolioimg:BotCarCatesbyHS.Catesby_HS212_035_0480
urn:cite:botcar:sloane.83	urn:cite:fufolioimg:BotCarCatesbyHS.Catesby_HS212_035_0480@0.466,0.197,0.466,0.741
urn:cite:botcar:sloane.409	urn:cite:fufolioimg:BotCarCatesbyHS.Catesby_HS212_035_0480
urn:cite:botcar:sloane.409	urn:cite:fufolioimg:BotCarCatesbyHS.Catesby_HS212_035_0480@0.0357,0.32,0.256,0.649
urn:cite:botcar:sloane.102	urn:cite:fufolioimg:BotCarCatesbyHS.Catesby_HS212_035_0480
urn:cite:botcar:sloane.102	urn:cite:fufolioimg:BotCarCatesbyHS.Catesby_HS212_035_0480@0.539,0.0784,0.251,0.628
urn:cite:botcar:sloane.298	urn:cite:fufolioimg:BotCarCatesbyHS.Catesby_HS212_040_0457
urn:cite:botcar:sloane.298	urn:cite:fufolioimg:BotCarCatesbyHS.Catesby_HS212_040_0457@0.412,0.532,0.387,0.425
urn:cite:botcar:sloane.374	urn:cite:fufolioimg:BotCarCatesbyHS.Catesby_HS212_041_0456
urn:cite:botcar:sloane.374	urn:cite:fufolioimg:BotCarCatesbyHS.Catesby_HS212_041_0456@0.19,0.508,0.177,0.344
urn:cite:botcar:sloane.390	urn:cite:fufolioimg:BotCarCatesbyHS.Catesby_HS212_006_0499
urn:cite:botcar:sloane.390	urn:cite:fufolioimg:BotCarCatesbyHS.Catesby_HS212_006_0499@0.262,0.247,0.341,0.643
urn:cite:botcar:sloane.267	urn:cite:fufolioimg:BotCarCatesbyHS.Catesby_HS212_060_0445
urn:cite:botcar:sloane.267	urn:cite:fufolioimg:BotCarCatesbyHS.Catesby_HS212_060_0445@0.131,0.0982,0.307,0.822
urn:cite:botcar:sloane.27	urn:cite:fufolioimg:BotCarCatesbyHS.Catesby_HS232_061_0596
urn:cite:botcar:sloane.27	urn:cite:fufolioimg:BotCarCatesbyHS.Catesby_HS232_061_0596@0.134,0.688,0.432,0.185
urn:cite:botcar:sloane.429	urn:cite:fufolioimg:BotCarCatesbyHS.Catesby_HS212_062_0452
urn:cite:botcar:sloane.429	urn:cite:fufolioimg:BotCarCatesbyHS.Catesby_HS212_062_0452@0.371,0.104,0.268,0.664
urn:cite:botcar:sloane.314	urn:cite:fufolioimg:BotCarCatesbyHS.Catesby_HS212_007_0504
urn:cite:botcar:sloane.314	urn:cite:fufolioimg:BotCarCatesbyHS.Catesby_HS212_007_0504@0.545,0.104,0.362,0.624
urn:cite:botcar:sloane.79	urn:cite:fufolioimg:BotCarCatesbyHS.Catesby_HS212_071_0448
urn:cite:botcar:sloane.428	urn:cite:fufolioimg:BotCarCatesbyHS.Catesby_HS212_074_0434
urn:cite:botcar:sloane.428	urn:cite:fufolioimg:BotCarCatesbyHS.Catesby_HS212_074_0434@0.531,0.322,0.445,0.558
urn:cite:botcar:sloane.178	urn:cite:fufolioimg:BotCarCatesbyHS.Catesby_HS212_075_0427
urn:cite:botcar:sloane.178	urn:cite:fufolioimg:BotCarCatesbyHS.Catesby_HS212_075_0427@0.213,0.117,0.32,0.625
urn:cite:botcar:sloane.142	urn:cite:fufolioimg:BotCarCatesbyHS.Catesby_HS212_075_0427
urn:cite:botcar:sloane.142	urn:cite:fufolioimg:BotCarCatesbyHS.Catesby_HS212_075_0427@0.455,0.246,0.33,0.651
urn:cite:botcar:sloane.219	urn:cite:fufolioimg:BotCarCatesbyHS.Catesby_HS212_088_0419
urn:cite:botcar:sloane.219	urn:cite:fufolioimg:BotCarCatesbyHS.Catesby_HS212_088_0419@0.475,0.0883,0.452,0.88
urn:cite:botcar:sloane.399	urn:cite:fufolioimg:BotCarCatesbyHS.Catesby_HS212_089_0416
urn:cite:botcar:sloane.399	urn:cite:fufolioimg:BotCarCatesbyHS.Catesby_HS212_089_0416@0.329,0.279,0.592,0.677
urn:cite:botcar:sloane.264	urn:cite:fufolioimg:BotCarCatesbyHS.Catesby_HS212_089_0416
urn:cite:botcar:sloane.264	urn:cite:fufolioimg:BotCarCatesbyHS.Catesby_HS212_089_0416@0.0818,0.0784,0.621,0.605
urn:cite:botcar:sloane.216	urn:cite:fufolioimg:BotCarCatesbyHS.Catesby_HS212_092_0418
urn:cite:botcar:sloane.216	urn:cite:fufolioimg:BotCarCatesbyHS.Catesby_HS212_092_0418@0.665,0.28,0.259,0.676
urn:cite:botcar:sloane.220	urn:cite:fufolioimg:BotCarCatesbyHS.Catesby_HS212_094_0408
urn:cite:botcar:sloane.220	urn:cite:fufolioimg:BotCarCatesbyHS.Catesby_HS212_094_0408@0.251,0.284,0.274,0.682
urn:cite:botcar:sloane.213	urn:cite:fufolioimg:BotCarCatesbyHS.Catesby_HS212_094_0408
urn:cite:botcar:sloane.213	urn:cite:fufolioimg:BotCarCatesbyHS.Catesby_HS212_094_0408@0.484,0.239,0.211,0.722
urn:cite:botcar:sloane.370	urn:cite:fufolioimg:BotCarCatesbyHS.Catesby_HS212_094_0408
urn:cite:botcar:sloane.370	urn:cite:fufolioimg:BotCarCatesbyHS.Catesby_HS212_094_0408@0.0685,0.0625,0.24,0.75
urn:cite:botcar:sloane.368	urn:cite:fufolioimg:BotCarCatesbyHS.Catesby_HS212_094_0408
urn:cite:botcar:sloane.368	urn:cite:fufolioimg:BotCarCatesbyHS.Catesby_HS212_094_0408@0.521,0.115,0.44,0.826
urn:cite:botcar:sloane.385	urn:cite:fufolioimg:BotCarCatesbyHS.Catesby_HS212_096_0413
urn:cite:botcar:sloane.385	urn:cite:fufolioimg:BotCarCatesbyHS.Catesby_HS212_096_0413@0.643,0.133,0.302,0.812
urn:cite:botcar:sloane.416	urn:cite:fufolioimg:BotCarCatesbyHS.Catesby_HS212_096_0413
urn:cite:botcar:sloane.416	urn:cite:fufolioimg:BotCarCatesbyHS.Catesby_HS212_096_0413@0.421,0.37,0.14,0.594
urn:cite:botcar:sloane.217	urn:cite:fufolioimg:BotCarCatesbyHS.Catesby_HS212_096_0413
urn:cite:botcar:sloane.217	urn:cite:fufolioimg:BotCarCatesbyHS.Catesby_HS212_096_0413@0.101,0.0675,0.35,0.904
urn:cite:botcar:sloane.323	urn:cite:fufolioimg:BotCarCatesbyHS.Catesby_HS232_079_0573
urn:cite:botcar:sloane.323	urn:cite:fufolioimg:BotCarCatesbyHS.Catesby_HS232_079_0573@0.516,0.262,0.338,0.631
urn:cite:botcar:sloane.326	urn:cite:fufolioimg:BotCarCatesbyHS.Catesby_HS232_115_0541
urn:cite:botcar:sloane.326	urn:cite:fufolioimg:BotCarCatesbyHS.Catesby_HS232_115_0541@0.0625,0.127,0.438,0.616
urn:cite:botcar:sloane.347	urn:cite:fufolioimg:BotCarCatesbyHS.Catesby_HS232_074_0580
urn:cite:botcar:sloane.306	urn:cite:fufolioimg:BotCarCatesbyHS.Catesby_HS212_063_0451
urn:cite:botcar:sloane.306	urn:cite:fufolioimg:BotCarCatesbyHS.Catesby_HS212_063_0451@0.196,0.0923,0.451,0.539
urn:cite:botcar:sloane.62	urn:cite:fufolioimg:BotCarCatesbyHS.Catesby_HS212_013_0497
urn:cite:botcar:sloane.62	urn:cite:fufolioimg:BotCarCatesbyHS.Catesby_HS212_013_0497@0.424,0.0714,0.56,0.676
urn:cite:botcar:sloane.285	urn:cite:fufolioimg:BotCarCatesbyHS.Catesby_HS232_061_0596
urn:cite:botcar:sloane.285	urn:cite:fufolioimg:BotCarCatesbyHS.Catesby_HS232_061_0596@0.625,0.565,0.0759,0.0942
urn:cite:botcar:sloane.80	urn:cite:fufolioimg:BotCarCatesbyHS.Catesby_HS232_051_0606
urn:cite:botcar:sloane.431	urn:cite:fufolioimg:BotCarCatesbyHS.Catesby_HS212_061_0444
urn:cite:botcar:sloane.431	urn:cite:fufolioimg:BotCarCatesbyHS.Catesby_HS212_061_0444@0.397,0.291,0.561,0.625
urn:cite:botcar:sloane.229	urn:cite:fufolioimg:BotCarCatesbyHS.Catesby_HS232_079_0573
urn:cite:botcar:sloane.229	urn:cite:fufolioimg:BotCarCatesbyHS.Catesby_HS232_079_0573@0.135,0.116,0.415,0.679
urn:cite:botcar:sloane.45	urn:cite:fufolioimg:BotCarCatesbyHS.Catesby_HS212_040_0457
urn:cite:botcar:sloane.45	urn:cite:fufolioimg:BotCarCatesbyHS.Catesby_HS212_040_0457@0.652,0.0685,0.311,0.72
urn:cite:botcar:sloane.319	urn:cite:fufolioimg:BotCarCatesbyHS.Catesby_HS212_054_0459
urn:cite:botcar:sloane.319	urn:cite:fufolioimg:BotCarCatesbyHS.Catesby_HS212_054_0459@0.0818,0.281,0.333,0.678
urn:cite:botcar:sloane.54	urn:cite:fufolioimg:BotCarCatesbyHS.Catesby_HS232_061_0596
urn:cite:botcar:sloane.54	urn:cite:fufolioimg:BotCarCatesbyHS.Catesby_HS232_061_0596@0.594,0.25,0.143,0.143
urn:cite:botcar:sloane.47	urn:cite:fufolioimg:BotCarCatesbyHS.Catesby_HS212_016_0494
urn:cite:botcar:sloane.47	urn:cite:fufolioimg:BotCarCatesbyHS.Catesby_HS212_016_0494@0.0997,0.0992,0.536,0.855
urn:cite:botcar:sloane.82	urn:cite:fufolioimg:BotCarCatesbyHS.Catesby_HS212_031_0474
urn:cite:botcar:sloane.82	urn:cite:fufolioimg:BotCarCatesbyHS.Catesby_HS212_031_0474@0.0848,0.115,0.278,0.633
urn:cite:botcar:sloane.71	urn:cite:fufolioimg:BotCarCatesbyHS.Catesby_HS232_048_0608
urn:cite:botcar:sloane.71	urn:cite:fufolioimg:BotCarCatesbyHS.Catesby_HS232_048_0608@0.662,0.148,0.138,0.706
urn:cite:botcar:sloane.327	urn:cite:fufolioimg:BotCarCatesbyHS.Catesby_HS212_007_0504
urn:cite:botcar:sloane.327	urn:cite:fufolioimg:BotCarCatesbyHS.Catesby_HS212_007_0504@0.805,0.269,0.149,0.607
urn:cite:botcar:sloane.211	urn:cite:fufolioimg:BotCarCatesbyHS.Catesby_HS212_007_0504
urn:cite:botcar:sloane.211	urn:cite:fufolioimg:BotCarCatesbyHS.Catesby_HS212_007_0504@0.24,0.309,0.473,0.607
urn:cite:botcar:sloane.160	urn:cite:fufolioimg:BotCarCatesbyHS.Catesby_HS212_018_0492
urn:cite:botcar:sloane.160	urn:cite:fufolioimg:BotCarCatesbyHS.Catesby_HS212_018_0492@0.0967,0.702,0.851,0.248
urn:cite:botcar:sloane.365	urn:cite:fufolioimg:BotCarCatesbyHS.Catesby_HS232_061_0596
urn:cite:botcar:sloane.365	urn:cite:fufolioimg:BotCarCatesbyHS.Catesby_HS232_061_0596@0.769,0.553,0.11,0.13
urn:cite:botcar:sloane.419	urn:cite:fufolioimg:BotCarCatesbyHS.Catesby_HS232_035_0620
urn:cite:botcar:sloane.419	urn:cite:fufolioimg:BotCarCatesbyHS.Catesby_HS232_035_0620@0.571,0.283,0.307,0.531
urn:cite:botcar:sloane.259	urn:cite:fufolioimg:BotCarCatesbyHS.Catesby_HS212_050_0469
urn:cite:botcar:sloane.259	urn:cite:fufolioimg:BotCarCatesbyHS.Catesby_HS212_050_0469@0.484,0.504,0.501,0.448
urn:cite:botcar:sloane.13	urn:cite:fufolioimg:BotCarCatesbyHS.Catesby_HS212_057_0437
urn:cite:botcar:sloane.13	urn:cite:fufolioimg:BotCarCatesbyHS.Catesby_HS212_057_0437@0.137,0.443,0.408,0.48
urn:cite:botcar:sloane.192	urn:cite:fufolioimg:BotCarCatesbyHS.Catesby_HS212_006_0499
urn:cite:botcar:sloane.192	urn:cite:fufolioimg:BotCarCatesbyHS.Catesby_HS212_006_0499@0.122,0.0843,0.305,0.84
urn:cite:botcar:sloane.281	urn:cite:fufolioimg:BotCarCatesbyHS.Catesby_HS212_034_0477
urn:cite:botcar:sloane.281	urn:cite:fufolioimg:BotCarCatesbyHS.Catesby_HS212_034_0477@0.0268,0.552,0.714,0.414
urn:cite:botcar:sloane.115	urn:cite:fufolioimg:BotCarCatesbyHS.Catesby_HS232_061_0596
urn:cite:botcar:sloane.115	urn:cite:fufolioimg:BotCarCatesbyHS.Catesby_HS232_061_0596@0.442,0.119,0.146,0.15
urn:cite:botcar:sloane.380	urn:cite:fufolioimg:BotCarCatesbyHS.Catesby_HS232_061_0596
urn:cite:botcar:sloane.380	urn:cite:fufolioimg:BotCarCatesbyHS.Catesby_HS232_061_0596@0.768,0.397,0.128,0.118
urn:cite:botcar:sloane.198	urn:cite:fufolioimg:BotCarCatesbyHS.Catesby_HS232_060_0597
urn:cite:botcar:sloane.231	urn:cite:fufolioimg:BotCarCatesbyHS.Catesby_HS232_089_0568
urn:cite:botcar:sloane.412	urn:cite:fufolioimg:BotCarCatesbyHS.Catesby_HS212_005_0503
urn:cite:botcar:sloane.412	urn:cite:fufolioimg:BotCarCatesbyHS.Catesby_HS212_005_0503@0.137,0.0804,0.586,0.612
urn:cite:botcar:sloane.341	urn:cite:fufolioimg:BotCarCatesbyHS.Catesby_HS232_135_0521
urn:cite:botcar:sloane.316	urn:cite:fufolioimg:BotCarCatesbyHS.Catesby_HS212_004_0501
urn:cite:botcar:sloane.316	urn:cite:fufolioimg:BotCarCatesbyHS.Catesby_HS212_004_0501@0.156,0.0813,0.567,0.653
urn:cite:botcar:sloane.49	urn:cite:fufolioimg:BotCarCatesbyHS.Catesby_HS232_069_0588
urn:cite:botcar:sloane.234	urn:cite:fufolioimg:BotCarCatesbyHS.Catesby_HS232_085_0578
urn:cite:botcar:sloane.57	urn:cite:fufolioimg:BotCarCatesbyHS.Catesby_HS232_137_0519
urn:cite:botcar:sloane.57	urn:cite:fufolioimg:BotCarCatesbyHS.Catesby_HS232_137_0519@0.146,0.155,0.345,0.64
urn:cite:botcar:sloane.312	urn:cite:fufolioimg:BotCarCatesbyHS.Catesby_HS232_139_0518
urn:cite:botcar:sloane.312	urn:cite:fufolioimg:BotCarCatesbyHS.Catesby_HS232_139_0518@0.326,0.17,0.182,0.63
urn:cite:botcar:sloane.112	urn:cite:fufolioimg:BotCarCatesbyHS.Catesby_HS232_139_0518
urn:cite:botcar:sloane.112	urn:cite:fufolioimg:BotCarCatesbyHS.Catesby_HS232_139_0518@0.621,0.0952,0.295,0.658
urn:cite:botcar:sloane.361	urn:cite:fufolioimg:BotCarCatesbyHS.Catesby_HS232_139_0518
urn:cite:botcar:sloane.361	urn:cite:fufolioimg:BotCarCatesbyHS.Catesby_HS232_139_0518@0.463,0.152,0.158,0.627
urn:cite:botcar:sloane.168	urn:cite:fufolioimg:BotCarCatesbyHS.Catesby_HS232_139_0518
urn:cite:botcar:sloane.168	urn:cite:fufolioimg:BotCarCatesbyHS.Catesby_HS232_139_0518@0.153,0.112,0.205,0.733
urn:cite:botcar:sloane.353	urn:cite:fufolioimg:BotCarCatesbyHS.Catesby_HS232_030_0623
urn:cite:botcar:sloane.334	urn:cite:fufolioimg:BotCarCatesbyHS.Catesby_HS212_043_0464
urn:cite:botcar:sloane.334	urn:cite:fufolioimg:BotCarCatesbyHS.Catesby_HS212_043_0464@0.536,0.317,0.321,0.63
urn:cite:botcar:sloane.241	urn:cite:fufolioimg:BotCarCatesbyHS.Catesby_HS212_044_0463
urn:cite:botcar:sloane.241	urn:cite:fufolioimg:BotCarCatesbyHS.Catesby_HS212_044_0463@0.0878,0.0327,0.324,0.681
urn:cite:botcar:sloane.103	urn:cite:fufolioimg:BotCarCatesbyHS.Catesby_HS212_044_0463
urn:cite:botcar:sloane.103	urn:cite:fufolioimg:BotCarCatesbyHS.Catesby_HS212_044_0463@0.137,0.326,0.246,0.643
urn:cite:botcar:sloane.91	urn:cite:fufolioimg:BotCarCatesbyHS.Catesby_HS212_045_0454
urn:cite:botcar:sloane.91	urn:cite:fufolioimg:BotCarCatesbyHS.Catesby_HS212_045_0454@0.0536,0.0962,0.695,0.789
urn:cite:botcar:sloane.61	urn:cite:fufolioimg:BotCarCatesbyHS.Catesby_HS232_061_0596
urn:cite:botcar:sloane.61	urn:cite:fufolioimg:BotCarCatesbyHS.Catesby_HS232_061_0596@0.177,0.274,0.0714,0.216
urn:cite:botcar:sloane.254	urn:cite:fufolioimg:BotCarCatesbyHS.Catesby_HS232_061_0596
urn:cite:botcar:sloane.254	urn:cite:fufolioimg:BotCarCatesbyHS.Catesby_HS232_061_0596@0.241,0.355,0.0685,0.125
urn:cite:botcar:sloane.403	urn:cite:fufolioimg:BotCarCatesbyHS.Catesby_HS212_086_0422
urn:cite:botcar:sloane.403	urn:cite:fufolioimg:BotCarCatesbyHS.Catesby_HS212_086_0422@0.0699,0.0675,0.374,0.916
urn:cite:botcar:sloane.100	urn:cite:fufolioimg:BotCarCatesbyHS.Catesby_HS212_087_0417
urn:cite:botcar:sloane.100	urn:cite:fufolioimg:BotCarCatesbyHS.Catesby_HS212_087_0417@0.4,0.0823,0.522,0.692
urn:cite:botcar:sloane.84	urn:cite:fufolioimg:BotCarCatesbyHS.Catesby_HS232_055_0601
urn:cite:botcar:sloane.84	urn:cite:fufolioimg:BotCarCatesbyHS.Catesby_HS232_055_0601@0.119,0.101,0.43,0.488
urn:cite:botcar:sloane.109	urn:cite:fufolioimg:BotCarCatesbyHS.Catesby_HS212_067_0450
urn:cite:botcar:sloane.109	urn:cite:fufolioimg:BotCarCatesbyHS.Catesby_HS212_067_0450@0.472,0.109,0.512,0.638
urn:cite:botcar:sloane.81	urn:cite:fufolioimg:BotCarCatesbyHS.Catesby_HS212_017_0495
urn:cite:botcar:sloane.81	urn:cite:fufolioimg:BotCarCatesbyHS.Catesby_HS212_017_0495@0.378,0.279,0.576,0.631
urn:cite:botcar:sloane.377	urn:cite:fufolioimg:BotCarCatesbyHS.Catesby_HS232_077_0582
urn:cite:botcar:sloane.377	urn:cite:fufolioimg:BotCarCatesbyHS.Catesby_HS232_077_0582@0.577,0.193,0.241,0.709
urn:cite:botcar:sloane.99	urn:cite:fufolioimg:BotCarCatesbyHS.Catesby_HS212_082_0423
urn:cite:botcar:sloane.99	urn:cite:fufolioimg:BotCarCatesbyHS.Catesby_HS212_082_0423@0.435,0.298,0.423,0.636
urn:cite:botcar:sloane.227	urn:cite:fufolioimg:BotCarCatesbyHS.Catesby_HS212_002_0510
urn:cite:botcar:sloane.227	urn:cite:fufolioimg:BotCarCatesbyHS.Catesby_HS212_002_0510@0.109,0.0853,0.423,0.708
urn:cite:botcar:sloane.2	urn:cite:fufolioimg:BotCarCatesbyHS.Catesby_HS232_047_0613
urn:cite:botcar:sloane.278	urn:cite:fufolioimg:BotCarCatesbyHS.Catesby_HS212_015_0496
urn:cite:botcar:sloane.278	urn:cite:fufolioimg:BotCarCatesbyHS.Catesby_HS212_015_0496@0.713,0.0896,0.229,0.405
urn:cite:botcar:sloane.369	urn:cite:fufolioimg:BotCarCatesbyHS.Catesby_HS232_031_0630
urn:cite:botcar:sloane.369	urn:cite:fufolioimg:BotCarCatesbyHS.Catesby_HS232_031_0630@0.698,0.311,0.174,0.564
urn:cite:botcar:sloane.170	urn:cite:fufolioimg:BotCarCatesbyHS.Catesby_HS232_054_0603
urn:cite:botcar:sloane.384	urn:cite:fufolioimg:BotCarCatesbyHS.Catesby_HS232_057_0599
urn:cite:botcar:sloane.232	urn:cite:fufolioimg:BotCarCatesbyHS.Catesby_HS212_060_0445
urn:cite:botcar:sloane.232	urn:cite:fufolioimg:BotCarCatesbyHS.Catesby_HS212_060_0445@0.307,0.657,0.621,0.25
urn:cite:botcar:sloane.271	urn:cite:fufolioimg:BotCarCatesbyHS.Catesby_HS212_064_0442
urn:cite:botcar:sloane.271	urn:cite:fufolioimg:BotCarCatesbyHS.Catesby_HS212_064_0442@0.635,0.62,0.318,0.279
urn:cite:botcar:sloane.189	urn:cite:fufolioimg:BotCarCatesbyHS.Catesby_HS212_065_0441
urn:cite:botcar:sloane.189	urn:cite:fufolioimg:BotCarCatesbyHS.Catesby_HS212_065_0441@0.683,0.522,0.302,0.381
urn:cite:botcar:sloane.309	urn:cite:fufolioimg:BotCarCatesbyHS.Catesby_HS212_066_0440
urn:cite:botcar:sloane.309	urn:cite:fufolioimg:BotCarCatesbyHS.Catesby_HS212_066_0440@0.501,0.354,0.485,0.556
urn:cite:botcar:sloane.350	urn:cite:fufolioimg:BotCarCatesbyHS.Catesby_HS232_133_0524
urn:cite:botcar:sloane.22	urn:cite:fufolioimg:BotCarCatesbyHS.Catesby_HS212_041_0456
urn:cite:botcar:sloane.22	urn:cite:fufolioimg:BotCarCatesbyHS.Catesby_HS212_041_0456@0.0446,0.317,0.307,0.663
urn:cite:botcar:sloane.282	urn:cite:fufolioimg:BotCarCatesbyHS.Catesby_HS212_042_0455
urn:cite:botcar:sloane.282	urn:cite:fufolioimg:BotCarCatesbyHS.Catesby_HS212_042_0455@0.0521,0.0377,0.44,0.958
urn:cite:botcar:sloane.228	urn:cite:fufolioimg:BotCarCatesbyHS.Catesby_HS212_032_0476
urn:cite:botcar:sloane.228	urn:cite:fufolioimg:BotCarCatesbyHS.Catesby_HS212_032_0476@0.0625,0.39,0.429,0.415
urn:cite:botcar:sloane.252	urn:cite:fufolioimg:BotCarCatesbyHS.Catesby_HS212_047_0470
urn:cite:botcar:sloane.252	urn:cite:fufolioimg:BotCarCatesbyHS.Catesby_HS212_047_0470@0.336,0.0516,0.6,0.391
urn:cite:botcar:sloane.250	urn:cite:fufolioimg:BotCarCatesbyHS.Catesby_HS212_048_0462
urn:cite:botcar:sloane.250	urn:cite:fufolioimg:BotCarCatesbyHS.Catesby_HS212_048_0462@0.324,0.552,0.622,0.379
urn:cite:botcar:sloane.394	urn:cite:fufolioimg:BotCarCatesbyHS.Catesby_HS212_051_0468
urn:cite:botcar:sloane.394	urn:cite:fufolioimg:BotCarCatesbyHS.Catesby_HS212_051_0468@0.11,0.642,0.83,0.31
urn:cite:botcar:sloane.351	urn:cite:fufolioimg:BotCarCatesbyHS.Catesby_HS212_053_0458
urn:cite:botcar:sloane.351	urn:cite:fufolioimg:BotCarCatesbyHS.Catesby_HS212_053_0458@0.382,0.0714,0.396,0.56
urn:cite:botcar:sloane.295	urn:cite:fufolioimg:BotCarCatesbyHS.Catesby_HS212_055_0465
urn:cite:botcar:sloane.295	urn:cite:fufolioimg:BotCarCatesbyHS.Catesby_HS212_055_0465@0.266,0.253,0.314,0.692
urn:cite:botcar:sloane.242	urn:cite:fufolioimg:BotCarCatesbyHS.Catesby_HS232_065_0592
urn:cite:botcar:sloane.108	urn:cite:fufolioimg:BotCarCatesbyHS.Catesby_HS212_001_0507
urn:cite:botcar:sloane.108	urn:cite:fufolioimg:BotCarCatesbyHS.Catesby_HS212_001_0507@0.199,0.482,0.753,0.425
urn:cite:botcar:sloane.280	urn:cite:fufolioimg:BotCarCatesbyHS.Catesby_HS232_106_0546
urn:cite:botcar:sloane.328	urn:cite:fufolioimg:BotCarCatesbyHS.Catesby_HS232_107_0547
urn:cite:botcar:sloane.335	urn:cite:fufolioimg:BotCarCatesbyHS.Catesby_HS232_108_0549
urn:cite:botcar:sloane.405	urn:cite:fufolioimg:BotCarCatesbyHS.Catesby_HS232_112_0543
urn:cite:botcar:sloane.311	urn:cite:fufolioimg:BotCarCatesbyHS.Catesby_HS232_119_0538
urn:cite:botcar:sloane.311	urn:cite:fufolioimg:BotCarCatesbyHS.Catesby_HS232_119_0538@0.39,0.217,0.313,0.584
urn:cite:botcar:sloane.304	urn:cite:fufolioimg:BotCarCatesbyHS.Catesby_HS232_119_0538
urn:cite:botcar:sloane.304	urn:cite:fufolioimg:BotCarCatesbyHS.Catesby_HS232_119_0538@0.531,0.245,0.315,0.526
urn:cite:botcar:sloane.28	urn:cite:fufolioimg:BotCarCatesbyHS.Catesby_HS232_119_0538
urn:cite:botcar:sloane.28	urn:cite:fufolioimg:BotCarCatesbyHS.Catesby_HS232_119_0538@0.112,0.124,0.287,0.73
urn:cite:botcar:sloane.193	urn:cite:fufolioimg:BotCarCatesbyHS.Catesby_HS232_121_0535
urn:cite:botcar:sloane.193	urn:cite:fufolioimg:BotCarCatesbyHS.Catesby_HS232_121_0535@0.385,0.179,0.238,0.692
urn:cite:botcar:sloane.88	urn:cite:fufolioimg:BotCarCatesbyHS.Catesby_HS232_138_0517
urn:cite:botcar:sloane.292	urn:cite:fufolioimg:BotCarCatesbyHS.Catesby_HS212_002_0510
urn:cite:botcar:sloane.292	urn:cite:fufolioimg:BotCarCatesbyHS.Catesby_HS212_002_0510@0.421,0.241,0.534,0.66
urn:cite:botcar:sloane.157	urn:cite:fufolioimg:BotCarCatesbyHS.Catesby_HS212_020_0490
urn:cite:botcar:sloane.157	urn:cite:fufolioimg:BotCarCatesbyHS.Catesby_HS212_020_0490@0.116,0.0784,0.543,0.818
urn:cite:botcar:sloane.407	urn:cite:fufolioimg:BotCarCatesbyHS.Catesby_HS212_023_0489
urn:cite:botcar:sloane.407	urn:cite:fufolioimg:BotCarCatesbyHS.Catesby_HS212_023_0489@0.512,0.0843,0.46,0.611
urn:cite:botcar:sloane.18	urn:cite:fufolioimg:BotCarCatesbyHS.Catesby_HS212_028_0482
urn:cite:botcar:sloane.38	urn:cite:fufolioimg:BotCarCatesbyHS.Catesby_HS232_028_0631
urn:cite:botcar:sloane.38	urn:cite:fufolioimg:BotCarCatesbyHS.Catesby_HS232_028_0631@0.463,0.17,0.324,0.431
urn:cite:botcar:sloane.201	urn:cite:fufolioimg:BotCarCatesbyHS.Catesby_HS212_038_0473
urn:cite:botcar:sloane.12	urn:cite:fufolioimg:BotCarCatesbyHS.Catesby_HS232_038_0614
urn:cite:botcar:sloane.223	urn:cite:fufolioimg:BotCarCatesbyHS.Catesby_HS212_039_0479
urn:cite:botcar:sloane.223	urn:cite:fufolioimg:BotCarCatesbyHS.Catesby_HS212_039_0479@0.323,0.0754,0.624,0.664
urn:cite:botcar:sloane.329	urn:cite:fufolioimg:BotCarCatesbyHS.Catesby_HS212_041_0456
urn:cite:botcar:sloane.329	urn:cite:fufolioimg:BotCarCatesbyHS.Catesby_HS212_041_0456@0.0938,0.0506,0.591,0.558
urn:cite:botcar:sloane.206	urn:cite:fufolioimg:BotCarCatesbyHS.Catesby_HS232_044_0610
urn:cite:botcar:sloane.206	urn:cite:fufolioimg:BotCarCatesbyHS.Catesby_HS232_044_0610@0.44,0.135,0.432,0.712
urn:cite:botcar:sloane.299	urn:cite:fufolioimg:BotCarCatesbyHS.Catesby_HS232_046_0612
urn:cite:botcar:sloane.145	urn:cite:fufolioimg:BotCarCatesbyHS.Catesby_HS212_053_0458
urn:cite:botcar:sloane.145	urn:cite:fufolioimg:BotCarCatesbyHS.Catesby_HS212_053_0458@0.493,0.309,0.484,0.643
urn:cite:botcar:sloane.39	urn:cite:fufolioimg:BotCarCatesbyHS.Catesby_HS212_054_0459
urn:cite:botcar:sloane.39	urn:cite:fufolioimg:BotCarCatesbyHS.Catesby_HS212_054_0459@0.449,0.317,0.539,0.625
urn:cite:botcar:sloane.320	urn:cite:fufolioimg:BotCarCatesbyHS.Catesby_HS212_056_0466
urn:cite:botcar:sloane.320	urn:cite:fufolioimg:BotCarCatesbyHS.Catesby_HS212_056_0466@0.324,0.0655,0.275,0.88
urn:cite:botcar:sloane.86	urn:cite:fufolioimg:BotCarCatesbyHS.Catesby_HS212_057_0437
urn:cite:botcar:sloane.86	urn:cite:fufolioimg:BotCarCatesbyHS.Catesby_HS212_057_0437@0.144,0.0873,0.393,0.402
urn:cite:botcar:sloane.321	urn:cite:fufolioimg:BotCarCatesbyHS.Catesby_HS212_057_0437
urn:cite:botcar:sloane.321	urn:cite:fufolioimg:BotCarCatesbyHS.Catesby_HS212_057_0437@0.244,0.599,0.693,0.302
urn:cite:botcar:sloane.10	urn:cite:fufolioimg:BotCarCatesbyHS.Catesby_HS212_058b_0453
urn:cite:botcar:sloane.10	urn:cite:fufolioimg:BotCarCatesbyHS.Catesby_HS212_058b_0453@0.461,0.343,0.49,0.539
urn:cite:botcar:sloane.424	urn:cite:fufolioimg:BotCarCatesbyHS.Catesby_HS212_058b_0453
urn:cite:botcar:sloane.424	urn:cite:fufolioimg:BotCarCatesbyHS.Catesby_HS212_058b_0453@0.144,0.0853,0.412,0.71
urn:cite:botcar:sloane.124	urn:cite:fufolioimg:BotCarCatesbyHS.Catesby_HS212_061_0444
urn:cite:botcar:sloane.124	urn:cite:fufolioimg:BotCarCatesbyHS.Catesby_HS212_061_0444@0.19,0.0952,0.708,0.409
urn:cite:botcar:sloane.116	urn:cite:fufolioimg:BotCarCatesbyHS.Catesby_HS212_062_0452
urn:cite:botcar:sloane.116	urn:cite:fufolioimg:BotCarCatesbyHS.Catesby_HS212_062_0452@0.137,0.0893,0.314,0.696
urn:cite:botcar:sloane.141	urn:cite:fufolioimg:BotCarCatesbyHS.Catesby_HS232_063_0593
urn:cite:botcar:sloane.141	urn:cite:fufolioimg:BotCarCatesbyHS.Catesby_HS232_063_0593@0.219,0.1,0.342,0.791
urn:cite:botcar:sloane.188	urn:cite:fufolioimg:BotCarCatesbyHS.Catesby_HS212_064_0442
urn:cite:botcar:sloane.188	urn:cite:fufolioimg:BotCarCatesbyHS.Catesby_HS212_064_0442@0.179,0.443,0.528,0.471
urn:cite:botcar:sloane.194	urn:cite:fufolioimg:BotCarCatesbyHS.Catesby_HS212_065_0441
urn:cite:botcar:sloane.194	urn:cite:fufolioimg:BotCarCatesbyHS.Catesby_HS212_065_0441@0.164,0.259,0.521,0.65
urn:cite:botcar:sloane.413	urn:cite:fufolioimg:BotCarCatesbyHS.Catesby_HS232_070_0586
urn:cite:botcar:sloane.202	urn:cite:fufolioimg:BotCarCatesbyHS.Catesby_HS232_072_0584
urn:cite:botcar:sloane.244	urn:cite:fufolioimg:BotCarCatesbyHS.Catesby_HS212_081_0424
urn:cite:botcar:sloane.244	urn:cite:fufolioimg:BotCarCatesbyHS.Catesby_HS212_081_0424@0.171,0.0962,0.753,0.509
urn:cite:botcar:sloane.225	urn:cite:fufolioimg:BotCarCatesbyHS.Catesby_HS232_083_0572
urn:cite:botcar:sloane.225	urn:cite:fufolioimg:BotCarCatesbyHS.Catesby_HS232_083_0572@0.521,0.142,0.311,0.6
urn:cite:botcar:sloane.155	urn:cite:fufolioimg:BotCarCatesbyHS.Catesby_HS212_090_0421
urn:cite:botcar:sloane.155	urn:cite:fufolioimg:BotCarCatesbyHS.Catesby_HS212_090_0421@0.058,0.0744,0.463,0.914
urn:cite:botcar:sloane.364	urn:cite:fufolioimg:BotCarCatesbyHS.Catesby_HS212_091_0414
urn:cite:botcar:sloane.366	urn:cite:fufolioimg:BotCarCatesbyHS.Catesby_HS212_093_0415
urn:cite:botcar:sloane.366	urn:cite:fufolioimg:BotCarCatesbyHS.Catesby_HS212_093_0415@0.435,0.0972,0.522,0.86
urn:cite:botcar:sloane.8	urn:cite:fufolioimg:BotCarCatesbyHS.Catesby_HS232_014_0642
urn:cite:botcar:sloane.21	urn:cite:fufolioimg:BotCarCatesbyHS.Catesby_HS232_036_0622
urn:cite:botcar:sloane.391	urn:cite:fufolioimg:BotCarCatesbyHS.Catesby_HS212_005_0503
urn:cite:botcar:sloane.391	urn:cite:fufolioimg:BotCarCatesbyHS.Catesby_HS212_005_0503@0.332,0.298,0.625,0.63
urn:cite:botcar:sloane.342	urn:cite:fufolioimg:BotCarCatesbyHS.Catesby_HS212_077_0425
urn:cite:botcar:sloane.342	urn:cite:fufolioimg:BotCarCatesbyHS.Catesby_HS212_077_0425@0.0714,0.0754,0.844,0.455
urn:cite:botcar:sloane.383	urn:cite:fufolioimg:BotCarCatesbyHS.Catesby_HS212_078_0433
urn:cite:botcar:sloane.383	urn:cite:fufolioimg:BotCarCatesbyHS.Catesby_HS212_078_0433@0.0744,0.558,0.734,0.383
urn:cite:botcar:sloane.4	urn:cite:fufolioimg:BotCarCatesbyHS.Catesby_HS212_078_0433
urn:cite:botcar:sloane.4	urn:cite:fufolioimg:BotCarCatesbyHS.Catesby_HS212_078_0433@0.0699,0.0645,0.836,0.598
urn:cite:botcar:sloane.175	urn:cite:fufolioimg:BotCarCatesbyHS.Catesby_HS212_081_0424
urn:cite:botcar:sloane.175	urn:cite:fufolioimg:BotCarCatesbyHS.Catesby_HS212_081_0424@0.0432,0.408,0.765,0.568
urn:cite:botcar:sloane.268	urn:cite:fufolioimg:BotCarCatesbyHS.Catesby_HS232_088_0566
urn:cite:botcar:sloane.233	urn:cite:fufolioimg:BotCarCatesbyHS.Catesby_HS232_091_0565
urn:cite:botcar:sloane.239	urn:cite:fufolioimg:BotCarCatesbyHS.Catesby_HS232_093_0567
urn:cite:botcar:sloane.420	urn:cite:fufolioimg:BotCarCatesbyHS.Catesby_HS232_096_0562
urn:cite:botcar:sloane.55	urn:cite:fufolioimg:BotCarCatesbyHS.Catesby_HS232_098_0558
urn:cite:botcar:sloane.373	urn:cite:fufolioimg:BotCarCatesbyHS.Catesby_HS232_105_0548
urn:cite:botcar:sloane.373	urn:cite:fufolioimg:BotCarCatesbyHS.Catesby_HS232_105_0548@0.534,0.113,0.274,0.685
urn:cite:botcar:sloane.125	urn:cite:fufolioimg:BotCarCatesbyHS.Catesby_HS232_128_0527
urn:cite:botcar:sloane.388	urn:cite:fufolioimg:BotCarCatesbyHS.Catesby_HS212_007_0504
urn:cite:botcar:sloane.388	urn:cite:fufolioimg:BotCarCatesbyHS.Catesby_HS212_007_0504@0.153,0.0833,0.375,0.666
urn:cite:botcar:sloane.355	urn:cite:fufolioimg:BotCarCatesbyHS.Catesby_HS212_087_0417
urn:cite:botcar:sloane.355	urn:cite:fufolioimg:BotCarCatesbyHS.Catesby_HS212_087_0417@0.667,0.525,0.262,0.434
urn:cite:botcar:sloane.97	urn:cite:fufolioimg:BotCarCatesbyHS.Catesby_HS232_110_0551
urn:cite:botcar:sloane.97	urn:cite:fufolioimg:BotCarCatesbyHS.Catesby_HS232_110_0551@0.44,0.185,0.287,0.658
urn:cite:botcar:sloane.238	urn:cite:fufolioimg:BotCarCatesbyHS.Catesby_HS212_004_0501
urn:cite:botcar:sloane.238	urn:cite:fufolioimg:BotCarCatesbyHS.Catesby_HS212_004_0501@0.318,0.282,0.646,0.612
urn:cite:botcar:sloane.63	urn:cite:fufolioimg:BotCarCatesbyHS.Catesby_HS212_016_0494
urn:cite:botcar:sloane.63	urn:cite:fufolioimg:BotCarCatesbyHS.Catesby_HS212_016_0494@0.421,0.0794,0.577,0.573
urn:cite:botcar:sloane.15	urn:cite:fufolioimg:BotCarCatesbyHS.Catesby_HS212_055_0465
urn:cite:botcar:sloane.15	urn:cite:fufolioimg:BotCarCatesbyHS.Catesby_HS212_055_0465@0.457,0.407,0.525,0.524
urn:cite:botcar:sloane.65	urn:cite:fufolioimg:BotCarCatesbyHS.Catesby_HS232_055_0601
urn:cite:botcar:sloane.65	urn:cite:fufolioimg:BotCarCatesbyHS.Catesby_HS232_055_0601@0.476,0.138,0.375,0.692
urn:cite:botcar:sloane.177	urn:cite:fufolioimg:BotCarCatesbyHS.Catesby_HS212_050_0469
urn:cite:botcar:sloane.177	urn:cite:fufolioimg:BotCarCatesbyHS.Catesby_HS212_050_0469@0.101,0.0516,0.899,0.532
urn:cite:botcar:sloane.197	urn:cite:fufolioimg:BotCarCatesbyHS.Catesby_HS232_076_0583
urn:cite:botcar:sloane.417	urn:cite:fufolioimg:BotCarCatesbyHS.Catesby_HS212_015_0496
urn:cite:botcar:sloane.417	urn:cite:fufolioimg:BotCarCatesbyHS.Catesby_HS212_015_0496@0.46,0.357,0.436,0.564
urn:cite:botcar:sloane.376	urn:cite:fufolioimg:BotCarCatesbyHS.Catesby_HS232_080_0577
urn:cite:botcar:sloane.117	urn:cite:fufolioimg:BotCarCatesbyHS.Catesby_HS212_003_0509
urn:cite:botcar:sloane.117	urn:cite:fufolioimg:BotCarCatesbyHS.Catesby_HS212_003_0509@0.132,0.0863,0.775,0.497
urn:cite:botcar:sloane.105	urn:cite:fufolioimg:BotCarCatesbyHS.Catesby_HS232_094_0560
urn:cite:botcar:sloane.180	urn:cite:fufolioimg:BotCarCatesbyHS.Catesby_HS232_097_0563
urn:cite:botcar:sloane.11	urn:cite:fufolioimg:BotCarCatesbyHS.Catesby_HS212_043_0464
urn:cite:botcar:sloane.11	urn:cite:fufolioimg:BotCarCatesbyHS.Catesby_HS212_043_0464@0.476,0.0645,0.265,0.662
urn:cite:botcar:sloane.411	urn:cite:fufolioimg:BotCarCatesbyHS.Catesby_HS232_103_0552
urn:cite:botcar:sloane.411	urn:cite:fufolioimg:BotCarCatesbyHS.Catesby_HS232_103_0552@0.524,0.195,0.304,0.607
urn:cite:botcar:sloane.26	urn:cite:fufolioimg:BotCarCatesbyHS.Catesby_HS232_121_0535
urn:cite:botcar:sloane.26	urn:cite:fufolioimg:BotCarCatesbyHS.Catesby_HS232_121_0535@0.0967,0.155,0.324,0.68
urn:cite:botcar:sloane.31	urn:cite:fufolioimg:BotCarCatesbyHS.Catesby_HS232_131_0525
urn:cite:botcar:sloane.31	urn:cite:fufolioimg:BotCarCatesbyHS.Catesby_HS232_131_0525@0.275,0.114,0.21,0.715
urn:cite:botcar:sloane.249	urn:cite:fufolioimg:BotCarCatesbyHS.Catesby_HS232_137_0519
urn:cite:botcar:sloane.249	urn:cite:fufolioimg:BotCarCatesbyHS.Catesby_HS232_137_0519@0.487,0.16,0.292,0.677
urn:cite:botcar:sloane.43	urn:cite:fufolioimg:BotCarCatesbyHS.Catesby_HS212_022_0484
urn:cite:botcar:sloane.43	urn:cite:fufolioimg:BotCarCatesbyHS.Catesby_HS212_022_0484@0.124,0.713,0.777,0.217
urn:cite:botcar:sloane.318	urn:cite:fufolioimg:BotCarCatesbyHS.Catesby_HS212_026_0487
urn:cite:botcar:sloane.318	urn:cite:fufolioimg:BotCarCatesbyHS.Catesby_HS212_026_0487@0.0923,0.278,0.458,0.667
urn:cite:botcar:sloane.85	urn:cite:fufolioimg:BotCarCatesbyHS.Catesby_HS212_027_0483
urn:cite:botcar:sloane.85	urn:cite:fufolioimg:BotCarCatesbyHS.Catesby_HS212_027_0483@0.527,0.27,0.442,0.692
urn:cite:botcar:sloane.207	urn:cite:fufolioimg:BotCarCatesbyHS.Catesby_HS212_029_0481
urn:cite:botcar:sloane.207	urn:cite:fufolioimg:BotCarCatesbyHS.Catesby_HS212_029_0481@0.634,0.0873,0.338,0.722
urn:cite:botcar:sloane.375	urn:cite:fufolioimg:BotCarCatesbyHS.Catesby_HS232_037_0618
urn:cite:botcar:sloane.375	urn:cite:fufolioimg:BotCarCatesbyHS.Catesby_HS232_037_0618@0.499,0.224,0.35,0.603
urn:cite:botcar:sloane.92	urn:cite:fufolioimg:BotCarCatesbyHS.Catesby_HS212_043_0464
urn:cite:botcar:sloane.92	urn:cite:fufolioimg:BotCarCatesbyHS.Catesby_HS212_043_0464@0.193,0.0585,0.332,0.902
urn:cite:botcar:sloane.209	urn:cite:fufolioimg:BotCarCatesbyHS.Catesby_HS212_048_0462
urn:cite:botcar:sloane.209	urn:cite:fufolioimg:BotCarCatesbyHS.Catesby_HS212_048_0462@0.0759,0.0486,0.862,0.65
urn:cite:botcar:sloane.17	urn:cite:fufolioimg:BotCarCatesbyHS.Catesby_HS212_055_0465
urn:cite:botcar:sloane.17	urn:cite:fufolioimg:BotCarCatesbyHS.Catesby_HS212_055_0465@0.49,0.0933,0.269,0.624
urn:cite:botcar:sloane.35	urn:cite:fufolioimg:BotCarCatesbyHS.Catesby_HS212_006_0499
urn:cite:botcar:sloane.35	urn:cite:fufolioimg:BotCarCatesbyHS.Catesby_HS212_006_0499@0.472,0.0923,0.503,0.594
urn:cite:botcar:sloane.235	urn:cite:fufolioimg:BotCarCatesbyHS.Catesby_HS212_062_0452
urn:cite:botcar:sloane.235	urn:cite:fufolioimg:BotCarCatesbyHS.Catesby_HS212_062_0452@0.85,0.14,0.107,0.608
urn:cite:botcar:sloane.42	urn:cite:fufolioimg:BotCarCatesbyHS.Catesby_HS212_063_0451
urn:cite:botcar:sloane.42	urn:cite:fufolioimg:BotCarCatesbyHS.Catesby_HS212_063_0451@0.679,0.23,0.296,0.342
urn:cite:botcar:sloane.162	urn:cite:fufolioimg:BotCarCatesbyHS.Catesby_HS212_074_0434
urn:cite:botcar:sloane.162	urn:cite:fufolioimg:BotCarCatesbyHS.Catesby_HS212_074_0434@0.362,0.209,0.253,0.688
urn:cite:botcar:sloane.126	urn:cite:fufolioimg:BotCarCatesbyHS.Catesby_HS232_075_0581
urn:cite:botcar:sloane.146	urn:cite:fufolioimg:BotCarCatesbyHS.Catesby_HS212_075_0427
urn:cite:botcar:sloane.146	urn:cite:fufolioimg:BotCarCatesbyHS.Catesby_HS212_075_0427@0.699,0.179,0.29,0.58
urn:cite:botcar:sloane.52	urn:cite:fufolioimg:BotCarCatesbyHS.Catesby_HS212_076_0426
urn:cite:botcar:sloane.52	urn:cite:fufolioimg:BotCarCatesbyHS.Catesby_HS212_076_0426@0.518,0.143,0.478,0.566
urn:cite:botcar:sloane.310	urn:cite:fufolioimg:BotCarCatesbyHS.Catesby_HS212_008_0506
urn:cite:botcar:sloane.310	urn:cite:fufolioimg:BotCarCatesbyHS.Catesby_HS212_008_0506@0.543,0.236,0.429,0.657
urn:cite:botcar:sloane.315	urn:cite:fufolioimg:BotCarCatesbyHS.Catesby_HS212_009_0502
urn:cite:botcar:sloane.315	urn:cite:fufolioimg:BotCarCatesbyHS.Catesby_HS212_009_0502@0.338,0.381,0.448,0.551
urn:cite:botcar:sloane.14	urn:cite:fufolioimg:BotCarCatesbyHS.Catesby_HS212_001_0507
urn:cite:botcar:sloane.14	urn:cite:fufolioimg:BotCarCatesbyHS.Catesby_HS212_001_0507@0.149,0.0933,0.804,0.517
urn:cite:botcar:sloane.113	urn:cite:fufolioimg:BotCarCatesbyHS.Catesby_HS232_035_0620
urn:cite:botcar:sloane.113	urn:cite:fufolioimg:BotCarCatesbyHS.Catesby_HS232_035_0620@0.162,0.237,0.436,0.613
urn:cite:botcar:sloane.296	urn:cite:fufolioimg:BotCarCatesbyHS.Catesby_HS232_050_0605
urn:cite:botcar:sloane.296	urn:cite:fufolioimg:BotCarCatesbyHS.Catesby_HS232_050_0605@0.185,0.429,0.531,0.454
urn:cite:botcar:sloane.182	urn:cite:fufolioimg:BotCarCatesbyHS.Catesby_HS232_048_0608
urn:cite:botcar:sloane.182	urn:cite:fufolioimg:BotCarCatesbyHS.Catesby_HS232_048_0608@0.363,0.128,0.324,0.735
urn:cite:botcar:sloane.48	urn:cite:fufolioimg:BotCarCatesbyHS.Catesby_HS232_068_0589
urn:cite:botcar:sloane.48	urn:cite:fufolioimg:BotCarCatesbyHS.Catesby_HS232_068_0589@0.0625,0.119,0.365,0.748
urn:cite:botcar:sloane.263	urn:cite:fufolioimg:BotCarCatesbyHS.Catesby_HS212_033_0472
urn:cite:botcar:sloane.263	urn:cite:fufolioimg:BotCarCatesbyHS.Catesby_HS212_033_0472@0.301,0.0317,0.39,0.933
urn:cite:botcar:sloane.224	urn:cite:fufolioimg:BotCarCatesbyHS.Catesby_HS212_026_0487
urn:cite:botcar:sloane.224	urn:cite:fufolioimg:BotCarCatesbyHS.Catesby_HS212_026_0487@0.446,0.296,0.49,0.634
urn:cite:botcar:sloane.389	urn:cite:fufolioimg:BotCarCatesbyHS.Catesby_HS212_080_0431
urn:cite:botcar:sloane.50	urn:cite:fufolioimg:BotCarCatesbyHS.Catesby_HS232_109_0550
urn:cite:botcar:sloane.352	urn:cite:fufolioimg:BotCarCatesbyHS.Catesby_HS212_050_0469
urn:cite:botcar:sloane.352	urn:cite:fufolioimg:BotCarCatesbyHS.Catesby_HS212_050_0469@0.0714,0.36,0.555,0.598
urn:cite:botcar:sloane.184	urn:cite:fufolioimg:BotCarCatesbyHS.Catesby_HS212_051_0468
urn:cite:botcar:sloane.184	urn:cite:fufolioimg:BotCarCatesbyHS.Catesby_HS212_051_0468@0.329,0.0575,0.469,0.637
urn:cite:botcar:sloane.127	urn:cite:fufolioimg:BotCarCatesbyHS.Catesby_HS212_069_0439
urn:cite:botcar:sloane.362	urn:cite:fufolioimg:BotCarCatesbyHS.Catesby_HS212_092_0418
urn:cite:botcar:sloane.362	urn:cite:fufolioimg:BotCarCatesbyHS.Catesby_HS212_092_0418@0.0625,0.138,0.257,0.847
urn:cite:botcar:sloane.255	urn:cite:fufolioimg:BotCarCatesbyHS.Catesby_HS232_127_0530
urn:cite:botcar:sloane.255	urn:cite:fufolioimg:BotCarCatesbyHS.Catesby_HS232_127_0530@0.134,0.174,0.29,0.683
urn:cite:botcar:sloane.270	urn:cite:fufolioimg:BotCarCatesbyHS.Catesby_HS212_029_0481
urn:cite:botcar:sloane.270	urn:cite:fufolioimg:BotCarCatesbyHS.Catesby_HS212_029_0481@0.384,0.0694,0.311,0.871
urn:cite:botcar:sloane.283	urn:cite:fufolioimg:BotCarCatesbyHS.Catesby_HS212_036_0475
urn:cite:botcar:sloane.283	urn:cite:fufolioimg:BotCarCatesbyHS.Catesby_HS212_036_0475@0.0506,0.0357,0.406,0.787
urn:cite:botcar:sloane.348	urn:cite:fufolioimg:BotCarCatesbyHS.Catesby_HS212_063_0451
urn:cite:botcar:sloane.348	urn:cite:fufolioimg:BotCarCatesbyHS.Catesby_HS212_063_0451@0.156,0.286,0.314,0.633
urn:cite:botcar:sloane.94	urn:cite:fufolioimg:BotCarCatesbyHS.Catesby_HS232_110_0551
urn:cite:botcar:sloane.94	urn:cite:fufolioimg:BotCarCatesbyHS.Catesby_HS232_110_0551@0.0506,0.112,0.397,0.789
urn:cite:botcar:sloane.397	urn:cite:fufolioimg:BotCarCatesbyHS.Catesby_HS232_134_0520
urn:cite:botcar:sloane.397	urn:cite:fufolioimg:BotCarCatesbyHS.Catesby_HS232_134_0520@0.143,0.182,0.315,0.66
urn:cite:botcar:sloane.258	urn:cite:fufolioimg:BotCarCatesbyHS.Catesby_HS212_043_0464
urn:cite:botcar:sloane.258	urn:cite:fufolioimg:BotCarCatesbyHS.Catesby_HS212_043_0464@0.0372,0.32,0.238,0.622
urn:cite:botcar:sloane.164	urn:cite:fufolioimg:BotCarCatesbyHS.Catesby_HS232_104_0557
urn:cite:botcar:sloane.73	urn:cite:fufolioimg:BotCarCatesbyHS.Catesby_HS212_021_0485
urn:cite:botcar:sloane.73	urn:cite:fufolioimg:BotCarCatesbyHS.Catesby_HS212_021_0485@0.11,0.0704,0.6,0.867
urn:cite:botcar:sloane.150	urn:cite:fufolioimg:BotCarCatesbyHS.Catesby_HS232_041_0617
urn:cite:botcar:sloane.150	urn:cite:fufolioimg:BotCarCatesbyHS.Catesby_HS232_041_0617@0.125,0.451,0.625,0.454
urn:cite:botcar:sloane.237	urn:cite:fufolioimg:BotCarCatesbyHS.Catesby_HS212_095_0409
urn:cite:botcar:sloane.237	urn:cite:fufolioimg:BotCarCatesbyHS.Catesby_HS212_095_0409@0.121,0.0645,0.781,0.522
urn:cite:botcar:sloane.308	urn:cite:fufolioimg:BotCarCatesbyHS.Catesby_HS232_092_0570
urn:cite:botcar:sloane.289	urn:cite:fufolioimg:BotCarCatesbyHS.Catesby_HS232_105_0548
urn:cite:botcar:sloane.289	urn:cite:fufolioimg:BotCarCatesbyHS.Catesby_HS232_105_0548@0.064,0.119,0.482,0.793
urn:cite:botcar:sloane.76	urn:cite:fufolioimg:BotCarCatesbyHS.Catesby_HS212_023_0489
urn:cite:botcar:sloane.76	urn:cite:fufolioimg:BotCarCatesbyHS.Catesby_HS212_023_0489@0.106,0.403,0.775,0.52
urn:cite:botcar:sloane.122	urn:cite:fufolioimg:BotCarCatesbyHS.Catesby_HS232_084_0574
urn:cite:botcar:sloane.169	urn:cite:fufolioimg:BotCarCatesbyHS.Catesby_HS232_052_0604
urn:cite:botcar:sloane.169	urn:cite:fufolioimg:BotCarCatesbyHS.Catesby_HS232_052_0604@0.53,0.12,0.327,0.77
urn:cite:botcar:sloane.130	urn:cite:fufolioimg:BotCarCatesbyHS.Catesby_HS212_003_0509
urn:cite:botcar:sloane.130	urn:cite:fufolioimg:BotCarCatesbyHS.Catesby_HS212_003_0509@0.146,0.476,0.81,0.431
urn:cite:botcar:sloane.111	urn:cite:fufolioimg:BotCarCatesbyHS.Catesby_HS212_067_0450
urn:cite:botcar:sloane.111	urn:cite:fufolioimg:BotCarCatesbyHS.Catesby_HS212_067_0450@0.189,0.514,0.497,0.397
urn:cite:botcar:sloane.68	urn:cite:fufolioimg:BotCarCatesbyHS.Catesby_HS212_077_0425
urn:cite:botcar:sloane.68	urn:cite:fufolioimg:BotCarCatesbyHS.Catesby_HS212_077_0425@0.0595,0.248,0.817,0.719
urn:cite:botcar:sloane.260	urn:cite:fufolioimg:BotCarCatesbyHS.Catesby_HS212_011_0500
urn:cite:botcar:sloane.260	urn:cite:fufolioimg:BotCarCatesbyHS.Catesby_HS212_011_0500@0.118,0.485,0.866,0.459
urn:cite:botcar:sloane.34	urn:cite:fufolioimg:BotCarCatesbyHS.Catesby_HS212_022_0484
urn:cite:botcar:sloane.34	urn:cite:fufolioimg:BotCarCatesbyHS.Catesby_HS212_022_0484@0.135,0.0675,0.801,0.651
urn:cite:botcar:sloane.152	urn:cite:fufolioimg:BotCarCatesbyHS.Catesby_HS232_115_0541
urn:cite:botcar:sloane.152	urn:cite:fufolioimg:BotCarCatesbyHS.Catesby_HS232_115_0541@0.473,0.0982,0.292,0.742
urn:cite:botcar:sloane.275	urn:cite:fufolioimg:BotCarCatesbyHS.Catesby_HS232_044_0610
urn:cite:botcar:sloane.275	urn:cite:fufolioimg:BotCarCatesbyHS.Catesby_HS232_044_0610@0.168,0.141,0.313,0.717
urn:cite:botcar:sloane.171	urn:cite:fufolioimg:BotCarCatesbyHS.Catesby_HS212_047_0470
urn:cite:botcar:sloane.171	urn:cite:fufolioimg:BotCarCatesbyHS.Catesby_HS212_047_0470@0.0565,0.235,0.515,0.733
urn:cite:botcar:sloane.301	urn:cite:fufolioimg:BotCarCatesbyHS.Catesby_HS212_052_0467
urn:cite:botcar:sloane.301	urn:cite:fufolioimg:BotCarCatesbyHS.Catesby_HS212_052_0467@0.109,0.0665,0.558,0.897
urn:cite:botcar:sloane.30	urn:cite:fufolioimg:BotCarCatesbyHS.Catesby_HS212_052_0467
urn:cite:botcar:sloane.30	urn:cite:fufolioimg:BotCarCatesbyHS.Catesby_HS212_052_0467@0.564,0.0952,0.433,0.863
urn:cite:botcar:sloane.77	urn:cite:fufolioimg:BotCarCatesbyHS.Catesby_HS212_055_0465
urn:cite:botcar:sloane.77	urn:cite:fufolioimg:BotCarCatesbyHS.Catesby_HS212_055_0465@0.0967,0.0605,0.246,0.877
urn:cite:botcar:sloane.46	urn:cite:fufolioimg:BotCarCatesbyHS.Catesby_HS212_056_0466
urn:cite:botcar:sloane.46	urn:cite:fufolioimg:BotCarCatesbyHS.Catesby_HS212_056_0466@0.719,0.112,0.268,0.811
urn:cite:botcar:sloane.277	urn:cite:fufolioimg:BotCarCatesbyHS.Catesby_HS212_090_0421
urn:cite:botcar:sloane.277	urn:cite:fufolioimg:BotCarCatesbyHS.Catesby_HS212_090_0421@0.365,0.355,0.307,0.584
urn:cite:botcar:sloane.107	urn:cite:fufolioimg:BotCarCatesbyHS.Catesby_HS232_126_0529
urn:cite:botcar:sloane.359	urn:cite:fufolioimg:BotCarCatesbyHS.Catesby_HS212_019_0491
urn:cite:botcar:sloane.359	urn:cite:fufolioimg:BotCarCatesbyHS.Catesby_HS212_019_0491@0.265,0.727,0.661,0.188
urn:cite:botcar:sloane.392	urn:cite:fufolioimg:BotCarCatesbyHS.Catesby_HS212_019_0491
urn:cite:botcar:sloane.392	urn:cite:fufolioimg:BotCarCatesbyHS.Catesby_HS212_019_0491@0.0833,0.483,0.263,0.455
urn:cite:botcar:sloane.143	urn:cite:fufolioimg:BotCarCatesbyHS.Catesby_HS212_072_0428
urn:cite:botcar:sloane.143	urn:cite:fufolioimg:BotCarCatesbyHS.Catesby_HS212_072_0428@0.533,0.22,0.457,0.648
urn:cite:botcar:sloane.187	urn:cite:fufolioimg:BotCarCatesbyHS.Catesby_HS212_073_0435
urn:cite:botcar:sloane.187	urn:cite:fufolioimg:BotCarCatesbyHS.Catesby_HS212_073_0435@0.601,0.136,0.39,0.591
urn:cite:botcar:sloane.230	urn:cite:fufolioimg:BotCarCatesbyHS.Catesby_HS232_078_0576
urn:cite:botcar:sloane.230	urn:cite:fufolioimg:BotCarCatesbyHS.Catesby_HS232_078_0576@0.147,0.435,0.652,0.388
urn:cite:botcar:sloane.269	urn:cite:fufolioimg:BotCarCatesbyHS.Catesby_HS232_099_0554
urn:cite:botcar:sloane.148	urn:cite:fufolioimg:BotCarCatesbyHS.Catesby_HS212_073_0435
urn:cite:botcar:sloane.148	urn:cite:fufolioimg:BotCarCatesbyHS.Catesby_HS212_073_0435@0.199,0.119,0.488,0.774
urn:cite:botcar:sloane.236	urn:cite:fufolioimg:BotCarCatesbyHS.Catesby_HS232_077_0582
urn:cite:botcar:sloane.236	urn:cite:fufolioimg:BotCarCatesbyHS.Catesby_HS232_077_0582@0.0952,0.214,0.484,0.651
urn:cite:botcar:sloane.208	urn:cite:fufolioimg:BotCarCatesbyHS.Catesby_HS212_047_0470
urn:cite:botcar:sloane.208	urn:cite:fufolioimg:BotCarCatesbyHS.Catesby_HS212_047_0470@0.107,0.0466,0.196,0.307
urn:cite:botcar:sloane.421	urn:cite:fufolioimg:BotCarCatesbyHS.Catesby_HS212_068_0449
urn:cite:botcar:sloane.336	urn:cite:fufolioimg:BotCarCatesbyHS.Catesby_HS232_103_0552
urn:cite:botcar:sloane.336	urn:cite:fufolioimg:BotCarCatesbyHS.Catesby_HS232_103_0552@0.277,0.128,0.26,0.78
urn:cite:botcar:sloane.78	urn:cite:fufolioimg:BotCarCatesbyHS.Catesby_HS232_103_0552
urn:cite:botcar:sloane.78	urn:cite:fufolioimg:BotCarCatesbyHS.Catesby_HS232_103_0552@0.109,0.149,0.223,0.683
urn:cite:botcar:sloane.90	urn:cite:fufolioimg:BotCarCatesbyHS.Catesby_HS232_117_0540
urn:cite:botcar:sloane.90	urn:cite:fufolioimg:BotCarCatesbyHS.Catesby_HS232_117_0540@0.177,0.209,0.249,0.621
urn:cite:botcar:sloane.36	urn:cite:fufolioimg:BotCarCatesbyHS.Catesby_HS232_030_0623
urn:cite:botcar:sloane.36	urn:cite:fufolioimg:BotCarCatesbyHS.Catesby_HS232_030_0623@0.64,0.246,0.125,0.528
urn:cite:botcar:sloane.205	urn:cite:fufolioimg:BotCarCatesbyHS.Catesby_HS212_044_0463
urn:cite:botcar:sloane.205	urn:cite:fufolioimg:BotCarCatesbyHS.Catesby_HS212_044_0463@0.384,0.0466,0.228,0.907
urn:cite:botcar:sloane.51	urn:cite:fufolioimg:BotCarCatesbyHS.Catesby_HS212_044_0463
urn:cite:botcar:sloane.51	urn:cite:fufolioimg:BotCarCatesbyHS.Catesby_HS212_044_0463@0.595,0.0635,0.205,0.672
urn:cite:botcar:sloane.240	urn:cite:fufolioimg:BotCarCatesbyHS.Catesby_HS212_044_0463
urn:cite:botcar:sloane.240	urn:cite:fufolioimg:BotCarCatesbyHS.Catesby_HS212_044_0463@0.738,0.108,0.237,0.84
urn:cite:botcar:sloane.247	urn:cite:fufolioimg:BotCarCatesbyHS.Catesby_HS212_045_0454
urn:cite:botcar:sloane.247	urn:cite:fufolioimg:BotCarCatesbyHS.Catesby_HS212_045_0454@0.445,0.309,0.295,0.643
urn:cite:botcar:sloane.218	urn:cite:fufolioimg:BotCarCatesbyHS.Catesby_HS232_056_0602
urn:cite:botcar:sloane.218	urn:cite:fufolioimg:BotCarCatesbyHS.Catesby_HS232_056_0602@0.217,0.0456,0.384,0.707
urn:cite:botcar:sloane.357	urn:cite:fufolioimg:BotCarCatesbyHS.Catesby_HS232_061_0596
urn:cite:botcar:sloane.357	urn:cite:fufolioimg:BotCarCatesbyHS.Catesby_HS232_061_0596@0.161,0.0675,0.25,0.218
urn:cite:botcar:sloane.303	urn:cite:fufolioimg:BotCarCatesbyHS.Catesby_HS232_061_0596
urn:cite:botcar:sloane.303	urn:cite:fufolioimg:BotCarCatesbyHS.Catesby_HS232_061_0596@0.292,0.31,0.0908,0.188
urn:cite:botcar:sloane.340	urn:cite:fufolioimg:BotCarCatesbyHS.Catesby_HS212_082_0423
urn:cite:botcar:sloane.340	urn:cite:fufolioimg:BotCarCatesbyHS.Catesby_HS212_082_0423@0.0491,0.0813,0.393,0.881
urn:cite:botcar:sloane.330	urn:cite:fufolioimg:BotCarCatesbyHS.Catesby_HS212_083_0430
urn:cite:botcar:sloane.330	urn:cite:fufolioimg:BotCarCatesbyHS.Catesby_HS212_083_0430@0.201,0.102,0.153,0.682
urn:cite:botcar:sloane.248	urn:cite:fufolioimg:BotCarCatesbyHS.Catesby_HS212_083_0430
urn:cite:botcar:sloane.248	urn:cite:fufolioimg:BotCarCatesbyHS.Catesby_HS212_083_0430@0.33,0.374,0.167,0.596
urn:cite:botcar:sloane.156	urn:cite:fufolioimg:BotCarCatesbyHS.Catesby_HS212_084_0429
urn:cite:botcar:sloane.156	urn:cite:fufolioimg:BotCarCatesbyHS.Catesby_HS212_084_0429@0.0491,0.0843,0.393,0.887
urn:cite:botcar:sloane.60	urn:cite:fufolioimg:BotCarCatesbyHS.Catesby_HS212_085_0420
urn:cite:botcar:sloane.60	urn:cite:fufolioimg:BotCarCatesbyHS.Catesby_HS212_085_0420@0.42,0.118,0.351,0.859
urn:cite:botcar:sloane.382	urn:cite:fufolioimg:BotCarCatesbyHS.Catesby_HS212_085_0420
urn:cite:botcar:sloane.382	urn:cite:fufolioimg:BotCarCatesbyHS.Catesby_HS212_085_0420@0.058,0.0744,0.467,0.905
urn:cite:botcar:sloane.400	urn:cite:fufolioimg:BotCarCatesbyHS.Catesby_HS212_085_0420
urn:cite:botcar:sloane.400	urn:cite:fufolioimg:BotCarCatesbyHS.Catesby_HS212_085_0420@0.746,0.231,0.186,0.724
urn:cite:botcar:sloane.279	urn:cite:fufolioimg:BotCarCatesbyHS.Catesby_HS212_086_0422
urn:cite:botcar:sloane.279	urn:cite:fufolioimg:BotCarCatesbyHS.Catesby_HS212_086_0422@0.357,0.0923,0.408,0.865
urn:cite:botcar:sloane.106	urn:cite:fufolioimg:BotCarCatesbyHS.Catesby_HS212_086_0422
urn:cite:botcar:sloane.106	urn:cite:fufolioimg:BotCarCatesbyHS.Catesby_HS212_086_0422@0.644,0.216,0.277,0.742
urn:cite:botcar:sloane.1	urn:cite:fufolioimg:BotCarCatesbyHS.Catesby_HS212_087_0417
urn:cite:botcar:sloane.1	urn:cite:fufolioimg:BotCarCatesbyHS.Catesby_HS212_087_0417@0.0655,0.0595,0.485,0.915
urn:cite:botcar:sloane.401	urn:cite:fufolioimg:BotCarCatesbyHS.Catesby_HS212_088_0419
urn:cite:botcar:sloane.401	urn:cite:fufolioimg:BotCarCatesbyHS.Catesby_HS212_088_0419@0.0521,0.0516,0.499,0.938
urn:cite:botcar:sloane.332	urn:cite:fufolioimg:BotCarCatesbyHS.Catesby_HS212_041_0456
urn:cite:botcar:sloane.332	urn:cite:fufolioimg:BotCarCatesbyHS.Catesby_HS212_041_0456@0.321,0.682,0.628,0.278
urn:cite:botcar:sloane.300	urn:cite:fufolioimg:BotCarCatesbyHS.Catesby_HS232_131_0525
urn:cite:botcar:sloane.300	urn:cite:fufolioimg:BotCarCatesbyHS.Catesby_HS232_131_0525@0.103,0.159,0.234,0.713
urn:cite:botcar:sloane.195	urn:cite:fufolioimg:BotCarCatesbyHS.Catesby_HS212_062_0452
urn:cite:botcar:sloane.195	urn:cite:fufolioimg:BotCarCatesbyHS.Catesby_HS212_062_0452@0.557,0.155,0.305,0.701
urn:cite:botcar:sloane.153	urn:cite:fufolioimg:BotCarCatesbyHS.Catesby_HS232_118_0534
urn:cite:botcar:sloane.53	urn:cite:fufolioimg:BotCarCatesbyHS.Catesby_HS232_124_0531
urn:cite:botcar:sloane.74	urn:cite:fufolioimg:BotCarCatesbyHS.Catesby_HS212_021_0485
urn:cite:botcar:sloane.74	urn:cite:fufolioimg:BotCarCatesbyHS.Catesby_HS212_021_0485@0.546,0.507,0.427,0.418
urn:cite:botcar:sloane.6	urn:cite:fufolioimg:BotCarCatesbyHS.Catesby_HS232_030_0623
urn:cite:botcar:sloane.6	urn:cite:fufolioimg:BotCarCatesbyHS.Catesby_HS232_030_0623@0.173,0.217,0.24,0.496
urn:cite:botcar:sloane.294	urn:cite:fufolioimg:BotCarCatesbyHS.Catesby_HS212_031_0474
urn:cite:botcar:sloane.294	urn:cite:fufolioimg:BotCarCatesbyHS.Catesby_HS212_031_0474@0.375,0.0675,0.501,0.556
urn:cite:botcar:sloane.200	urn:cite:fufolioimg:BotCarCatesbyHS.Catesby_HS212_049_0461
urn:cite:botcar:sloane.200	urn:cite:fufolioimg:BotCarCatesbyHS.Catesby_HS212_049_0461@0.0833,0.0635,0.439,0.905
urn:cite:botcar:sloane.339	urn:cite:fufolioimg:BotCarCatesbyHS.Catesby_HS212_058b_0453
urn:cite:botcar:sloane.339	urn:cite:fufolioimg:BotCarCatesbyHS.Catesby_HS212_058b_0453@0.482,0.11,0.494,0.311
urn:cite:botcar:sloane.121	urn:cite:fufolioimg:BotCarCatesbyHS.Catesby_HS212_059_0446
urn:cite:botcar:sloane.121	urn:cite:fufolioimg:BotCarCatesbyHS.Catesby_HS212_059_0446@0.107,0.306,0.47,0.611
urn:cite:botcar:sloane.371	urn:cite:fufolioimg:BotCarCatesbyHS.Catesby_HS232_068_0589
urn:cite:botcar:sloane.371	urn:cite:fufolioimg:BotCarCatesbyHS.Catesby_HS232_068_0589@0.359,0.114,0.25,0.649
urn:cite:botcar:sloane.166	urn:cite:fufolioimg:BotCarCatesbyHS.Catesby_HS232_101_0553
urn:cite:botcar:sloane.131	urn:cite:fufolioimg:BotCarCatesbyHS.Catesby_HS232_039_0616
urn:cite:botcar:sloane.67	urn:cite:fufolioimg:BotCarCatesbyHS.Catesby_HS232_043_0615
urn:cite:botcar:sloane.59	urn:cite:fufolioimg:BotCarCatesbyHS.Catesby_HS232_062_0595
urn:cite:botcar:sloane.406	urn:cite:fufolioimg:BotCarCatesbyHS.Catesby_HS212_019_0491
urn:cite:botcar:sloane.406	urn:cite:fufolioimg:BotCarCatesbyHS.Catesby_HS212_019_0491@0.115,0.0615,0.332,0.631
urn:cite:botcar:sloane.151	urn:cite:fufolioimg:BotCarCatesbyHS.Catesby_HS232_067_0591
urn:cite:botcar:sloane.98	urn:cite:fufolioimg:BotCarCatesbyHS.Catesby_HS212_018_0492
urn:cite:botcar:sloane.98	urn:cite:fufolioimg:BotCarCatesbyHS.Catesby_HS212_018_0492@0.228,0.0685,0.359,0.66
urn:cite:botcar:sloane.147	urn:cite:fufolioimg:BotCarCatesbyHS.Catesby_HS212_036_0475
urn:cite:botcar:sloane.147	urn:cite:fufolioimg:BotCarCatesbyHS.Catesby_HS212_036_0475@0.363,0.237,0.461,0.731
urn:cite:botcar:sloane.144	urn:cite:fufolioimg:BotCarCatesbyHS.Catesby_HS212_037_0478
urn:cite:botcar:sloane.144	urn:cite:fufolioimg:BotCarCatesbyHS.Catesby_HS212_037_0478@0.0551,0.236,0.435,0.764
urn:cite:botcar:sloane.29	urn:cite:fufolioimg:BotCarCatesbyHS.Catesby_HS232_122_0536
urn:cite:botcar:sloane.29	urn:cite:fufolioimg:BotCarCatesbyHS.Catesby_HS232_122_0536@0.329,0.368,0.353,0.334
urn:cite:botcar:sloane.40	urn:cite:fufolioimg:BotCarCatesbyHS.Catesby_HS212_029_0481
urn:cite:botcar:sloane.40	urn:cite:fufolioimg:BotCarCatesbyHS.Catesby_HS212_029_0481@0.0804,0.205,0.345,0.769
urn:cite:botcar:sloane.136	urn:cite:fufolioimg:BotCarCatesbyHS.Catesby_HS212_056_0466
urn:cite:botcar:sloane.136	urn:cite:fufolioimg:BotCarCatesbyHS.Catesby_HS212_056_0466@0.119,0.1,0.326,0.541
urn:cite:botcar:sloane.430	urn:cite:fufolioimg:BotCarCatesbyHS.Catesby_HS212_059_0446
urn:cite:botcar:sloane.430	urn:cite:fufolioimg:BotCarCatesbyHS.Catesby_HS212_059_0446@0.327,0.106,0.168,0.673
urn:cite:botcar:sloane.196	urn:cite:fufolioimg:BotCarCatesbyHS.Catesby_HS232_061_0596
urn:cite:botcar:sloane.196	urn:cite:fufolioimg:BotCarCatesbyHS.Catesby_HS232_061_0596@0.405,0.341,0.193,0.175
urn:cite:botcar:sloane.221	urn:cite:fufolioimg:BotCarCatesbyHS.Catesby_HS212_063_0451
urn:cite:botcar:sloane.221	urn:cite:fufolioimg:BotCarCatesbyHS.Catesby_HS212_063_0451@0.443,0.15,0.476,0.751
urn:cite:botcar:sloane.265	urn:cite:fufolioimg:BotCarCatesbyHS.Catesby_HS212_035_0480
urn:cite:botcar:sloane.265	urn:cite:fufolioimg:BotCarCatesbyHS.Catesby_HS212_035_0480@0.193,0.264,0.393,0.688
urn:cite:botcar:sloane.214	urn:cite:fufolioimg:BotCarCatesbyHS.Catesby_HS232_061_0596
urn:cite:botcar:sloane.214	urn:cite:fufolioimg:BotCarCatesbyHS.Catesby_HS232_061_0596@0.47,0.567,0.161,0.0893
urn:cite:botcar:sloane.349	urn:cite:fufolioimg:BotCarCatesbyHS.Catesby_HS232_068_0589
urn:cite:botcar:sloane.349	urn:cite:fufolioimg:BotCarCatesbyHS.Catesby_HS232_068_0589@0.604,0.2,0.243,0.483
urn:cite:botcar:sloane.165	urn:cite:fufolioimg:BotCarCatesbyHS.Catesby_HS212_076_0426
urn:cite:botcar:sloane.165	urn:cite:fufolioimg:BotCarCatesbyHS.Catesby_HS212_076_0426@0.204,0.351,0.515,0.526
urn:cite:botcar:sloane.261	urn:cite:fufolioimg:BotCarCatesbyHS.Catesby_HS212_012_0493
urn:cite:botcar:sloane.261	urn:cite:fufolioimg:BotCarCatesbyHS.Catesby_HS212_012_0493@0.104,0.0615,0.399,0.898
urn:cite:botcar:sloane.354	urn:cite:fufolioimg:BotCarCatesbyHS.Catesby_HS232_125_0532
urn:cite:botcar:sloane.402	urn:cite:fufolioimg:BotCarCatesbyHS.Catesby_HS212_015_0496
urn:cite:botcar:sloane.402	urn:cite:fufolioimg:BotCarCatesbyHS.Catesby_HS212_015_0496@0.0818,0.444,0.283,0.507
urn:cite:botcar:sloane.163	urn:cite:fufolioimg:BotCarCatesbyHS.Catesby_HS212_023_0489
urn:cite:botcar:sloane.163	urn:cite:fufolioimg:BotCarCatesbyHS.Catesby_HS212_023_0489@0.132,0.0645,0.549,0.535
urn:cite:botcar:sloane.276	urn:cite:fufolioimg:BotCarCatesbyHS.Catesby_HS212_056_0466
urn:cite:botcar:sloane.276	urn:cite:fufolioimg:BotCarCatesbyHS.Catesby_HS212_056_0466@0.466,0.282,0.357,0.649
urn:cite:botcar:sloane.139	urn:cite:fufolioimg:BotCarCatesbyHS.Catesby_HS232_059_0598
urn:cite:botcar:sloane.139	urn:cite:fufolioimg:BotCarCatesbyHS.Catesby_HS232_059_0598@0.219,0.101,0.6,0.508
urn:cite:botcar:sloane.297	urn:cite:fufolioimg:BotCarCatesbyHS.Catesby_HS212_032_0476
urn:cite:botcar:sloane.297	urn:cite:fufolioimg:BotCarCatesbyHS.Catesby_HS212_032_0476@0.278,0.0754,0.673,0.75
urn:cite:botcar:sloane.118	urn:cite:fufolioimg:BotCarCatesbyHS.Catesby_HS212_060_0445
urn:cite:botcar:sloane.118	urn:cite:fufolioimg:BotCarCatesbyHS.Catesby_HS212_060_0445@0.522,0.109,0.438,0.582
urn:cite:botcar:sloane.426	urn:cite:fufolioimg:BotCarCatesbyHS.Catesby_HS212_060_0445
urn:cite:botcar:sloane.426	urn:cite:fufolioimg:BotCarCatesbyHS.Catesby_HS212_060_0445@0.327,0.112,0.277,0.591
urn:cite:botcar:sloane.415	urn:cite:fufolioimg:BotCarCatesbyHS.Catesby_HS232_053_0607
urn:cite:botcar:sloane.174	urn:cite:fufolioimg:BotCarCatesbyHS.Catesby_HS212_066_0440
urn:cite:botcar:sloane.174	urn:cite:fufolioimg:BotCarCatesbyHS.Catesby_HS212_066_0440@0.161,0.0962,0.527,0.563
urn:cite:botcar:sloane.120	urn:cite:fufolioimg:BotCarCatesbyHS.Catesby_HS232_086_0564
urn:cite:botcar:sloane.120	urn:cite:fufolioimg:BotCarCatesbyHS.Catesby_HS232_086_0564@0.39,0.322,0.436,0.306
urn:cite:botcar:sloane.302	urn:cite:fufolioimg:BotCarCatesbyHS.Catesby_HS212_011_0500
urn:cite:botcar:sloane.302	urn:cite:fufolioimg:BotCarCatesbyHS.Catesby_HS212_011_0500@0.125,0.0506,0.872,0.493
urn:cite:botcar:sloane.172	urn:cite:fufolioimg:BotCarCatesbyHS.Catesby_HS232_052_0604
urn:cite:botcar:sloane.172	urn:cite:fufolioimg:BotCarCatesbyHS.Catesby_HS232_052_0604@0.152,0.237,0.378,0.582
urn:cite:botcar:sloane.422	urn:cite:fufolioimg:BotCarCatesbyHS.Catesby_HS212_012_0493
urn:cite:botcar:sloane.422	urn:cite:fufolioimg:BotCarCatesbyHS.Catesby_HS212_012_0493@0.423,0.2,0.549,0.715
urn:cite:botcar:sloane.372	urn:cite:fufolioimg:BotCarCatesbyHS.Catesby_HS212_014_0498
urn:cite:botcar:sloane.345	urn:cite:fufolioimg:BotCarCatesbyHS.Catesby_HS232_032_0629
urn:cite:botcar:sloane.72	urn:cite:fufolioimg:BotCarCatesbyHS.Catesby_HS212_020_0490
urn:cite:botcar:sloane.72	urn:cite:fufolioimg:BotCarCatesbyHS.Catesby_HS212_020_0490@0.585,0.208,0.385,0.66
urn:cite:botcar:sloane.75	urn:cite:fufolioimg:BotCarCatesbyHS.Catesby_HS212_021_0485
urn:cite:botcar:sloane.75	urn:cite:fufolioimg:BotCarCatesbyHS.Catesby_HS212_021_0485@0.583,0.0833,0.381,0.406
urn:cite:botcar:sloane.253	urn:cite:fufolioimg:BotCarCatesbyHS.Catesby_HS212_045_0454
urn:cite:botcar:sloane.253	urn:cite:fufolioimg:BotCarCatesbyHS.Catesby_HS212_045_0454@0.591,0.294,0.403,0.652
urn:cite:botcar:sloane.89	urn:cite:fufolioimg:BotCarCatesbyHS.Catesby_HS212_047_0470
urn:cite:botcar:sloane.89	urn:cite:fufolioimg:BotCarCatesbyHS.Catesby_HS212_047_0470@0.473,0.397,0.254,0.506
urn:cite:botcar:sloane.396	urn:cite:fufolioimg:BotCarCatesbyHS.Catesby_HS232_082_0575
urn:cite:botcar:sloane.410	urn:cite:fufolioimg:BotCarCatesbyHS.Catesby_HS212_041_0456
urn:cite:botcar:sloane.410	urn:cite:fufolioimg:BotCarCatesbyHS.Catesby_HS212_041_0456@0.362,0.344,0.369,0.348
urn:cite:botcar:sloane.114	urn:cite:fufolioimg:BotCarCatesbyHS.Catesby_HS232_031_0630
urn:cite:botcar:sloane.16	urn:cite:fufolioimg:BotCarCatesbyHS.Catesby_HS212_095_0409
urn:cite:botcar:sloane.16	urn:cite:fufolioimg:BotCarCatesbyHS.Catesby_HS212_095_0409@0.315,0.407,0.503,0.542
urn:cite:botcar:sloane.251	urn:cite:fufolioimg:BotCarCatesbyHS.Catesby_HS212_046_0471
urn:cite:botcar:sloane.101	urn:cite:fufolioimg:BotCarCatesbyHS.Catesby_HS212_016_0494
urn:cite:botcar:sloane.101	urn:cite:fufolioimg:BotCarCatesbyHS.Catesby_HS212_016_0494@0.501,0.603,0.452,0.33
urn:cite:botcar:sloane.161	urn:cite:fufolioimg:BotCarCatesbyHS.Catesby_HS232_136_0522
urn:cite:botcar:sloane.262	urn:cite:fufolioimg:BotCarCatesbyHS.Catesby_HS212_013_0497
urn:cite:botcar:sloane.262	urn:cite:fufolioimg:BotCarCatesbyHS.Catesby_HS212_013_0497@0.0848,0.534,0.759,0.414
urn:cite:botcar:sloane.95	urn:cite:fufolioimg:BotCarCatesbyHS.Catesby_HS232_050_0605
urn:cite:botcar:sloane.95	urn:cite:fufolioimg:BotCarCatesbyHS.Catesby_HS232_050_0605@0.265,0.0744,0.586,0.536
urn:cite:botcar:sloane.119	urn:cite:fufolioimg:BotCarCatesbyHS.Catesby_HS232_078_0576
urn:cite:botcar:sloane.119	urn:cite:fufolioimg:BotCarCatesbyHS.Catesby_HS232_078_0576@0.205,0.0893,0.579,0.379
urn:cite:botcar:sloane.212	urn:cite:fufolioimg:BotCarCatesbyHS.Catesby_HS232_117_0540
urn:cite:botcar:sloane.212	urn:cite:fufolioimg:BotCarCatesbyHS.Catesby_HS232_117_0540@0.415,0.173,0.414,0.593
urn:cite:botcar:sloane.7	urn:cite:fufolioimg:BotCarCatesbyHS.Catesby_HS212_059_0446
urn:cite:botcar:sloane.7	urn:cite:fufolioimg:BotCarCatesbyHS.Catesby_HS212_059_0446@0.335,0.478,0.427,0.433
urn:cite:botcar:sloane.322	urn:cite:fufolioimg:BotCarCatesbyHS.Catesby_HS212_059_0446
urn:cite:botcar:sloane.322	urn:cite:fufolioimg:BotCarCatesbyHS.Catesby_HS212_059_0446@0.61,0.601,0.375,0.305
urn:cite:botcar:sloane.137	urn:cite:fufolioimg:BotCarCatesbyHS.Catesby_HS212_070_0443
urn:cite:botcar:sloane.203	urn:cite:fufolioimg:BotCarCatesbyHS.Catesby_HS232_071_0587
urn:cite:botcar:sloane.191	urn:cite:fufolioimg:BotCarCatesbyHS.Catesby_HS212_022_0484
urn:cite:botcar:sloane.191	urn:cite:fufolioimg:BotCarCatesbyHS.Catesby_HS212_022_0484@0.134,0.558,0.754,0.261
urn:cite:botcar:sloane.358	urn:cite:fufolioimg:BotCarCatesbyHS.Catesby_HS212_058a_0436
urn:cite:botcar:sloane.358	urn:cite:fufolioimg:BotCarCatesbyHS.Catesby_HS212_058a_0436@0.583,0.533,0.204,0.369
urn:cite:botcar:sloane.9	urn:cite:fufolioimg:BotCarCatesbyHS.Catesby_HS212_093_0415
urn:cite:botcar:sloane.9	urn:cite:fufolioimg:BotCarCatesbyHS.Catesby_HS212_093_0415@0.0685,0.0972,0.53,0.87
urn:cite:botcar:sloane.132	urn:cite:fufolioimg:BotCarCatesbyHS.Catesby_HS212_034_0477
urn:cite:botcar:sloane.132	urn:cite:fufolioimg:BotCarCatesbyHS.Catesby_HS212_034_0477@0.685,0.513,0.228,0.439
urn:cite:botcar:sloane.432	urn:cite:fufolioimg:BotCarCatesbyHS.Catesby_HS212_059_0446
urn:cite:botcar:sloane.432	urn:cite:fufolioimg:BotCarCatesbyHS.Catesby_HS212_059_0446@0.488,0.128,0.479,0.472
urn:cite:botcar:sloane.135	urn:cite:fufolioimg:BotCarCatesbyHS.Catesby_HS232_059_0598
urn:cite:botcar:sloane.135	urn:cite:fufolioimg:BotCarCatesbyHS.Catesby_HS232_059_0598@0.228,0.579,0.478,0.222
urn:cite:botcar:sloane.226	urn:cite:fufolioimg:BotCarCatesbyHS.Catesby_HS232_087_0569
urn:cite:botcar:sloane.418	urn:cite:fufolioimg:BotCarCatesbyHS.Catesby_HS212_042_0455
urn:cite:botcar:sloane.418	urn:cite:fufolioimg:BotCarCatesbyHS.Catesby_HS212_042_0455@0.388,0.0575,0.583,0.908
