labelURN	specimenURN
urn:cite:botcar:catesbyLabels.penLabel94.1	urn:cite:botcar:sloane.94
urn:cite:botcar:catesbyLabels.penLabel370.1	urn:cite:botcar:sloane.370
urn:cite:botcar:catesbyLabels.penLabel92.1	urn:cite:botcar:sloane.92
urn:cite:botcar:catesbyLabels.penLabel284.1	urn:cite:botcar:sloane.284
urn:cite:botcar:catesbyLabels.penLabel423.1	urn:cite:botcar:sloane.423
urn:cite:botcar:catesbyLabels.penLabel62.1	urn:cite:botcar:sloane.62
urn:cite:botcar:catesbyLabels.penLabel316.1	urn:cite:botcar:sloane.316
urn:cite:botcar:catesbyLabels.penLabel228.1	urn:cite:botcar:sloane.228
urn:cite:botcar:catesbyLabels.penLabel209.1	urn:cite:botcar:sloane.209
urn:cite:botcar:catesbyLabels.penLabel302.1	urn:cite:botcar:sloane.302
urn:cite:botcar:catesbyLabels.penLabel91.1	urn:cite:botcar:sloane.91
urn:cite:botcar:catesbyLabels.penLabel138.1	urn:cite:botcar:sloane.138
urn:cite:botcar:catesbyLabels.penLabel287.1	urn:cite:botcar:sloane.287
urn:cite:botcar:catesbyLabels.penLabel222.1	urn:cite:botcar:sloane.222
urn:cite:botcar:catesbyLabels.penLabel177.1	urn:cite:botcar:sloane.177
urn:cite:botcar:catesbyLabels.penLabel241.1	urn:cite:botcar:sloane.241
urn:cite:botcar:catesbyLabels.penLabel244.1	urn:cite:botcar:sloane.244
urn:cite:botcar:catesbyLabels.penLabel318.1	urn:cite:botcar:sloane.318
urn:cite:botcar:catesbyLabels.penLabel20.1	urn:cite:botcar:sloane.20
urn:cite:botcar:catesbyLabels.penLabel25.1	urn:cite:botcar:sloane.25
urn:cite:botcar:catesbyLabels.penLabel109.1	urn:cite:botcar:sloane.109
urn:cite:botcar:catesbyLabels.penLabel301.1	urn:cite:botcar:sloane.301
urn:cite:botcar:catesbyLabels.penLabel144.1	urn:cite:botcar:sloane.144
urn:cite:botcar:catesbyLabels.penLabel155.1	urn:cite:botcar:sloane.155
urn:cite:botcar:catesbyLabels.penLabel34.1	urn:cite:botcar:sloane.34
urn:cite:botcar:catesbyLabels.penLabel236.1	urn:cite:botcar:sloane.236
urn:cite:botcar:catesbyLabels.penLabel306.1	urn:cite:botcar:sloane.306
urn:cite:botcar:catesbyLabels.penLabel119.1	urn:cite:botcar:sloane.119
urn:cite:botcar:catesbyLabels.penLabel4.1	urn:cite:botcar:sloane.4
urn:cite:botcar:catesbyLabels.penLabel163.1	urn:cite:botcar:sloane.163
urn:cite:botcar:catesbyLabels.penLabel217.1	urn:cite:botcar:sloane.217
urn:cite:botcar:catesbyLabels.penLabel210.1	urn:cite:botcar:sloane.210
urn:cite:botcar:catesbyLabels.penLabel104.1	urn:cite:botcar:sloane.104
urn:cite:botcar:catesbyLabels.penLabel186.1	urn:cite:botcar:sloane.186
urn:cite:botcar:catesbyLabels.penLabel157.1	urn:cite:botcar:sloane.157
urn:cite:botcar:catesbyLabels.penLabel283.1	urn:cite:botcar:sloane.283
urn:cite:botcar:catesbyLabels.penLabel401.1	urn:cite:botcar:sloane.401
urn:cite:botcar:catesbyLabels.penLabel422.1	urn:cite:botcar:sloane.422
urn:cite:botcar:catesbyLabels.penLabel191.1	urn:cite:botcar:sloane.191
urn:cite:botcar:catesbyLabels.penLabel314.1	urn:cite:botcar:sloane.314
urn:cite:botcar:catesbyLabels.penLabel310.1	urn:cite:botcar:sloane.310
urn:cite:botcar:catesbyLabels.penLabel22.1	urn:cite:botcar:sloane.22
urn:cite:botcar:catesbyLabels.penLabel260.1	urn:cite:botcar:sloane.260
urn:cite:botcar:catesbyLabels.penLabel320.1	urn:cite:botcar:sloane.320
urn:cite:botcar:catesbyLabels.penLabel45.1	urn:cite:botcar:sloane.45
urn:cite:botcar:catesbyLabels.penLabel315.1	urn:cite:botcar:sloane.315
urn:cite:botcar:catesbyLabels.penLabel297.1	urn:cite:botcar:sloane.297
urn:cite:botcar:catesbyLabels.penLabel294.1	urn:cite:botcar:sloane.294
urn:cite:botcar:catesbyLabels.penLabel323.1	urn:cite:botcar:sloane.323
urn:cite:botcar:catesbyLabels.penLabel343.1	urn:cite:botcar:sloane.343
urn:cite:botcar:catesbyLabels.penLabel220.1	urn:cite:botcar:sloane.220
urn:cite:botcar:catesbyLabels.penLabel418.1	urn:cite:botcar:sloane.418
urn:cite:botcar:catesbyLabels.penLabel256.1	urn:cite:botcar:sloane.256
urn:cite:botcar:catesbyLabels.penLabel309.1	urn:cite:botcar:sloane.309
urn:cite:botcar:catesbyLabels.penLabel69.1	urn:cite:botcar:sloane.69
urn:cite:botcar:catesbyLabels.penLabel351.1	urn:cite:botcar:sloane.351
urn:cite:botcar:catesbyLabels.penLabel331.1	urn:cite:botcar:sloane.331
urn:cite:botcar:catesbyLabels.penLabel265.1	urn:cite:botcar:sloane.265
urn:cite:botcar:catesbyLabels.penLabel356.1	urn:cite:botcar:sloane.356
urn:cite:botcar:catesbyLabels.penLabel407.1	urn:cite:botcar:sloane.407
urn:cite:botcar:catesbyLabels.penLabel30.1	urn:cite:botcar:sloane.30
urn:cite:botcar:catesbyLabels.penLabel147.1	urn:cite:botcar:sloane.147
urn:cite:botcar:catesbyLabels.penLabel182.1	urn:cite:botcar:sloane.182
urn:cite:botcar:catesbyLabels.penLabel63.1	urn:cite:botcar:sloane.63
urn:cite:botcar:catesbyLabels.penLabel377.1	urn:cite:botcar:sloane.377
urn:cite:botcar:catesbyLabels.penLabel179.1	urn:cite:botcar:sloane.179
urn:cite:botcar:catesbyLabels.penLabel184.1	urn:cite:botcar:sloane.184
urn:cite:botcar:catesbyLabels.penLabel16.1	urn:cite:botcar:sloane.16
urn:cite:botcar:catesbyLabels.penLabel375.1	urn:cite:botcar:sloane.375
urn:cite:botcar:catesbyLabels.penLabel218.1	urn:cite:botcar:sloane.218
urn:cite:botcar:catesbyLabels.penLabel336.1	urn:cite:botcar:sloane.336
urn:cite:botcar:catesbyLabels.penLabel270.1	urn:cite:botcar:sloane.270
urn:cite:botcar:catesbyLabels.penLabel13.1	urn:cite:botcar:sloane.13
urn:cite:botcar:catesbyLabels.penLabel23.1	urn:cite:botcar:sloane.23
urn:cite:botcar:catesbyLabels.penLabel298.1	urn:cite:botcar:sloane.298
urn:cite:botcar:catesbyLabels.penLabel11.1	urn:cite:botcar:sloane.11
urn:cite:botcar:catesbyLabels.penLabel171.1	urn:cite:botcar:sloane.171
urn:cite:botcar:catesbyLabels.penLabel74.1	urn:cite:botcar:sloane.74
urn:cite:botcar:catesbyLabels.penLabel43.1	urn:cite:botcar:sloane.43
urn:cite:botcar:catesbyLabels.penLabel72.1	urn:cite:botcar:sloane.72
urn:cite:botcar:catesbyLabels.penLabel253.1	urn:cite:botcar:sloane.253
urn:cite:botcar:catesbyLabels.penLabel414.1	urn:cite:botcar:sloane.414
urn:cite:botcar:catesbyLabels.penLabel87.1	urn:cite:botcar:sloane.87
urn:cite:botcar:catesbyLabels.penLabel266.1	urn:cite:botcar:sloane.266
urn:cite:botcar:catesbyLabels.penLabel101.1	urn:cite:botcar:sloane.101
urn:cite:botcar:catesbyLabels.penLabel185.1	urn:cite:botcar:sloane.185
urn:cite:botcar:catesbyLabels.penLabel118.1	urn:cite:botcar:sloane.118
urn:cite:botcar:catesbyLabels.penLabel281.1	urn:cite:botcar:sloane.281
urn:cite:botcar:catesbyLabels.penLabel81.1	urn:cite:botcar:sloane.81
urn:cite:botcar:catesbyLabels.penLabel71.1	urn:cite:botcar:sloane.71
urn:cite:botcar:catesbyLabels.penLabel76.1	urn:cite:botcar:sloane.76
urn:cite:botcar:catesbyLabels.penLabel359.1	urn:cite:botcar:sloane.359
urn:cite:botcar:catesbyLabels.penLabel181.1	urn:cite:botcar:sloane.181
urn:cite:botcar:catesbyLabels.penLabel176.1	urn:cite:botcar:sloane.176
urn:cite:botcar:catesbyLabels.penLabel216.1	urn:cite:botcar:sloane.216
urn:cite:botcar:catesbyLabels.penLabel288.1	urn:cite:botcar:sloane.288
urn:cite:botcar:catesbyLabels.penLabel286.1	urn:cite:botcar:sloane.286
urn:cite:botcar:catesbyLabels.penLabel24.1	urn:cite:botcar:sloane.24
urn:cite:botcar:catesbyLabels.penLabel160.1	urn:cite:botcar:sloane.160
urn:cite:botcar:catesbyLabels.penLabel393.1	urn:cite:botcar:sloane.393
urn:cite:botcar:catesbyLabels.penLabel367.1	urn:cite:botcar:sloane.367
urn:cite:botcar:catesbyLabels.penLabel334.1	urn:cite:botcar:sloane.334
urn:cite:botcar:catesbyLabels.penLabel352.1	urn:cite:botcar:sloane.352
urn:cite:botcar:catesbyLabels.penLabel83.1	urn:cite:botcar:sloane.83
urn:cite:botcar:catesbyLabels.penLabel132.1	urn:cite:botcar:sloane.132
urn:cite:botcar:catesbyLabels.penLabel259.1	urn:cite:botcar:sloane.259
urn:cite:botcar:catesbyLabels.penLabel232.1	urn:cite:botcar:sloane.232
urn:cite:botcar:catesbyLabels.penLabel372.1	urn:cite:botcar:sloane.372
urn:cite:botcar:catesbyLabels.penLabel246.1	urn:cite:botcar:sloane.246
urn:cite:botcar:catesbyLabels.penLabel242.1	urn:cite:botcar:sloane.242
urn:cite:botcar:catesbyLabels.penLabel324.1	urn:cite:botcar:sloane.324
urn:cite:botcar:catesbyLabels.penLabel273.1	urn:cite:botcar:sloane.273
urn:cite:botcar:catesbyLabels.penLabel387.1	urn:cite:botcar:sloane.387
urn:cite:botcar:catesbyLabels.penLabel239.1	urn:cite:botcar:sloane.239
urn:cite:botcar:catesbyLabels.penLabel105.1	urn:cite:botcar:sloane.105
urn:cite:botcar:catesbyLabels.penLabel166.1	urn:cite:botcar:sloane.166
urn:cite:botcar:catesbyLabels.penLabel47.1	urn:cite:botcar:sloane.47
urn:cite:botcar:catesbyLabels.penLabel82.1	urn:cite:botcar:sloane.82
urn:cite:botcar:catesbyLabels.penLabel388.1	urn:cite:botcar:sloane.388
urn:cite:botcar:catesbyLabels.penLabel190.1	urn:cite:botcar:sloane.190
urn:cite:botcar:catesbyLabels.penLabel192.1	urn:cite:botcar:sloane.192
urn:cite:botcar:catesbyLabels.penLabel412.1	urn:cite:botcar:sloane.412
urn:cite:botcar:catesbyLabels.penLabel402.1	urn:cite:botcar:sloane.402
urn:cite:botcar:catesbyLabels.penLabel231.1	urn:cite:botcar:sloane.231
urn:cite:botcar:catesbyLabels.penLabel21.1	urn:cite:botcar:sloane.21
urn:cite:botcar:catesbyLabels.penLabel409.1	urn:cite:botcar:sloane.409
urn:cite:botcar:catesbyLabels.penLabel238.1	urn:cite:botcar:sloane.238
urn:cite:botcar:catesbyLabels.penLabel364.1	urn:cite:botcar:sloane.364
urn:cite:botcar:catesbyLabels.penLabel262.1	urn:cite:botcar:sloane.262
urn:cite:botcar:catesbyLabels.penLabel347.1	urn:cite:botcar:sloane.347
urn:cite:botcar:catesbyLabels.penLabel280.1	urn:cite:botcar:sloane.280
urn:cite:botcar:catesbyLabels.penLabel117.1	urn:cite:botcar:sloane.117
urn:cite:botcar:catesbyLabels.penLabel243.1	urn:cite:botcar:sloane.243
urn:cite:botcar:catesbyLabels.penLabel389.1	urn:cite:botcar:sloane.389
urn:cite:botcar:catesbyLabels.penLabel211.1	urn:cite:botcar:sloane.211
urn:cite:botcar:catesbyLabels.penLabel224.1	urn:cite:botcar:sloane.224
urn:cite:botcar:catesbyLabels.penLabel73.1	urn:cite:botcar:sloane.73
urn:cite:botcar:catesbyLabels.penLabel35.1	urn:cite:botcar:sloane.35
urn:cite:botcar:catesbyLabels.penLabel392.1	urn:cite:botcar:sloane.392
urn:cite:botcar:catesbyLabels.penLabel251.1	urn:cite:botcar:sloane.251
urn:cite:botcar:catesbyLabels.penLabel161.1	urn:cite:botcar:sloane.161
urn:cite:botcar:catesbyLabels.penLabel406.1	urn:cite:botcar:sloane.406
urn:cite:botcar:catesbyLabels.penLabel151.1	urn:cite:botcar:sloane.151
urn:cite:botcar:catesbyLabels.penLabel8.1	urn:cite:botcar:sloane.8
urn:cite:botcar:catesbyLabels.penLabel391.1	urn:cite:botcar:sloane.391
urn:cite:botcar:catesbyLabels.penLabel268.1	urn:cite:botcar:sloane.268
urn:cite:botcar:catesbyLabels.penLabel131.1	urn:cite:botcar:sloane.131
urn:cite:botcar:catesbyLabels.penLabel258.1	urn:cite:botcar:sloane.258
urn:cite:botcar:catesbyLabels.penLabel75.1	urn:cite:botcar:sloane.75
urn:cite:botcar:catesbyLabels.penLabel396.1	urn:cite:botcar:sloane.396
urn:cite:botcar:catesbyLabels.penLabel85.1	urn:cite:botcar:sloane.85
urn:cite:botcar:catesbyLabels.penLabel325.1	urn:cite:botcar:sloane.325
urn:cite:botcar:catesbyLabels.penLabel395.1	urn:cite:botcar:sloane.395
urn:cite:botcar:catesbyLabels.penLabel424.1	urn:cite:botcar:sloane.424
urn:cite:botcar:catesbyLabels.penLabel202.1	urn:cite:botcar:sloane.202
urn:cite:botcar:catesbyLabels.penLabel18.1	urn:cite:botcar:sloane.18
urn:cite:botcar:catesbyLabels.penLabel207.1	urn:cite:botcar:sloane.207
urn:cite:botcar:catesbyLabels.penLabel234.1	urn:cite:botcar:sloane.234
urn:cite:botcar:catesbyLabels.penLabel420.1	urn:cite:botcar:sloane.420
urn:cite:botcar:catesbyLabels.penLabel233.1	urn:cite:botcar:sloane.233
urn:cite:botcar:catesbyLabels.penLabel55.1	urn:cite:botcar:sloane.55
urn:cite:botcar:catesbyLabels.penOnPage319.1	urn:cite:botcar:sloane.319
urn:cite:botcar:catesbyLabels.penOnPage370.1	urn:cite:botcar:sloane.370
urn:cite:botcar:catesbyLabels.penOnPage424.1	urn:cite:botcar:sloane.424
urn:cite:botcar:catesbyLabels.penOnPage192.1	urn:cite:botcar:sloane.192
urn:cite:botcar:catesbyLabels.penOnPage40.1	urn:cite:botcar:sloane.40
urn:cite:botcar:catesbyLabels.penOnPage363.1	urn:cite:botcar:sloane.363
urn:cite:botcar:catesbyLabels.penOnPage390.1	urn:cite:botcar:sloane.390
urn:cite:botcar:catesbyLabels.penOnPage145.1	urn:cite:botcar:sloane.145
urn:cite:botcar:catesbyLabels.penOnPage95.1	urn:cite:botcar:sloane.95
urn:cite:botcar:catesbyLabels.penOnPage169.1	urn:cite:botcar:sloane.169
urn:cite:botcar:catesbyLabels.penOnPage233.1	urn:cite:botcar:sloane.233
urn:cite:botcar:catesbyLabels.penOnPage172.1	urn:cite:botcar:sloane.172
urn:cite:botcar:catesbyLabels.penOnPage234.1	urn:cite:botcar:sloane.234
urn:cite:botcar:catesbyLabels.penOnPage208.1	urn:cite:botcar:sloane.208
urn:cite:botcar:catesbyLabels.penOnPage91.1	urn:cite:botcar:sloane.91
urn:cite:botcar:catesbyLabels.penOnPage266.1	urn:cite:botcar:sloane.266
urn:cite:botcar:catesbyLabels.penOnPage66.1	urn:cite:botcar:sloane.66
urn:cite:botcar:catesbyLabels.penOnPage421.1	urn:cite:botcar:sloane.421
urn:cite:botcar:catesbyLabels.penOnPage160.1	urn:cite:botcar:sloane.160
urn:cite:botcar:catesbyLabels.penOnPage232.1	urn:cite:botcar:sloane.232
urn:cite:botcar:catesbyLabels.penOnPage417.1	urn:cite:botcar:sloane.417
urn:cite:botcar:catesbyLabels.penOnPage200.1	urn:cite:botcar:sloane.200
urn:cite:botcar:catesbyLabels.penOnPage85.1	urn:cite:botcar:sloane.85
urn:cite:botcar:catesbyLabels.penOnPage98.1	urn:cite:botcar:sloane.98
urn:cite:botcar:catesbyLabels.penOnPage253.1	urn:cite:botcar:sloane.253
urn:cite:botcar:catesbyLabels.penOnPage89.1	urn:cite:botcar:sloane.89
urn:cite:botcar:catesbyLabels.penOnPage372.1	urn:cite:botcar:sloane.372
urn:cite:botcar:catesbyLabels.penOnPage260.1	urn:cite:botcar:sloane.260
urn:cite:botcar:catesbyLabels.penOnPage391.1	urn:cite:botcar:sloane.391
urn:cite:botcar:catesbyLabels.penOnPage331.1	urn:cite:botcar:sloane.331
urn:cite:botcar:catesbyLabels.penOnPage72.1	urn:cite:botcar:sloane.72
urn:cite:botcar:catesbyLabels.penOnPage76.1	urn:cite:botcar:sloane.76
urn:cite:botcar:catesbyLabels.penOnPage137.1	urn:cite:botcar:sloane.137
urn:cite:botcar:catesbyLabels.penOnPage243.1	urn:cite:botcar:sloane.243
urn:cite:botcar:catesbyLabels.penOnPage127.1	urn:cite:botcar:sloane.127
urn:cite:botcar:catesbyLabels.penOnPage188.1	urn:cite:botcar:sloane.188
urn:cite:botcar:catesbyLabels.penOnPage194.1	urn:cite:botcar:sloane.194
urn:cite:botcar:catesbyLabels.penOnPage431.1	urn:cite:botcar:sloane.431
urn:cite:botcar:catesbyLabels.penOnPage262.1	urn:cite:botcar:sloane.262
urn:cite:botcar:catesbyLabels.penOnPage389.1	urn:cite:botcar:sloane.389
urn:cite:botcar:catesbyLabels.penOnPage68.1	urn:cite:botcar:sloane.68
urn:cite:botcar:catesbyLabels.penOnPage48.1	urn:cite:botcar:sloane.48
urn:cite:botcar:catesbyLabels.penOnPage8.1	urn:cite:botcar:sloane.8
urn:cite:botcar:catesbyLabels.penOnPage50.1	urn:cite:botcar:sloane.50
urn:cite:botcar:catesbyLabels.penOnPage182.1	urn:cite:botcar:sloane.182
urn:cite:botcar:catesbyLabels.penOnPage257.1	urn:cite:botcar:sloane.257
urn:cite:botcar:catesbyLabels.penOnPage118.1	urn:cite:botcar:sloane.118
urn:cite:botcar:catesbyLabels.penOnPage306.1	urn:cite:botcar:sloane.306
urn:cite:botcar:catesbyLabels.penOnPage82.1	urn:cite:botcar:sloane.82
urn:cite:botcar:catesbyLabels.penOnPage108.1	urn:cite:botcar:sloane.108
urn:cite:botcar:catesbyLabels.penOnPage88.1	urn:cite:botcar:sloane.88
urn:cite:botcar:catesbyLabels.penOnPage209.1	urn:cite:botcar:sloane.209
urn:cite:botcar:catesbyLabels.penOnPage170.1	urn:cite:botcar:sloane.170
urn:cite:botcar:catesbyLabels.penOnPage74.1	urn:cite:botcar:sloane.74
urn:cite:botcar:catesbyLabels.penOnPage179.1	urn:cite:botcar:sloane.179
urn:cite:botcar:catesbyLabels.penOnPage203.1	urn:cite:botcar:sloane.203
urn:cite:botcar:catesbyLabels.penOnPage204.1	urn:cite:botcar:sloane.204
urn:cite:botcar:catesbyLabels.penOnPage58.1	urn:cite:botcar:sloane.58
urn:cite:botcar:catesbyLabels.penOnPage140.1	urn:cite:botcar:sloane.140
urn:cite:botcar:catesbyLabels.penOnPage129.1	urn:cite:botcar:sloane.129
urn:cite:botcar:catesbyLabels.penOnPage404.1	urn:cite:botcar:sloane.404
urn:cite:botcar:catesbyLabels.penOnPage67.1	urn:cite:botcar:sloane.67
urn:cite:botcar:catesbyLabels.penOnPage325.1	urn:cite:botcar:sloane.325
urn:cite:botcar:catesbyLabels.penOnPage93.1	urn:cite:botcar:sloane.93
urn:cite:botcar:catesbyLabels.penOnPage314.1	urn:cite:botcar:sloane.314
urn:cite:botcar:catesbyLabels.penOnPage387.1	urn:cite:botcar:sloane.387
urn:cite:botcar:catesbyLabels.penOnPage398.1	urn:cite:botcar:sloane.398
urn:cite:botcar:catesbyLabels.penOnPage56.1	urn:cite:botcar:sloane.56
urn:cite:botcar:catesbyLabels.penOnPage338.1	urn:cite:botcar:sloane.338
urn:cite:botcar:catesbyLabels.penOnPage350.1	urn:cite:botcar:sloane.350
urn:cite:botcar:catesbyLabels.penOnPage139.1	urn:cite:botcar:sloane.139
urn:cite:botcar:catesbyLabels.penOnPage304.1	urn:cite:botcar:sloane.304
urn:cite:botcar:catesbyLabels.penOnPage26.1	urn:cite:botcar:sloane.26
urn:cite:botcar:catesbyLabels.penOnPage249.1	urn:cite:botcar:sloane.249
urn:cite:botcar:catesbyLabels.penOnPage411.1	urn:cite:botcar:sloane.411
urn:cite:botcar:catesbyLabels.penOnPage35.1	urn:cite:botcar:sloane.35
urn:cite:botcar:catesbyLabels.penOnPage151.1	urn:cite:botcar:sloane.151
urn:cite:botcar:catesbyLabels.penOnPage114.1	urn:cite:botcar:sloane.114
urn:cite:botcar:catesbyLabels.penOnPage255.1	urn:cite:botcar:sloane.255
urn:cite:botcar:catesbyLabels.penOnPage32.1	urn:cite:botcar:sloane.32
urn:cite:botcar:catesbyLabels.penOnPage328.1	urn:cite:botcar:sloane.328
urn:cite:botcar:catesbyLabels.penOnPage225.1	urn:cite:botcar:sloane.225
urn:cite:botcar:catesbyLabels.penOnPage405.1	urn:cite:botcar:sloane.405
urn:cite:botcar:catesbyLabels.penOnPage28.1	urn:cite:botcar:sloane.28
urn:cite:botcar:catesbyLabels.penOnPage413.1	urn:cite:botcar:sloane.413
urn:cite:botcar:catesbyLabels.penOnPage364.1	urn:cite:botcar:sloane.364
urn:cite:botcar:catesbyLabels.penOnPage141.1	urn:cite:botcar:sloane.141
urn:cite:botcar:catesbyLabels.penOnPage202.1	urn:cite:botcar:sloane.202
urn:cite:botcar:catesbyLabels.penOnPage18.1	urn:cite:botcar:sloane.18
urn:cite:botcar:catesbyLabels.penOnPage335.1	urn:cite:botcar:sloane.335
urn:cite:botcar:catesbyLabels.penOnPage299.1	urn:cite:botcar:sloane.299
urn:cite:botcar:catesbyLabels.penOnPage161.1	urn:cite:botcar:sloane.161
urn:cite:botcar:catesbyLabels.penOnPage259.1	urn:cite:botcar:sloane.259
urn:cite:botcar:catesbyLabels.penOnPage125.1	urn:cite:botcar:sloane.125
urn:cite:botcar:catesbyLabels.penOnPage1.1	urn:cite:botcar:sloane.1
urn:cite:botcar:catesbyLabels.penOnPage336.1	urn:cite:botcar:sloane.336
urn:cite:botcar:catesbyLabels.penOnPage347.1	urn:cite:botcar:sloane.347
urn:cite:botcar:catesbyLabels.penOnPage153.1	urn:cite:botcar:sloane.153
urn:cite:botcar:catesbyLabels.penOnPage53.1	urn:cite:botcar:sloane.53
urn:cite:botcar:catesbyLabels.penOnPage371.1	urn:cite:botcar:sloane.371
urn:cite:botcar:catesbyLabels.penOnPage396.1	urn:cite:botcar:sloane.396
urn:cite:botcar:catesbyLabels.penOnPage119.1	urn:cite:botcar:sloane.119
urn:cite:botcar:catesbyLabels.penOnPage376.1	urn:cite:botcar:sloane.376
urn:cite:botcar:catesbyLabels.penOnPage222.1	urn:cite:botcar:sloane.222
urn:cite:botcar:catesbyLabels.penOnPage150.1	urn:cite:botcar:sloane.150
urn:cite:botcar:catesbyLabels.penOnPage242.1	urn:cite:botcar:sloane.242
urn:cite:botcar:catesbyLabels.penOnPage166.1	urn:cite:botcar:sloane.166
urn:cite:botcar:catesbyLabels.penOnPage164.1	urn:cite:botcar:sloane.164
urn:cite:botcar:catesbyLabels.penOnPage289.1	urn:cite:botcar:sloane.289
urn:cite:botcar:catesbyLabels.penOnPage324.1	urn:cite:botcar:sloane.324
urn:cite:botcar:catesbyLabels.penOnPage94.1	urn:cite:botcar:sloane.94
urn:cite:botcar:catesbyLabels.penOnPage21.1	urn:cite:botcar:sloane.21
urn:cite:botcar:catesbyLabels.penOnPage316.1	urn:cite:botcar:sloane.316
urn:cite:botcar:catesbyLabels.penOnPage65.1	urn:cite:botcar:sloane.65
urn:cite:botcar:catesbyLabels.penOnPage198.1	urn:cite:botcar:sloane.198
urn:cite:botcar:catesbyLabels.penOnPage420.1	urn:cite:botcar:sloane.420
urn:cite:botcar:catesbyLabels.penOnPage239.1	urn:cite:botcar:sloane.239
urn:cite:botcar:catesbyLabels.penOnPage55.1	urn:cite:botcar:sloane.55
urn:cite:botcar:catesbyLabels.penOnPage268.1	urn:cite:botcar:sloane.268
urn:cite:botcar:catesbyLabels.penOnPage422.1	urn:cite:botcar:sloane.422
urn:cite:botcar:catesbyLabels.penOnPage175.1	urn:cite:botcar:sloane.175
urn:cite:botcar:catesbyLabels.penOnPage428.1	urn:cite:botcar:sloane.428
urn:cite:botcar:catesbyLabels.penOnPage216.1	urn:cite:botcar:sloane.216
urn:cite:botcar:catesbyLabels.penOnPage220.1	urn:cite:botcar:sloane.220
urn:cite:botcar:catesbyLabels.penOnPage217.1	urn:cite:botcar:sloane.217
urn:cite:botcar:catesbyLabels.penOnPage379.1	urn:cite:botcar:sloane.379
urn:cite:botcar:catesbyLabels.penOnPage9.1	urn:cite:botcar:sloane.9
urn:cite:botcar:catesbyLabels.penOnPage17.1	urn:cite:botcar:sloane.17
urn:cite:botcar:catesbyLabels.penOnPage146.1	urn:cite:botcar:sloane.146
urn:cite:botcar:catesbyLabels.penOnPage406.1	urn:cite:botcar:sloane.406
urn:cite:botcar:catesbyLabels.penOnPage16.1	urn:cite:botcar:sloane.16
urn:cite:botcar:catesbyLabels.penOnPage322.1	urn:cite:botcar:sloane.322
urn:cite:botcar:catesbyLabels.penOnPage320.1	urn:cite:botcar:sloane.320
urn:cite:botcar:catesbyLabels.penOnPage86.1	urn:cite:botcar:sloane.86
urn:cite:botcar:catesbyLabels.penOnPage360.1	urn:cite:botcar:sloane.360
urn:cite:botcar:catesbyLabels.penOnPage321.1	urn:cite:botcar:sloane.321
urn:cite:botcar:catesbyLabels.penOnPage39.1	urn:cite:botcar:sloane.39
urn:cite:botcar:catesbyLabels.penOnPage300.1	urn:cite:botcar:sloane.300
urn:cite:botcar:catesbyLabels.penOnPage195.1	urn:cite:botcar:sloane.195
urn:cite:botcar:catesbyLabels.penOnPage432.1	urn:cite:botcar:sloane.432
urn:cite:botcar:catesbyLabels.penOnPage408.1	urn:cite:botcar:sloane.408
urn:cite:botcar:catesbyLabels.penOnPage279.1	urn:cite:botcar:sloane.279
urn:cite:botcar:catesbyLabels.penOnPage121.1	urn:cite:botcar:sloane.121
urn:cite:botcar:catesbyLabels.penOnPage215.1	urn:cite:botcar:sloane.215
urn:cite:botcar:catesbyLabels.penOnPage174.1	urn:cite:botcar:sloane.174
urn:cite:botcar:catesbyLabels.penOnPage73.1	urn:cite:botcar:sloane.73
urn:cite:botcar:catesbyLabels.penOnPage412.1	urn:cite:botcar:sloane.412
urn:cite:botcar:catesbyLabels.penOnPage342.1	urn:cite:botcar:sloane.342
urn:cite:botcar:catesbyLabels.penOnPage383.1	urn:cite:botcar:sloane.383
urn:cite:botcar:catesbyLabels.penOnPage345.1	urn:cite:botcar:sloane.345
urn:cite:botcar:catesbyLabels.penOnPage49.1	urn:cite:botcar:sloane.49
urn:cite:botcar:catesbyLabels.penOnPage218.1	urn:cite:botcar:sloane.218
urn:cite:botcar:catesbyLabels.penOnPage4.1	urn:cite:botcar:sloane.4
urn:cite:botcar:catesbyLabels.penOnPage282.1	urn:cite:botcar:sloane.282
urn:cite:botcar:catesbyLabels.penOnPage156.1	urn:cite:botcar:sloane.156
urn:cite:botcar:catesbyLabels.penOnPage104.1	urn:cite:botcar:sloane.104
urn:cite:botcar:catesbyLabels.penOnPage41.1	urn:cite:botcar:sloane.41
urn:cite:botcar:catesbyLabels.pencilOnPage273.1	urn:cite:botcar:sloane.273
urn:cite:botcar:catesbyLabels.pencilOnPage331.1	urn:cite:botcar:sloane.331
urn:cite:botcar:catesbyLabels.pencilOnPage117.1	urn:cite:botcar:sloane.117
urn:cite:botcar:catesbyLabels.pencilOnPage222.1	urn:cite:botcar:sloane.222
urn:cite:botcar:catesbyLabels.pencilOnPage286.1	urn:cite:botcar:sloane.286
urn:cite:botcar:catesbyLabels.pencilOnPage287.1	urn:cite:botcar:sloane.287
urn:cite:botcar:catesbyLabels.pencilOnPage87.1	urn:cite:botcar:sloane.87
urn:cite:botcar:catesbyLabels.pencilOnPage292.1	urn:cite:botcar:sloane.292
urn:cite:botcar:catesbyLabels.pencilOnPage324.1	urn:cite:botcar:sloane.324
urn:cite:botcar:catesbyLabels.pencilOnPage431.1	urn:cite:botcar:sloane.431
urn:cite:botcar:catesbyLabels.pencilOnPage20.1	urn:cite:botcar:sloane.20
urn:cite:botcar:catesbyLabels.pencilOnPage139.1	urn:cite:botcar:sloane.139
urn:cite:botcar:catesbyLabels.pencilOnPage322.1	urn:cite:botcar:sloane.322
urn:cite:botcar:catesbyLabels.pencilOnPage421.1	urn:cite:botcar:sloane.421
urn:cite:botcar:catesbyLabels.pencilOnPage109.1	urn:cite:botcar:sloane.109
urn:cite:botcar:catesbyLabels.pencilOnPage164.1	urn:cite:botcar:sloane.164
urn:cite:botcar:catesbyLabels.pencilOnPage412.1	urn:cite:botcar:sloane.412
urn:cite:botcar:catesbyLabels.pencilOnPage28.1	urn:cite:botcar:sloane.28
urn:cite:botcar:catesbyLabels.pencilOnPage413.1	urn:cite:botcar:sloane.413
urn:cite:botcar:catesbyLabels.pencilOnPage67.1	urn:cite:botcar:sloane.67
urn:cite:botcar:catesbyLabels.pencilOnPage66.1	urn:cite:botcar:sloane.66
urn:cite:botcar:catesbyLabels.pencilOnPage46.1	urn:cite:botcar:sloane.46
urn:cite:botcar:catesbyLabels.pencilOnPage50.1	urn:cite:botcar:sloane.50
urn:cite:botcar:catesbyLabels.pencilOnPage14.1	urn:cite:botcar:sloane.14
urn:cite:botcar:catesbyLabels.pencilOnPage55.1	urn:cite:botcar:sloane.55
urn:cite:botcar:catesbyLabels.pencilOnPage342.1	urn:cite:botcar:sloane.342
urn:cite:botcar:catesbyLabels.pencilOnPage175.1	urn:cite:botcar:sloane.175
urn:cite:botcar:catesbyLabels.pencilOnPage391.1	urn:cite:botcar:sloane.391
urn:cite:botcar:catesbyLabels.pencilOnPage8.1	urn:cite:botcar:sloane.8
urn:cite:botcar:catesbyLabels.pencilOnPage239.1	urn:cite:botcar:sloane.239
urn:cite:botcar:catesbyLabels.pencilOnPage420.1	urn:cite:botcar:sloane.420
urn:cite:botcar:catesbyLabels.pencilOnPage233.1	urn:cite:botcar:sloane.233
urn:cite:botcar:catesbyLabels.pencilOnPage231.1	urn:cite:botcar:sloane.231
urn:cite:botcar:catesbyLabels.pencilOnPage32.1	urn:cite:botcar:sloane.32
urn:cite:botcar:catesbyLabels.pencilOnPage305.1	urn:cite:botcar:sloane.305
urn:cite:botcar:catesbyLabels.pencilOnPage302.1	urn:cite:botcar:sloane.302
urn:cite:botcar:catesbyLabels.pencilOnPage172.1	urn:cite:botcar:sloane.172
urn:cite:botcar:catesbyLabels.pencilOnPage68.1	urn:cite:botcar:sloane.68
urn:cite:botcar:catesbyLabels.pencilOnPage262.1	urn:cite:botcar:sloane.262
urn:cite:botcar:catesbyLabels.pencilOnPage95.1	urn:cite:botcar:sloane.95
urn:cite:botcar:catesbyLabels.pencilOnPage47.1	urn:cite:botcar:sloane.47
urn:cite:botcar:catesbyLabels.pencilOnPage80.1	urn:cite:botcar:sloane.80
urn:cite:botcar:catesbyLabels.pencilOnPage111.1	urn:cite:botcar:sloane.111
urn:cite:botcar:catesbyLabels.pencilOnPage34.1	urn:cite:botcar:sloane.34
urn:cite:botcar:catesbyLabels.pencilOnPage345.1	urn:cite:botcar:sloane.345
urn:cite:botcar:catesbyLabels.pencilOnPage419.1	urn:cite:botcar:sloane.419
urn:cite:botcar:catesbyLabels.pencilOnPage105.1	urn:cite:botcar:sloane.105
urn:cite:botcar:catesbyLabels.pencilOnPage180.1	urn:cite:botcar:sloane.180
urn:cite:botcar:catesbyLabels.pencilOnPage384.1	urn:cite:botcar:sloane.384
urn:cite:botcar:catesbyLabels.pencilOnPage260.1	urn:cite:botcar:sloane.260
urn:cite:botcar:catesbyLabels.pencilOnPage21.1	urn:cite:botcar:sloane.21
urn:cite:botcar:catesbyLabels.pencilOnPage192.1	urn:cite:botcar:sloane.192
urn:cite:botcar:catesbyLabels.pencilOnPage63.1	urn:cite:botcar:sloane.63
urn:cite:botcar:catesbyLabels.pencilOnPage238.1	urn:cite:botcar:sloane.238
urn:cite:botcar:catesbyLabels.pencilOnPage174.1	urn:cite:botcar:sloane.174
urn:cite:botcar:catesbyLabels.pencilOnPage160.1	urn:cite:botcar:sloane.160
urn:cite:botcar:catesbyLabels.pencilOnPage48.1	urn:cite:botcar:sloane.48
urn:cite:botcar:catesbyLabels.pencilOnPage13.1	urn:cite:botcar:sloane.13
urn:cite:botcar:catesbyLabels.pencilOnPage243.1	urn:cite:botcar:sloane.243
urn:cite:botcar:catesbyLabels.pencilOnPage19.1	urn:cite:botcar:sloane.19
urn:cite:botcar:catesbyLabels.pencilOnPage415.1	urn:cite:botcar:sloane.415
urn:cite:botcar:catesbyLabels.pencilOnPage170.1	urn:cite:botcar:sloane.170
urn:cite:botcar:catesbyLabels.pencilOnPage33.1	urn:cite:botcar:sloane.33
urn:cite:botcar:catesbyLabels.pencilOnPage271.1	urn:cite:botcar:sloane.271
urn:cite:botcar:catesbyLabels.pencilOnPage220.1	urn:cite:botcar:sloane.220
urn:cite:botcar:catesbyLabels.pencilOnPage210.1	urn:cite:botcar:sloane.210
urn:cite:botcar:catesbyLabels.pencilOnPage216.1	urn:cite:botcar:sloane.216
urn:cite:botcar:catesbyLabels.pencilOnPage181.1	urn:cite:botcar:sloane.181
urn:cite:botcar:catesbyLabels.pencilOnPage370.1	urn:cite:botcar:sloane.370
urn:cite:botcar:catesbyLabels.pencilOnPage213.1	urn:cite:botcar:sloane.213
urn:cite:botcar:catesbyLabels.pencilOnPage104.1	urn:cite:botcar:sloane.104
urn:cite:botcar:catesbyLabels.pencilOnPage9.1	urn:cite:botcar:sloane.9
urn:cite:botcar:catesbyLabels.pencilOnPage263.1	urn:cite:botcar:sloane.263
urn:cite:botcar:catesbyLabels.pencilOnPage308.1	urn:cite:botcar:sloane.308
urn:cite:botcar:catesbyLabels.pencilOnPage169.1	urn:cite:botcar:sloane.169
urn:cite:botcar:catesbyLabels.pencilOnPage90.1	urn:cite:botcar:sloane.90
urn:cite:botcar:catesbyLabels.pencilOnPage383.1	urn:cite:botcar:sloane.383
urn:cite:botcar:catesbyLabels.pencilOnPage268.1	urn:cite:botcar:sloane.268
urn:cite:botcar:catesbyLabels.pencilOnPage207.1	urn:cite:botcar:sloane.207
urn:cite:botcar:catesbyLabels.pencilOnPage253.1	urn:cite:botcar:sloane.253
urn:cite:botcar:catesbyLabels.pencilOnPage265.1	urn:cite:botcar:sloane.265
urn:cite:botcar:catesbyLabels.pencilOnPage309.1	urn:cite:botcar:sloane.309
urn:cite:botcar:catesbyLabels.pencilOnPage306.1	urn:cite:botcar:sloane.306
urn:cite:botcar:catesbyLabels.pencilOnPage389.1	urn:cite:botcar:sloane.389
urn:cite:botcar:catesbyLabels.pencilOnPage218.1	urn:cite:botcar:sloane.218
urn:cite:botcar:catesbyLabels.pencilOnPage4.1	urn:cite:botcar:sloane.4
urn:cite:botcar:catesbyLabels.pencilOnPage360.1	urn:cite:botcar:sloane.360
urn:cite:botcar:catesbyLabels.pencilOnPage304.1	urn:cite:botcar:sloane.304
urn:cite:botcar:catesbyLabels.pencilOnPage101.1	urn:cite:botcar:sloane.101
urn:cite:botcar:catesbyLabels.pencilOnPage289.1	urn:cite:botcar:sloane.289
urn:cite:botcar:catesbyLabels.pencilOnPage201.1	urn:cite:botcar:sloane.201
urn:cite:botcar:catesbyLabels.pencilOnPage25.1	urn:cite:botcar:sloane.25
urn:cite:botcar:catesbyLabels.pencilOnPage7.1	urn:cite:botcar:sloane.7
urn:cite:botcar:catesbyLabels.typedLabel345.1	urn:cite:botcar:sloane.345
urn:cite:botcar:catesbyLabels.typedLabel372.1	urn:cite:botcar:sloane.372
urn:cite:botcar:catesbyLabels.typedLabel32.1	urn:cite:botcar:sloane.32
urn:cite:botcar:catesbyLabels.typedLabel47.1	urn:cite:botcar:sloane.47
urn:cite:botcar:catesbyLabels.typedLabel117.1	urn:cite:botcar:sloane.117
urn:cite:botcar:catesbyLabels.typedLabel21.1	urn:cite:botcar:sloane.21
urn:cite:botcar:catesbyLabels.typedLabel80.1	urn:cite:botcar:sloane.80
urn:cite:botcar:catesbyLabels.typedLabel431.1	urn:cite:botcar:sloane.431
urn:cite:botcar:catesbyLabels.typedLabel419.1	urn:cite:botcar:sloane.419
urn:cite:botcar:catesbyLabels.typedLabel259.1	urn:cite:botcar:sloane.259
urn:cite:botcar:catesbyLabels.typedLabel150.1	urn:cite:botcar:sloane.150
urn:cite:botcar:catesbyLabels.typedLabel164.1	urn:cite:botcar:sloane.164
urn:cite:botcar:catesbyLabels.typedLabel192.1	urn:cite:botcar:sloane.192
urn:cite:botcar:catesbyLabels.typedLabel13.1	urn:cite:botcar:sloane.13
urn:cite:botcar:catesbyLabels.typedLabel231.1	urn:cite:botcar:sloane.231
urn:cite:botcar:catesbyLabels.typedLabel412.1	urn:cite:botcar:sloane.412
urn:cite:botcar:catesbyLabels.typedLabel67.1	urn:cite:botcar:sloane.67
urn:cite:botcar:catesbyLabels.typedLabel260.1	urn:cite:botcar:sloane.260
urn:cite:botcar:catesbyLabels.typedLabel355.1	urn:cite:botcar:sloane.355
urn:cite:botcar:catesbyLabels.typedLabel95.1	urn:cite:botcar:sloane.95
urn:cite:botcar:catesbyLabels.typedLabel262.1	urn:cite:botcar:sloane.262
urn:cite:botcar:catesbyLabels.typedLabel238.1	urn:cite:botcar:sloane.238
urn:cite:botcar:catesbyLabels.typedLabel180.1	urn:cite:botcar:sloane.180
urn:cite:botcar:catesbyLabels.typedLabel105.1	urn:cite:botcar:sloane.105
urn:cite:botcar:catesbyLabels.typedLabel170.1	urn:cite:botcar:sloane.170
urn:cite:botcar:catesbyLabels.typedLabel271.1	urn:cite:botcar:sloane.271
urn:cite:botcar:catesbyLabels.typedLabel48.1	urn:cite:botcar:sloane.48
urn:cite:botcar:catesbyLabels.typedLabel19.1	urn:cite:botcar:sloane.19
urn:cite:botcar:catesbyLabels.typedLabel243.1	urn:cite:botcar:sloane.243
urn:cite:botcar:catesbyLabels.typedLabel389.1	urn:cite:botcar:sloane.389
urn:cite:botcar:catesbyLabels.typedLabel169.1	urn:cite:botcar:sloane.169
urn:cite:botcar:catesbyLabels.typedLabel111.1	urn:cite:botcar:sloane.111
urn:cite:botcar:catesbyLabels.typedLabel68.1	urn:cite:botcar:sloane.68
urn:cite:botcar:catesbyLabels.typedLabel34.1	urn:cite:botcar:sloane.34
urn:cite:botcar:catesbyLabels.typedLabel384.1	urn:cite:botcar:sloane.384
urn:cite:botcar:catesbyLabels.typedLabel309.1	urn:cite:botcar:sloane.309
urn:cite:botcar:catesbyLabels.typedLabel14.1	urn:cite:botcar:sloane.14
urn:cite:botcar:catesbyLabels.typedLabel63.1	urn:cite:botcar:sloane.63
urn:cite:botcar:catesbyLabels.typedLabel421.1	urn:cite:botcar:sloane.421
urn:cite:botcar:catesbyLabels.typedLabel306.1	urn:cite:botcar:sloane.306
urn:cite:botcar:catesbyLabels.typedLabel302.1	urn:cite:botcar:sloane.302
urn:cite:botcar:catesbyLabels.typedLabel415.1	urn:cite:botcar:sloane.415
urn:cite:botcar:catesbyLabels.typedLabel174.1	urn:cite:botcar:sloane.174
urn:cite:botcar:catesbyLabels.typedLabel233.1	urn:cite:botcar:sloane.233
urn:cite:botcar:catesbyLabels.typedLabel383.1	urn:cite:botcar:sloane.383
urn:cite:botcar:catesbyLabels.typedLabel268.1	urn:cite:botcar:sloane.268
urn:cite:botcar:catesbyLabels.typedLabel4.1	urn:cite:botcar:sloane.4
urn:cite:botcar:catesbyLabels.typedLabel239.1	urn:cite:botcar:sloane.239
urn:cite:botcar:catesbyLabels.typedLabel420.1	urn:cite:botcar:sloane.420
urn:cite:botcar:catesbyLabels.typedLabel55.1	urn:cite:botcar:sloane.55
urn:cite:botcar:catesbyLabels.typedLabel342.1	urn:cite:botcar:sloane.342
urn:cite:botcar:catesbyLabels.typedLabel8.1	urn:cite:botcar:sloane.8
urn:cite:botcar:catesbyLabels.typedLabel391.1	urn:cite:botcar:sloane.391
urn:cite:botcar:catesbyLabels.typedLabel175.1	urn:cite:botcar:sloane.175
urn:cite:botcar:catesbyLabels.typedLabel75.1	urn:cite:botcar:sloane.75
urn:cite:botcar:catesbyLabels.typedLabel72.1	urn:cite:botcar:sloane.72
urn:cite:botcar:catesbyLabels.typedLabel160.1	urn:cite:botcar:sloane.160
urn:cite:botcar:catesbyLabels.typedLabel263.1	urn:cite:botcar:sloane.263
urn:cite:botcar:catesbyLabels.typedLabel49.1	urn:cite:botcar:sloane.49
urn:cite:botcar:catesbyLabels.typedLabel316.1	urn:cite:botcar:sloane.316
urn:cite:botcar:catesbyLabels.typedLabel234.1	urn:cite:botcar:sloane.234
urn:cite:botcar:catesbyLabels.typedLabel7.1	urn:cite:botcar:sloane.7
urn:cite:botcar:catesbyLabels.typedLabel322.1	urn:cite:botcar:sloane.322
