genusURN,genusName,label,tsn,familyURN
urn:cite:botcar:genus.Acer,Acer,*Acer*: Genus categorized by the editors of Botanica Caroliniana in 2013 following www.itis.gov TSN Ids.,tsn:28727,urn:cite:botcar:family.Sapindaceae
urn:cite:botcar:genus.Actaea,Actaea,*Actaea*: Genus categorized by the editors of Botanica Caroliniana in 2013 following www.itis.gov TSN Ids.,tsn:18721,urn:cite:botcar:family.Ranunculaceae
urn:cite:botcar:genus.Agalinis,Agalinis,*Agalinis*: Genus categorized by the editors of Botanica Caroliniana in 2013 following www.itis.gov TSN Ids.,tsn:33006,urn:cite:botcar:family.Orobanchaceaenchaceae
urn:cite:botcar:genus.Aletris,Aletris,*Aletris*: Genus categorized by the editors of Botanica Caroliniana in 2013 following www.itis.gov TSN Ids.,tsn:42767,urn:cite:botcar:family.Nartheciaceae
urn:cite:botcar:genus.Allium,Allium,*Allium*: Genus categorized by the editors of Botanica Caroliniana in 2013 following www.itis.gov TSN Ids.,tsn:42634,urn:cite:botcar:family.Amaryllidaceae
urn:cite:botcar:genus.Amianthium,Amianthium,*Amianthium*: Genus categorized by the editors of Botanica Caroliniana in 2013 following www.itis.gov TSN Ids.,tsn:42774,urn:cite:botcar:family.Melanthiaceae
urn:cite:botcar:genus.Amorpha,Amorpha,*Amorpha*: Genus categorized by the editors of Botanica Caroliniana in 2013 following www.itis.gov TSN Ids.,tsn:25367,urn:cite:botcar:family.Fabaceae
urn:cite:botcar:genus.Ampelaster,Ampelaster,*Ampelaster*: Genus categorized by the editors of Botanica Caroliniana in 2013 following www.itis.gov TSN Ids.,tsn:500891,urn:cite:botcar:family.Asteraceae
urn:cite:botcar:genus.Ampelopsis,Ampelopsis,*Ampelopsis*: Genus categorized by the editors of Botanica Caroliniana in 2013 following www.itis.gov TSN Ids.,tsn:28630,urn:cite:botcar:family.Vitaceae
urn:cite:botcar:genus.Amsonia,Amsonia,*Amsonia*: Genus categorized by the editors of Botanica Caroliniana in 2013 following www.itis.gov TSN Ids.,tsn:30130,urn:cite:botcar:family.Apocynaceae
urn:cite:botcar:genus.Andropogon,Andropogon,*Andropogon*: Genus categorized by the editors of Botanica Caroliniana in 2013 following www.itis.gov TSN Ids.,tsn:40450,urn:cite:botcar:family.Poaceae
urn:cite:botcar:genus.Angelica,Angelica,*Angelica*: Genus categorized by the editors of Botanica Caroliniana in 2013 following www.itis.gov TSN Ids.,tsn:29431,urn:cite:botcar:family.Apiaceae
urn:cite:botcar:genus.Apios,Apios,*Apios*: Genus categorized by the editors of Botanica Caroliniana in 2013 following www.itis.gov TSN Ids.,tsn:25389,urn:cite:botcar:family.Fabaceae
urn:cite:botcar:genus.Apocynum,Apocynum,*Apocynum*: Genus categorized by the editors of Botanica Caroliniana in 2013 following www.itis.gov TSN Ids.,tsn:30155,urn:cite:botcar:family.Apocynaceae
urn:cite:botcar:genus.Arnoglossum,Arnoglossum,*Arnoglossum*: Genus categorized by the editors of Botanica Caroliniana in 2013 following www.itis.gov TSN Ids.,tsn:36582,urn:cite:botcar:family.Asteraceae
urn:cite:botcar:genus.Asarum,Asarum,*Asarum*: Genus categorized by the editors of Botanica Caroliniana in 2013 following www.itis.gov TSN Ids.,tsn:18351,urn:cite:botcar:family.Aristolochiaceae
urn:cite:botcar:genus.Asclepias,Asclepias,*Asclepias*: Genus categorized by the editors of Botanica Caroliniana in 2013 following www.itis.gov TSN Ids.,tsn:30240,urn:cite:botcar:family.Apocynaceae
urn:cite:botcar:genus.Asplenium,Asplenium,*Asplenium*: Genus categorized by the editors of Botanica Caroliniana in 2013 following www.itis.gov TSN Ids.,tsn:17333,urn:cite:botcar:family.Aspleniaceae
urn:cite:botcar:genus.Astragalus,Astragalus,*Astragalus*: Genus categorized by the editors of Botanica Caroliniana in 2013 following www.itis.gov TSN Ids.,tsn:25392,urn:cite:botcar:family.Fabaceae
urn:cite:botcar:genus.Athyrium,Athyrium,*Athyrium*: Genus categorized by the editors of Botanica Caroliniana in 2013 following www.itis.gov TSN Ids.,tsn:17408,urn:cite:botcar:family.Athyriaceae
urn:cite:botcar:genus.Bacopa,Bacopa,*Bacopa*: Genus categorized by the editors of Botanica Caroliniana in 2013 following www.itis.gov TSN Ids.,tsn:33037,urn:cite:botcar:family.Plantaginaceae
urn:cite:botcar:genus.Baptisia,Baptisia,*Baptisia*: Genus categorized by the editors of Botanica Caroliniana in 2013 following www.itis.gov TSN Ids.,tsn:26466,urn:cite:botcar:family.Fabaceae
urn:cite:botcar:genus.Berchemia,Berchemia,*Berchemia*: Genus categorized by the editors of Botanica Caroliniana in 2013 following www.itis.gov TSN Ids.,tsn:28446,urn:cite:botcar:family.Rhamnaceae
urn:cite:botcar:genus.Berlandiera,Berlandiera,*Berlandiera*: Genus categorized by the editors of Botanica Caroliniana in 2013 following www.itis.gov TSN Ids.,tsn:36829,urn:cite:botcar:family.Asteraceae
urn:cite:botcar:genus.Bidens,Bidens,*Bidens*: Genus categorized by the editors of Botanica Caroliniana in 2013 following www.itis.gov TSN Ids.,tsn:35705,urn:cite:botcar:family.Asteraceae
urn:cite:botcar:genus.Bidens,Bidens,*Bidens*: Genus categorized by the editors of Botanica Caroliniana in 2013 following www.itis.gov TSN Ids.,tsn:35705,urn:cite:botcar:family.Asteraceae
urn:cite:botcar:genus.Bidens,Bidens,*Bidens*: Genus categorized by the editors of Botanica Caroliniana in 2013 following www.itis.gov TSN Ids.,tsn:35705,urn:cite:botcar:family.Asteraceae
urn:cite:botcar:genus.Bidens,Bidens,*Bidens*: Genus categorized by the editors of Botanica Caroliniana in 2013 following www.itis.gov TSN Ids.,tsn:35705,urn:cite:botcar:family.Asteraceae
urn:cite:botcar:genus.Bidens,Bidens,*Bidens*: Genus categorized by the editors of Botanica Caroliniana in 2013 following www.itis.gov TSN Ids.,tsn:35705,urn:cite:botcar:family.Asteraceae
urn:cite:botcar:genus.Bidens,Bidens,*Bidens*: Genus categorized by the editors of Botanica Caroliniana in 2013 following www.itis.gov TSN Ids.,tsn:35705,urn:cite:botcar:family.Asteraceae
urn:cite:botcar:genus.Bidens,Bidens,*Bidens*: Genus categorized by the editors of Botanica Caroliniana in 2013 following www.itis.gov TSN Ids.,tsn:35705,urn:cite:botcar:family.Asteraceae
urn:cite:botcar:genus.Bidens,Bidens,*Bidens*: Genus categorized by the editors of Botanica Caroliniana in 2013 following www.itis.gov TSN Ids.,tsn:35705,urn:cite:botcar:family.Asteraceae
urn:cite:botcar:genus.Bigelowia,Bigelowia,*Bigelowia*: Genus categorized by the editors of Botanica Caroliniana in 2013 following www.itis.gov TSN Ids.,tsn:36836,urn:cite:botcar:family.Asteraceae
urn:cite:botcar:genus.Brunnichia,Brunnichia,*Brunnichia*: Genus categorized by the editors of Botanica Caroliniana in 2013 following www.itis.gov TSN Ids.,tsn:20996,urn:cite:botcar:family.Polygonaceae
urn:cite:botcar:genus.Calycanthus,Calycanthus,*Calycanthus*: Genus categorized by the editors of Botanica Caroliniana in 2013 following www.itis.gov TSN Ids.,tsn:18139,urn:cite:botcar:family.Calycanthaceae
urn:cite:botcar:genus.Calystegia,Calystegia,*Calystegia*: Genus categorized by the editors of Botanica Caroliniana in 2013 following www.itis.gov TSN Ids.,tsn:30649,urn:cite:botcar:family.Convolvulaceae
urn:cite:botcar:genus.Carex,Carex,*Carex*: Genus categorized by the editors of Botanica Caroliniana in 2013 following www.itis.gov TSN Ids.,tsn:39369,urn:cite:botcar:family.Cyperaceae
urn:cite:botcar:genus.Carex,Carex,*Carex*: Genus categorized by the editors of Botanica Caroliniana in 2013 following www.itis.gov TSN Ids.,tsn:39369,urn:cite:botcar:family.Cyperaceae
urn:cite:botcar:genus.Carex,Carex,*Carex*: Genus categorized by the editors of Botanica Caroliniana in 2013 following www.itis.gov TSN Ids.,tsn:39369,urn:cite:botcar:family.Cyperaceae
urn:cite:botcar:genus.Carex,Carex,*Carex*: Genus categorized by the editors of Botanica Caroliniana in 2013 following www.itis.gov TSN Ids.,tsn:39369,urn:cite:botcar:family.Cyperaceae
urn:cite:botcar:genus.Carex,Carex,*Carex*: Genus categorized by the editors of Botanica Caroliniana in 2013 following www.itis.gov TSN Ids.,tsn:39369,urn:cite:botcar:family.Cyperaceae
urn:cite:botcar:genus.Carex,Carex,*Carex*: Genus categorized by the editors of Botanica Caroliniana in 2013 following www.itis.gov TSN Ids.,tsn:39369,urn:cite:botcar:family.Cyperaceae
urn:cite:botcar:genus.Carex,Carex,*Carex*: Genus categorized by the editors of Botanica Caroliniana in 2013 following www.itis.gov TSN Ids.,tsn:39369,urn:cite:botcar:family.Cyperaceae
urn:cite:botcar:genus.Carex,Carex,*Carex*: Genus categorized by the editors of Botanica Caroliniana in 2013 following www.itis.gov TSN Ids.,tsn:39369,urn:cite:botcar:family.Cyperaceae
urn:cite:botcar:genus.Carphephorus,Carphephorus,*Carphephorus*: Genus categorized by the editors of Botanica Caroliniana in 2013 following www.itis.gov TSN Ids.,tsn:36939,urn:cite:botcar:family.Asteraceae
urn:cite:botcar:genus.Carpinus,Carpinus,*Carpinus*: Genus categorized by the editors of Botanica Caroliniana in 2013 following www.itis.gov TSN Ids.,tsn:19503,urn:cite:botcar:family.Betulaceae
urn:cite:botcar:genus.Carya,Carya,*Carya*: Genus categorized by the editors of Botanica Caroliniana in 2013 following www.itis.gov TSN Ids.,tsn:19223,urn:cite:botcar:family.Juglandaceae
urn:cite:botcar:genus.Castanea,Castanea,*Castanea*: Genus categorized by the editors of Botanica Caroliniana in 2013 following www.itis.gov TSN Ids.,tsn:19451,urn:cite:botcar:family.Fagaceae
urn:cite:botcar:genus.Catalpa,Catalpa,*Catalpa*: Genus categorized by the editors of Botanica Caroliniana in 2013 following www.itis.gov TSN Ids.,tsn:34312,urn:cite:botcar:family.Bignoniaceae
urn:cite:botcar:genus.Ceanothus,Ceanothus,*Ceanothus*: Genus categorized by the editors of Botanica Caroliniana in 2013 following www.itis.gov TSN Ids.,tsn:28453,urn:cite:botcar:family.Rhamnaceae
urn:cite:botcar:genus.Cenchrus,Cenchrus,*Cenchrus*: Genus categorized by the editors of Botanica Caroliniana in 2013 following www.itis.gov TSN Ids.,tsn:40569,urn:cite:botcar:family.Poaceae
urn:cite:botcar:genus.Cenchrus,Cenchrus,*Cenchrus*: Genus categorized by the editors of Botanica Caroliniana in 2013 following www.itis.gov TSN Ids.,tsn:40569,urn:cite:botcar:family.Poaceae
urn:cite:botcar:genus.Cephalanthus,Cephalanthus,*Cephalanthus*: Genus categorized by the editors of Botanica Caroliniana in 2013 following www.itis.gov TSN Ids.,tsn:34785,urn:cite:botcar:family.Rubiaceae
urn:cite:botcar:genus.Ceratiola,Ceratiola,*Ceratiola*: Genus categorized by the editors of Botanica Caroliniana in 2013 following www.itis.gov TSN Ids.,tsn:23746,urn:cite:botcar:family.Ericaceae
urn:cite:botcar:genus.Cercis,Cercis,*Cercis*: Genus categorized by the editors of Botanica Caroliniana in 2013 following www.itis.gov TSN Ids.,tsn:25781,urn:cite:botcar:family.Fabaceae
urn:cite:botcar:genus.Chamaecrista,Chamaecrista,*Chamaecrista*: Genus categorized by the editors of Botanica Caroliniana in 2013 following www.itis.gov TSN Ids.,tsn:500196,urn:cite:botcar:family.Fabaceae
urn:cite:botcar:genus.Chamaesyce,Chamaesyce,*Chamaesyce*: Genus categorized by the editors of Botanica Caroliniana in 2013 following www.itis.gov TSN Ids.,tsn:28244,urn:cite:botcar:family.Euphorbiaceae
urn:cite:botcar:genus.Chaptalia,Chaptalia,*Chaptalia*: Genus categorized by the editors of Botanica Caroliniana in 2013 following www.itis.gov TSN Ids.,tsn:37022,urn:cite:botcar:family.Asteraceae
urn:cite:botcar:genus.Chasmanthium,Chasmanthium,*Chasmanthium*: Genus categorized by the editors of Botanica Caroliniana in 2013 following www.itis.gov TSN Ids.,tsn:41546,urn:cite:botcar:family.Poaceae
urn:cite:botcar:genus.Chrysogonum,Chrysogonum,*Chrysogonum*: Genus categorized by the editors of Botanica Caroliniana in 2013 following www.itis.gov TSN Ids.,tsn:37044,urn:cite:botcar:family.Asteraceae
urn:cite:botcar:genus.Chrysopsis,Chrysopsis,*Chrysopsis*: Genus categorized by the editors of Botanica Caroliniana in 2013 following www.itis.gov TSN Ids.,tsn:202494,urn:cite:botcar:family.Asteraceae
urn:cite:botcar:genus.Cicuta,Cicuta,*Cicuta*: Genus categorized by the editors of Botanica Caroliniana in 2013 following www.itis.gov TSN Ids.,tsn:29455,urn:cite:botcar:family.Apiaceae
urn:cite:botcar:genus.Clematis,Clematis,*Clematis*: Genus categorized by the editors of Botanica Caroliniana in 2013 following www.itis.gov TSN Ids.,tsn:18685,urn:cite:botcar:family.Ranunculaceae
urn:cite:botcar:genus.Clethra,Clethra,*Clethra*: Genus categorized by the editors of Botanica Caroliniana in 2013 following www.itis.gov TSN Ids.,tsn:23453,urn:cite:botcar:family.Clethraceae
urn:cite:botcar:genus.Cnidoscolus,Cnidoscolus,*Cnidoscolus*: Genus categorized by the editors of Botanica Caroliniana in 2013 following www.itis.gov TSN Ids.,tsn:28254,urn:cite:botcar:family.Euphorbiaceae
urn:cite:botcar:genus.Cocculus,Cocculus,*Cocculus*: Genus categorized by the editors of Botanica Caroliniana in 2013 following www.itis.gov TSN Ids.,tsn:18863,urn:cite:botcar:family.Menispermaceae
urn:cite:botcar:genus.Coelorachis,Coelorachis,*Coelorachis*: Genus categorized by the editors of Botanica Caroliniana in 2013 following www.itis.gov TSN Ids.,tsn:41580,urn:cite:botcar:family.Poaceae
urn:cite:botcar:genus.Collinsonia,Collinsonia,*Collinsonia*: Genus categorized by the editors of Botanica Caroliniana in 2013 following www.itis.gov TSN Ids.,tsn:32473,urn:cite:botcar:family.Lamiaceae
urn:cite:botcar:genus.Commelina,Commelina,*Commelina*: Genus categorized by the editors of Botanica Caroliniana in 2013 following www.itis.gov TSN Ids.,tsn:39126,urn:cite:botcar:family.Commelinaceae
urn:cite:botcar:genus.Coreopsis,Coreopsis,*Coreopsis*: Genus categorized by the editors of Botanica Caroliniana in 2013 following www.itis.gov TSN Ids.,tsn:37123,urn:cite:botcar:family.Asteraceae
urn:cite:botcar:genus.Cornus,Cornus,*Cornus*: Genus categorized by the editors of Botanica Caroliniana in 2013 following www.itis.gov TSN Ids.,tsn:27798,urn:cite:botcar:family.Cornaceae
urn:cite:botcar:genus.Ctenium,Ctenium,*Ctenium*: Genus categorized by the editors of Botanica Caroliniana in 2013 following www.itis.gov TSN Ids.,tsn:41606,urn:cite:botcar:family.Poaceae
urn:cite:botcar:genus.Cyperus,Cyperus,*Cyperus*: Genus categorized by the editors of Botanica Caroliniana in 2013 following www.itis.gov TSN Ids.,tsn:39882,urn:cite:botcar:family.Cyperaceae
urn:cite:botcar:genus.Cyrilla,Cyrilla,*Cyrilla*: Genus categorized by the editors of Botanica Caroliniana in 2013 following www.itis.gov TSN Ids.,tsn:23448,urn:cite:botcar:family.Cyrillaceae
urn:cite:botcar:genus.Dalea,Dalea,*Dalea*: Genus categorized by the editors of Botanica Caroliniana in 2013 following www.itis.gov TSN Ids.,tsn:26597,urn:cite:botcar:family.Fabaceae
urn:cite:botcar:genus.Delphinium,Delphinium,*Delphinium*: Genus categorized by the editors of Botanica Caroliniana in 2013 following www.itis.gov TSN Ids.,tsn:18457,urn:cite:botcar:family.Ranunculaceae
urn:cite:botcar:genus.Dioscorea,Dioscorea,*Dioscorea*: Genus categorized by the editors of Botanica Caroliniana in 2013 following www.itis.gov TSN Ids.,tsn:43366,urn:cite:botcar:family.Dioscoreaceae
urn:cite:botcar:genus.Diospyros,Diospyros,*Diospyros*: Genus categorized by the editors of Botanica Caroliniana in 2013 following www.itis.gov TSN Ids.,tsn:23853,urn:cite:botcar:family.Ebenaceae
urn:cite:botcar:genus.Dyschoriste,Dyschoriste,*Dyschoriste*: Genus categorized by the editors of Botanica Caroliniana in 2013 following www.itis.gov TSN Ids.,tsn:500252,urn:cite:botcar:family.Acanthaceae
urn:cite:botcar:genus.Echinochloa,Echinochloa,*Echinochloa*: Genus categorized by the editors of Botanica Caroliniana in 2013 following www.itis.gov TSN Ids.,tsn:40667,urn:cite:botcar:family.Poaceae
urn:cite:botcar:genus.Echinochloa,Echinochloa,*Echinochloa*: Genus categorized by the editors of Botanica Caroliniana in 2013 following www.itis.gov TSN Ids.,tsn:40667,urn:cite:botcar:family.Poaceae
urn:cite:botcar:genus.Eleocharis,Eleocharis,*Eleocharis*: Genus categorized by the editors of Botanica Caroliniana in 2013 following www.itis.gov TSN Ids.,tsn:40010,urn:cite:botcar:family.Cyperaceae
urn:cite:botcar:genus.Eleocharis,Eleocharis,*Eleocharis*: Genus categorized by the editors of Botanica Caroliniana in 2013 following www.itis.gov TSN Ids.,tsn:40010,urn:cite:botcar:family.Cyperaceae
urn:cite:botcar:genus.Eleusine,Eleusine,*Eleusine*: Genus categorized by the editors of Botanica Caroliniana in 2013 following www.itis.gov TSN Ids.,tsn:41690,urn:cite:botcar:family.Poaceae
urn:cite:botcar:genus.Endodeca,Endodeca,*Endodeca*: Genus categorized by the editors of Botanica Caroliniana in 2013 following www.itis.gov TSN Ids.,tsn:to be added,urn:cite:botcar:family.Aristolochiaceae
urn:cite:botcar:genus.Epifagus,Epifagus,*Epifagus*: Genus categorized by the editors of Botanica Caroliniana in 2013 following www.itis.gov TSN Ids.,tsn:34275,urn:cite:botcar:family.Orobanchaceae
urn:cite:botcar:genus.Erigeron,Erigeron,*Erigeron*: Genus categorized by the editors of Botanica Caroliniana in 2013 following www.itis.gov TSN Ids.,tsn:35803,urn:cite:botcar:family.Asteraceae
urn:cite:botcar:genus.Eriocaulon,Eriocaulon,*Eriocaulon*: Genus categorized by the editors of Botanica Caroliniana in 2013 following www.itis.gov TSN Ids.,tsn:39194,urn:cite:botcar:family.Eriocaulaceae
urn:cite:botcar:genus.Eriogonum,Eriogonum,*Eriogonum*: Genus categorized by the editors of Botanica Caroliniana in 2013 following www.itis.gov TSN Ids.,tsn:21054,urn:cite:botcar:family.Polygonaceae
urn:cite:botcar:genus.Eryngium,Eryngium,*Eryngium*: Genus categorized by the editors of Botanica Caroliniana in 2013 following www.itis.gov TSN Ids.,tsn:29479,urn:cite:botcar:family.Apiaceae
urn:cite:botcar:genus.Eupatorium,Eupatorium,*Eupatorium*: Genus categorized by the editors of Botanica Caroliniana in 2013 following www.itis.gov TSN Ids.,tsn:35977,urn:cite:botcar:family.Asteraceae
urn:cite:botcar:genus.Eupatorium,Eupatorium,*Eupatorium*: Genus categorized by the editors of Botanica Caroliniana in 2013 following www.itis.gov TSN Ids.,tsn:35977,urn:cite:botcar:family.Asteraceae
urn:cite:botcar:genus.Eupatorium,Eupatorium,*Eupatorium*: Genus categorized by the editors of Botanica Caroliniana in 2013 following www.itis.gov TSN Ids.,tsn:35977,urn:cite:botcar:family.Asteraceae
urn:cite:botcar:genus.Eupatorium,Eupatorium,*Eupatorium*: Genus categorized by the editors of Botanica Caroliniana in 2013 following www.itis.gov TSN Ids.,tsn:35977,urn:cite:botcar:family.Asteraceae
urn:cite:botcar:genus.Eupatorium,Eupatorium,*Eupatorium*: Genus categorized by the editors of Botanica Caroliniana in 2013 following www.itis.gov TSN Ids.,tsn:35977,urn:cite:botcar:family.Asteraceae
urn:cite:botcar:genus.Eupatorium,Eupatorium,*Eupatorium*: Genus categorized by the editors of Botanica Caroliniana in 2013 following www.itis.gov TSN Ids.,tsn:35977,urn:cite:botcar:family.Asteraceae
urn:cite:botcar:genus.Eupatorium,Eupatorium,*Eupatorium*: Genus categorized by the editors of Botanica Caroliniana in 2013 following www.itis.gov TSN Ids.,tsn:35977,urn:cite:botcar:family.Asteraceae
urn:cite:botcar:genus.Eupatorium,Eupatorium,*Eupatorium*: Genus categorized by the editors of Botanica Caroliniana in 2013 following www.itis.gov TSN Ids.,tsn:35977,urn:cite:botcar:family.Asteraceae
urn:cite:botcar:genus.Euthamia,Euthamia,*Euthamia*: Genus categorized by the editors of Botanica Caroliniana in 2013 following www.itis.gov TSN Ids.,tsn:37349,urn:cite:botcar:family.Asteraceae
urn:cite:botcar:genus.Eutrochium,Eutrochium,*Eutrochium*: Genus categorized by the editors of Botanica Caroliniana in 2013 following www.itis.gov TSN Ids.,tsn:780089,urn:cite:botcar:family.Asteraceae
urn:cite:botcar:genus.Fraxinus,Fraxinus,*Fraxinus*: Genus categorized by the editors of Botanica Caroliniana in 2013 following www.itis.gov TSN Ids.,tsn:32928,urn:cite:botcar:family.Oleaceae
urn:cite:botcar:genus.Fuirena,Fuirena,*Fuirena*: Genus categorized by the editors of Botanica Caroliniana in 2013 following www.itis.gov TSN Ids.,tsn:40130,urn:cite:botcar:family.Cyperaceae
urn:cite:botcar:genus.Gaillardia,Gaillardia,*Gaillardia*: Genus categorized by the editors of Botanica Caroliniana in 2013 following www.itis.gov TSN Ids.,tsn:37395,urn:cite:botcar:family.Asteraceae
urn:cite:botcar:genus.Galactia,Galactia,*Galactia*: Genus categorized by the editors of Botanica Caroliniana in 2013 following www.itis.gov TSN Ids.,tsn:26683,urn:cite:botcar:family.Fabaceae
urn:cite:botcar:genus.Galactia,Galactia,*Galactia*: Genus categorized by the editors of Botanica Caroliniana in 2013 following www.itis.gov TSN Ids.,tsn:26683,urn:cite:botcar:family.Fabaceae
urn:cite:botcar:genus.Galactia,Galactia,*Galactia*: Genus categorized by the editors of Botanica Caroliniana in 2013 following www.itis.gov TSN Ids.,tsn:26683,urn:cite:botcar:family.Fabaceae
urn:cite:botcar:genus.Galactia,Galactia,*Galactia*: Genus categorized by the editors of Botanica Caroliniana in 2013 following www.itis.gov TSN Ids.,tsn:26683,urn:cite:botcar:family.Fabaceae
urn:cite:botcar:genus.Galactia,Galactia,*Galactia*: Genus categorized by the editors of Botanica Caroliniana in 2013 following www.itis.gov TSN Ids.,tsn:26683,urn:cite:botcar:family.Fabaceae
urn:cite:botcar:genus.Galactia,Galactia,*Galactia*: Genus categorized by the editors of Botanica Caroliniana in 2013 following www.itis.gov TSN Ids.,tsn:26683,urn:cite:botcar:family.Fabaceae
urn:cite:botcar:genus.Galactia,Galactia,*Galactia*: Genus categorized by the editors of Botanica Caroliniana in 2013 following www.itis.gov TSN Ids.,tsn:26683,urn:cite:botcar:family.Fabaceae
urn:cite:botcar:genus.Galactia,Galactia,*Galactia*: Genus categorized by the editors of Botanica Caroliniana in 2013 following www.itis.gov TSN Ids.,tsn:26683,urn:cite:botcar:family.Fabaceae
urn:cite:botcar:genus.Gamochaeta,Gamochaeta,*Gamochaeta*: Genus categorized by the editors of Botanica Caroliniana in 2013 following www.itis.gov TSN Ids.,tsn:37416,urn:cite:botcar:family.Asteraceae
urn:cite:botcar:genus.Gentiana,Gentiana,*Gentiana*: Genus categorized by the editors of Botanica Caroliniana in 2013 following www.itis.gov TSN Ids.,tsn:29963,urn:cite:botcar:family.Gentianaceae
urn:cite:botcar:genus.Geum,Geum,*Geum*: Genus categorized by the editors of Botanica Caroliniana in 2013 following www.itis.gov TSN Ids.,tsn:24644,urn:cite:botcar:family.Rosaceae
urn:cite:botcar:genus.Glandularia,Glandularia,*Glandularia*: Genus categorized by the editors of Botanica Caroliniana in 2013 following www.itis.gov TSN Ids.,tsn:32171,urn:cite:botcar:family.Verbenaceae
urn:cite:botcar:genus.Gleditsia,Gleditsia,*Gleditsia*: Genus categorized by the editors of Botanica Caroliniana in 2013 following www.itis.gov TSN Ids.,tsn:26711,urn:cite:botcar:family.Fabaceae
urn:cite:botcar:genus.Gordonia,Gordonia,*Gordonia*: Genus categorized by the editors of Botanica Caroliniana in 2013 following www.itis.gov TSN Ids.,tsn:21385,urn:cite:botcar:family.Theaceae
urn:cite:botcar:genus.Grass,,,tsn:,urn:cite:botcar:family.Poaceae
urn:cite:botcar:genus.Habenaria,Habenaria,*Habenaria*: Genus categorized by the editors of Botanica Caroliniana in 2013 following www.itis.gov TSN Ids.,tsn:43398,urn:cite:botcar:family.Orchidaceae
urn:cite:botcar:genus.Hamamelis,Hamamelis,*Hamamelis*: Genus categorized by the editors of Botanica Caroliniana in 2013 following www.itis.gov TSN Ids.,tsn:19031,urn:cite:botcar:family.Hamamelidaceae
urn:cite:botcar:genus.Helenium,Helenium,*Helenium*: Genus categorized by the editors of Botanica Caroliniana in 2013 following www.itis.gov TSN Ids.,tsn:36005,urn:cite:botcar:family.Asteraceae
urn:cite:botcar:genus.Helianthus,Helianthus,*Helianthus*: Genus categorized by the editors of Botanica Caroliniana in 2013 following www.itis.gov TSN Ids.,tsn:36611,urn:cite:botcar:family.Asteraceae
urn:cite:botcar:genus.Heliopsis,Heliopsis,*Heliopsis*: Genus categorized by the editors of Botanica Caroliniana in 2013 following www.itis.gov TSN Ids.,tsn:37604,urn:cite:botcar:family.Asteraceae
urn:cite:botcar:genus.Hibiscus,Hibiscus,*Hibiscus*: Genus categorized by the editors of Botanica Caroliniana in 2013 following www.itis.gov TSN Ids.,tsn:21611,urn:cite:botcar:family.Malvaceae
urn:cite:botcar:genus.Hydrangea,Hydrangea,*Hydrangea*: Genus categorized by the editors of Botanica Caroliniana in 2013 following www.itis.gov TSN Ids.,tsn:24194,urn:cite:botcar:family.Hydrangeaceae
urn:cite:botcar:genus.Hylodesmum,Hylodesmum,*Hylodesmum*: Genus categorized by the editors of Botanica Caroliniana in 2013 following www.itis.gov TSN Ids.,tsn:to be added,urn:cite:botcar:family.Fabaceae
urn:cite:botcar:genus.Hypericum,Hypericum,*Hypericum*: Genus categorized by the editors of Botanica Caroliniana in 2013 following www.itis.gov TSN Ids.,tsn:21416,urn:cite:botcar:family.Hypericaceae
urn:cite:botcar:genus.Hyptis,Hyptis,*Hyptis*: Genus categorized by the editors of Botanica Caroliniana in 2013 following www.itis.gov TSN Ids.,tsn:32522,urn:cite:botcar:family.Lamiaceae
urn:cite:botcar:genus.Ilex,Ilex,*Ilex*: Genus categorized by the editors of Botanica Caroliniana in 2013 following www.itis.gov TSN Ids.,tsn:27980,urn:cite:botcar:family.Aquifoliaceae
urn:cite:botcar:genus.Impatiens,Impatiens,*Impatiens*: Genus categorized by the editors of Botanica Caroliniana in 2013 following www.itis.gov TSN Ids.,tsn:29181,urn:cite:botcar:family.Balsaminaceae
urn:cite:botcar:genus.Indigofera,Indigofera,*Indigofera*: Genus categorized by the editors of Botanica Caroliniana in 2013 following www.itis.gov TSN Ids.,tsn:26738,urn:cite:botcar:family.Fabaceae
urn:cite:botcar:genus.Ipomoea,Ipomoea,*Ipomoea*: Genus categorized by the editors of Botanica Caroliniana in 2013 following www.itis.gov TSN Ids.,tsn:30758,urn:cite:botcar:family.Convolvulaceae
urn:cite:botcar:genus.Ipomoea,Ipomoea,*Ipomoea*: Genus categorized by the editors of Botanica Caroliniana in 2013 following www.itis.gov TSN Ids.,tsn:30758,urn:cite:botcar:family.Convolvulaceae
urn:cite:botcar:genus.Ipomoea,Ipomoea,*Ipomoea*: Genus categorized by the editors of Botanica Caroliniana in 2013 following www.itis.gov TSN Ids.,tsn:30758,urn:cite:botcar:family.Convolvulaceae
urn:cite:botcar:genus.Ipomoea,Ipomoea,*Ipomoea*: Genus categorized by the editors of Botanica Caroliniana in 2013 following www.itis.gov TSN Ids.,tsn:30758,urn:cite:botcar:family.Convolvulaceae
urn:cite:botcar:genus.Ipomoea,Ipomoea,*Ipomoea*: Genus categorized by the editors of Botanica Caroliniana in 2013 following www.itis.gov TSN Ids.,tsn:30758,urn:cite:botcar:family.Convolvulaceae
urn:cite:botcar:genus.Ipomoea,Ipomoea,*Ipomoea*: Genus categorized by the editors of Botanica Caroliniana in 2013 following www.itis.gov TSN Ids.,tsn:30758,urn:cite:botcar:family.Convolvulaceae
urn:cite:botcar:genus.Ipomoea,Ipomoea,*Ipomoea*: Genus categorized by the editors of Botanica Caroliniana in 2013 following www.itis.gov TSN Ids.,tsn:30758,urn:cite:botcar:family.Convolvulaceae
urn:cite:botcar:genus.Ipomoea,Ipomoea,*Ipomoea*: Genus categorized by the editors of Botanica Caroliniana in 2013 following www.itis.gov TSN Ids.,tsn:30758,urn:cite:botcar:family.Convolvulaceae
urn:cite:botcar:genus.Ipomopsis,Ipomopsis,*Ipomopsis*: Genus categorized by the editors of Botanica Caroliniana in 2013 following www.itis.gov TSN Ids.,tsn:31191,urn:cite:botcar:family.Polemoniaceae
urn:cite:botcar:genus.Itea,Itea,*Itea*: Genus categorized by the editors of Botanica Caroliniana in 2013 following www.itis.gov TSN Ids.,tsn:24201,urn:cite:botcar:family.Iteaceae
urn:cite:botcar:genus.Juncus,Juncus,*Juncus*: Genus categorized by the editors of Botanica Caroliniana in 2013 following www.itis.gov TSN Ids.,tsn:39220,urn:cite:botcar:family.Juncaceae
urn:cite:botcar:genus.Kalmia,Kalmia,*Kalmia*: Genus categorized by the editors of Botanica Caroliniana in 2013 following www.itis.gov TSN Ids.,tsn:23672,urn:cite:botcar:family.Ericaceae
urn:cite:botcar:genus.Kosteletzkya,Kosteletzkya,*Kosteletzkya*: Genus categorized by the editors of Botanica Caroliniana in 2013 following www.itis.gov TSN Ids.,tsn:21654,urn:cite:botcar:family.Malvaceae
urn:cite:botcar:genus.Lachnanthes,Lachnanthes,*Lachnanthes*: Genus categorized by the editors of Botanica Caroliniana in 2013 following www.itis.gov TSN Ids.,tsn:43328,urn:cite:botcar:family.Haemodoraceae
urn:cite:botcar:genus.Lactuca,Lactuca,*Lactuca*: Genus categorized by the editors of Botanica Caroliniana in 2013 following www.itis.gov TSN Ids.,tsn:36594,urn:cite:botcar:family.Asteraceae
urn:cite:botcar:genus.Lamiaceae,Lamiaceae,*Lamiaceae*: Genus categorized by the editors of Botanica Caroliniana in 2013 following www.itis.gov TSN Ids.,tsn:32251,urn:cite:botcar:family.Lamiaceae
urn:cite:botcar:genus.Lamiaceae,Lamiaceae,*Lamiaceae*: Genus categorized by the editors of Botanica Caroliniana in 2013 following www.itis.gov TSN Ids.,tsn:32251,urn:cite:botcar:family.Lamiaceae
urn:cite:botcar:genus.Laportea,Laportea,*Laportea*: Genus categorized by the editors of Botanica Caroliniana in 2013 following www.itis.gov TSN Ids.,tsn:19126,urn:cite:botcar:family.Urticaceae
urn:cite:botcar:genus.Leptochloa,Leptochloa,*Leptochloa*: Genus categorized by the editors of Botanica Caroliniana in 2013 following www.itis.gov TSN Ids.,tsn:41817,urn:cite:botcar:family.Poaceae
urn:cite:botcar:genus.Leptochloa,Leptochloa,*Leptochloa*: Genus categorized by the editors of Botanica Caroliniana in 2013 following www.itis.gov TSN Ids.,tsn:41817,urn:cite:botcar:family.Poaceae
urn:cite:botcar:genus.Lespedeza,Lespedeza,*Lespedeza*: Genus categorized by the editors of Botanica Caroliniana in 2013 following www.itis.gov TSN Ids.,tsn:25892,urn:cite:botcar:family.Fabaceae
urn:cite:botcar:genus.Leucothoe,Leucothoe,*Leucothoe*: Genus categorized by the editors of Botanica Caroliniana in 2013 following www.itis.gov TSN Ids.,tsn:23547,urn:cite:botcar:family.Ericaceae
urn:cite:botcar:genus.Liatris,Liatris,*Liatris*: Genus categorized by the editors of Botanica Caroliniana in 2013 following www.itis.gov TSN Ids.,tsn:37906,urn:cite:botcar:family.Asteraceae
urn:cite:botcar:genus.Lilium,Lilium,*Lilium*: Genus categorized by the editors of Botanica Caroliniana in 2013 following www.itis.gov TSN Ids.,tsn:42722,urn:cite:botcar:family.Liliaceae
urn:cite:botcar:genus.Liquidambar,Liquidambar,*Liquidambar*: Genus categorized by the editors of Botanica Caroliniana in 2013 following www.itis.gov TSN Ids.,tsn:19026,urn:cite:botcar:family.Altingiaceae
urn:cite:botcar:genus.Liriodendron,Liriodendron,*Liriodendron*: Genus categorized by the editors of Botanica Caroliniana in 2013 following www.itis.gov TSN Ids.,tsn:18085,urn:cite:botcar:family.Magnoliaceae
urn:cite:botcar:genus.Lithospermum,Lithospermum,*Lithospermum*: Genus categorized by the editors of Botanica Caroliniana in 2013 following www.itis.gov TSN Ids.,tsn:31937,urn:cite:botcar:family.Boraginaceae
urn:cite:botcar:genus.Litsea,Litsea,*Litsea*: Genus categorized by the editors of Botanica Caroliniana in 2013 following www.itis.gov TSN Ids.,tsn:18205,urn:cite:botcar:family.Lauraceae
urn:cite:botcar:genus.Lobelia,Lobelia,*Lobelia*: Genus categorized by the editors of Botanica Caroliniana in 2013 following www.itis.gov TSN Ids.,tsn:34503,urn:cite:botcar:family.Campanulaceae
urn:cite:botcar:genus.Ludwigia,Ludwigia,*Ludwigia*: Genus categorized by the editors of Botanica Caroliniana in 2013 following www.itis.gov TSN Ids.,tsn:27334,urn:cite:botcar:family.Onagraceae
urn:cite:botcar:genus.Lupinus,Lupinus,*Lupinus*: Genus categorized by the editors of Botanica Caroliniana in 2013 following www.itis.gov TSN Ids.,tsn:25916,urn:cite:botcar:family.Fabaceae
urn:cite:botcar:genus.Lycopodiella,Lycopodiella,*Lycopodiella*: Genus categorized by the editors of Botanica Caroliniana in 2013 following www.itis.gov TSN Ids.,tsn:500395,urn:cite:botcar:family.Lycopodiaceae
urn:cite:botcar:genus.Lycopus,Lycopus,*Lycopus*: Genus categorized by the editors of Botanica Caroliniana in 2013 following www.itis.gov TSN Ids.,tsn:32253,urn:cite:botcar:family.Lamiaceae
urn:cite:botcar:genus.Lyonia,Lyonia,*Lyonia*: Genus categorized by the editors of Botanica Caroliniana in 2013 following www.itis.gov TSN Ids.,tsn:23558,urn:cite:botcar:family.Ericaceae
urn:cite:botcar:genus.Lysimachia,Lysimachia,*Lysimachia*: Genus categorized by the editors of Botanica Caroliniana in 2013 following www.itis.gov TSN Ids.,tsn:23983,urn:cite:botcar:family.Primulaceae
urn:cite:botcar:genus.Maianthemum,Maianthemum,*Maianthemum*: Genus categorized by the editors of Botanica Caroliniana in 2013 following www.itis.gov TSN Ids.,tsn:500404,urn:cite:botcar:family.Ruscaceae
urn:cite:botcar:genus.Marshallia,Marshallia,*Marshallia*: Genus categorized by the editors of Botanica Caroliniana in 2013 following www.itis.gov TSN Ids.,tsn:38063,urn:cite:botcar:family.Asteraceae
urn:cite:botcar:genus.Matelea,Matelea,*Matelea*: Genus categorized by the editors of Botanica Caroliniana in 2013 following www.itis.gov TSN Ids.,tsn:30364,urn:cite:botcar:family.Apocynaceae
urn:cite:botcar:genus.Medeola,Medeola,*Medeola*: Genus categorized by the editors of Botanica Caroliniana in 2013 following www.itis.gov TSN Ids.,tsn:42962,urn:cite:botcar:family.Liliaceae
urn:cite:botcar:genus.Melanthium,Melanthium,*Melanthium*: Genus categorized by the editors of Botanica Caroliniana in 2013 following www.itis.gov TSN Ids.,tsn:42964,urn:cite:botcar:family.Melanthiaceae
urn:cite:botcar:genus.Melothria,Melothria,*Melothria*: Genus categorized by the editors of Botanica Caroliniana in 2013 following www.itis.gov TSN Ids.,tsn:22338,urn:cite:botcar:family.Cucurbitaceae
urn:cite:botcar:genus.Menispermum,Menispermum,*Menispermum*: Genus categorized by the editors of Botanica Caroliniana in 2013 following www.itis.gov TSN Ids.,tsn:18870,urn:cite:botcar:family.Menispermaceae
urn:cite:botcar:genus.Metopium,Metopium,*Metopium*: Genus categorized by the editors of Botanica Caroliniana in 2013 following www.itis.gov TSN Ids.,tsn:28804,urn:cite:botcar:family.Anacardiaceae
urn:cite:botcar:genus.Mimosa,Mimosa,*Mimosa*: Genus categorized by the editors of Botanica Caroliniana in 2013 following www.itis.gov TSN Ids.,tsn:26781,urn:cite:botcar:family.Fabaceae
urn:cite:botcar:genus.Monarda,Monarda,*Monarda*: Genus categorized by the editors of Botanica Caroliniana in 2013 following www.itis.gov TSN Ids.,tsn:32278,urn:cite:botcar:family.Lamiaceae
urn:cite:botcar:genus.Morus,Morus,*Morus*: Genus categorized by the editors of Botanica Caroliniana in 2013 following www.itis.gov TSN Ids.,tsn:19064,urn:cite:botcar:family.Moraceae
urn:cite:botcar:genus.Narcissus,Narcissus,*Narcissus*: Genus categorized by the editors of Botanica Caroliniana in 2013 following www.itis.gov TSN Ids.,tsn:500435,urn:cite:botcar:family.Amaryllidaceae
urn:cite:botcar:genus.Narcissus,Narcissus,*Narcissus*: Genus categorized by the editors of Botanica Caroliniana in 2013 following www.itis.gov TSN Ids.,tsn:500435,urn:cite:botcar:family.Amaryllidaceae
urn:cite:botcar:genus.Nasturtium,Nasturtium,*Nasturtium*: Genus categorized by the editors of Botanica Caroliniana in 2013 following www.itis.gov TSN Ids.,tsn:23252,urn:cite:botcar:family.Brassicaceae
urn:cite:botcar:genus.Nolina,Nolina,*Nolina*: Genus categorized by the editors of Botanica Caroliniana in 2013 following www.itis.gov TSN Ids.,tsn:42983,urn:cite:botcar:family.Ruscaceae
urn:cite:botcar:genus.Nymphaea,Nymphaea,*Nymphaea*: Genus categorized by the editors of Botanica Caroliniana in 2013 following www.itis.gov TSN Ids.,tsn:18383,urn:cite:botcar:family.Nymphaeaceae
urn:cite:botcar:genus.Nyssa,Nyssa,*Nyssa*: Genus categorized by the editors of Botanica Caroliniana in 2013 following www.itis.gov TSN Ids.,tsn:27820,urn:cite:botcar:family.Nyssaceae
urn:cite:botcar:genus.Nyssa,Nyssa,*Nyssa*: Genus categorized by the editors of Botanica Caroliniana in 2013 following www.itis.gov TSN Ids.,tsn:27820,urn:cite:botcar:family.Nyssaceae
urn:cite:botcar:genus.Oenothera,Oenothera,*Oenothera*: Genus categorized by the editors of Botanica Caroliniana in 2013 following www.itis.gov TSN Ids.,tsn:27367,urn:cite:botcar:family.Onagraceae
urn:cite:botcar:genus.Onosmodium,Onosmodium,*Onosmodium*: Genus categorized by the editors of Botanica Caroliniana in 2013 following www.itis.gov TSN Ids.,tsn:31964,urn:cite:botcar:family.Boraginaceae
urn:cite:botcar:genus.Orbexilum,Orbexilum,*Orbexilum*: Genus categorized by the editors of Botanica Caroliniana in 2013 following www.itis.gov TSN Ids.,tsn:26814,urn:cite:botcar:family.Fabaceae
urn:cite:botcar:genus.Osmanthus,Osmanthus,*Osmanthus*: Genus categorized by the editors of Botanica Caroliniana in 2013 following www.itis.gov TSN Ids.,tsn:32991,urn:cite:botcar:family.Oleaceae
urn:cite:botcar:genus.Osmorhiza,Osmorhiza,*Osmorhiza*: Genus categorized by the editors of Botanica Caroliniana in 2013 following www.itis.gov TSN Ids.,tsn:29784,urn:cite:botcar:family.Apiaceae
urn:cite:botcar:genus.Osmunda,Osmunda,*Osmunda*: Genus categorized by the editors of Botanica Caroliniana in 2013 following www.itis.gov TSN Ids.,tsn:17217,urn:cite:botcar:family.Osmundaceae
urn:cite:botcar:genus.Ostrya,Ostrya,*Ostrya*: Genus categorized by the editors of Botanica Caroliniana in 2013 following www.itis.gov TSN Ids.,tsn:19508,urn:cite:botcar:family.Betulaceae
urn:cite:botcar:genus.Oxydendrum,Oxydendrum,*Oxydendrum*: Genus categorized by the editors of Botanica Caroliniana in 2013 following www.itis.gov TSN Ids.,tsn:23689,urn:cite:botcar:family.Ericaceae
urn:cite:botcar:genus.Paspalum,Paspalum,*Paspalum*: Genus categorized by the editors of Botanica Caroliniana in 2013 following www.itis.gov TSN Ids.,tsn:40990,urn:cite:botcar:family.Poaceae
urn:cite:botcar:genus.Pedicularis,Pedicularis,*Pedicularis*: Genus categorized by the editors of Botanica Caroliniana in 2013 following www.itis.gov TSN Ids.,tsn:33352,urn:cite:botcar:family.Orobanchaceae
urn:cite:botcar:genus.Pediomelum,Pediomelum,*Pediomelum*: Genus categorized by the editors of Botanica Caroliniana in 2013 following www.itis.gov TSN Ids.,tsn:26832,urn:cite:botcar:family.Fabaceae
urn:cite:botcar:genus.Persea,Persea,*Persea*: Genus categorized by the editors of Botanica Caroliniana in 2013 following www.itis.gov TSN Ids.,tsn:18148,urn:cite:botcar:family.Lauraceae
urn:cite:botcar:genus.Persicaria,Persicaria,*Persicaria*: Genus categorized by the editors of Botanica Caroliniana in 2013 following www.itis.gov TSN Ids.,tsn:823756,urn:cite:botcar:family.Polygonaceae
urn:cite:botcar:genus.Phalaris,Phalaris,*Phalaris*: Genus categorized by the editors of Botanica Caroliniana in 2013 following www.itis.gov TSN Ids.,tsn:41334,urn:cite:botcar:family.Poaceae
urn:cite:botcar:genus.Phaseolus,Phaseolus,*Phaseolus*: Genus categorized by the editors of Botanica Caroliniana in 2013 following www.itis.gov TSN Ids.,tsn:26839,urn:cite:botcar:family.Fabaceae
urn:cite:botcar:genus.Phegopteris,Phegopteris,*Phegopteris*: Genus categorized by the editors of Botanica Caroliniana in 2013 following www.itis.gov TSN Ids.,tsn:500482,urn:cite:botcar:family.Thelypteridaceae
urn:cite:botcar:genus.Philadelphus,Philadelphus,*Philadelphus*: Genus categorized by the editors of Botanica Caroliniana in 2013 following www.itis.gov TSN Ids.,tsn:24418,urn:cite:botcar:family.Hydrangeaceae
urn:cite:botcar:genus.Phleum,Phleum,*Phleum*: Genus categorized by the editors of Botanica Caroliniana in 2013 following www.itis.gov TSN Ids.,tsn:41061,urn:cite:botcar:family.Gramineae
urn:cite:botcar:genus.Phlox,Phlox,*Phlox*: Genus categorized by the editors of Botanica Caroliniana in 2013 following www.itis.gov TSN Ids.,tsn:30897,urn:cite:botcar:family.Polemoniaceae
urn:cite:botcar:genus.Phyla,Phyla,*Phyla*: Genus categorized by the editors of Botanica Caroliniana in 2013 following www.itis.gov TSN Ids.,tsn:32193,urn:cite:botcar:family.Verbenaceae
urn:cite:botcar:genus.Physalis,Physalis,*Physalis*: Genus categorized by the editors of Botanica Caroliniana in 2013 following www.itis.gov TSN Ids.,tsn:30587,urn:cite:botcar:family.Solanaceae
urn:cite:botcar:genus.Physostegia,Physostegia,*Physostegia*: Genus categorized by the editors of Botanica Caroliniana in 2013 following www.itis.gov TSN Ids.,tsn:32386,urn:cite:botcar:family.Lamiaceae
urn:cite:botcar:genus.Pityopsis,Pityopsis,*Pityopsis*: Genus categorized by the editors of Botanica Caroliniana in 2013 following www.itis.gov TSN Ids.,tsn:196340,urn:cite:botcar:family.Asteraceae
urn:cite:botcar:genus.Platanthera,Platanthera,*Platanthera*: Genus categorized by the editors of Botanica Caroliniana in 2013 following www.itis.gov TSN Ids.,tsn:43410,urn:cite:botcar:family.Orchidaceae
urn:cite:botcar:genus.Platanus,Platanus,*Platanus*: Genus categorized by the editors of Botanica Caroliniana in 2013 following www.itis.gov TSN Ids.,tsn:19019,urn:cite:botcar:family.Platanaceae
urn:cite:botcar:genus.Pluchea,Pluchea,*Pluchea*: Genus categorized by the editors of Botanica Caroliniana in 2013 following www.itis.gov TSN Ids.,tsn:36060,urn:cite:botcar:family.Asteraceae
urn:cite:botcar:genus.Podophyllum,Podophyllum,*Podophyllum*: Genus categorized by the editors of Botanica Caroliniana in 2013 following www.itis.gov TSN Ids.,tsn:18849,urn:cite:botcar:family.Berberidaceae
urn:cite:botcar:genus.Podostemum,Podostemum,*Podostemum*: Genus categorized by the editors of Botanica Caroliniana in 2013 following www.itis.gov TSN Ids.,tsn:27030,urn:cite:botcar:family.Podostemaceae
urn:cite:botcar:genus.Polygala,Polygala,*Polygala*: Genus categorized by the editors of Botanica Caroliniana in 2013 following www.itis.gov TSN Ids.,tsn:29302,urn:cite:botcar:family.Polygalaceae
urn:cite:botcar:genus.Polygonatum,Polygonatum,*Polygonatum*: Genus categorized by the editors of Botanica Caroliniana in 2013 following www.itis.gov TSN Ids.,tsn:43005,urn:cite:botcar:family.Ruscaceae
urn:cite:botcar:genus.Polypremum,Polypremum,*Polypremum*: Genus categorized by the editors of Botanica Caroliniana in 2013 following www.itis.gov TSN Ids.,tsn:29958,urn:cite:botcar:family.Tetrachondraceae
urn:cite:botcar:genus.Polystichum,Polystichum,*Polystichum*: Genus categorized by the editors of Botanica Caroliniana in 2013 following www.itis.gov TSN Ids.,tsn:17674,urn:cite:botcar:family.Dryopteridaceae
urn:cite:botcar:genus.Polytrichum,Polytrichum,*Polytrichum*: Genus categorized by the editors of Botanica Caroliniana in 2013 following www.itis.gov TSN Ids.,tsn:15758,urn:cite:botcar:family.Polytrichaceae
urn:cite:botcar:genus.Pontederia,Pontederia,*Pontederia*: Genus categorized by the editors of Botanica Caroliniana in 2013 following www.itis.gov TSN Ids.,tsn:42619,urn:cite:botcar:family.Pontederiaceae
urn:cite:botcar:genus.Populus,Populus,*Populus*: Genus categorized by the editors of Botanica Caroliniana in 2013 following www.itis.gov TSN Ids.,tsn:22444,urn:cite:botcar:family.Salicaceae
urn:cite:botcar:genus.Prenanthes,Prenanthes,*Prenanthes*: Genus categorized by the editors of Botanica Caroliniana in 2013 following www.itis.gov TSN Ids.,tsn:38268,urn:cite:botcar:family.Asteraceae
urn:cite:botcar:genus.Prunella,Prunella,*Prunella*: Genus categorized by the editors of Botanica Caroliniana in 2013 following www.itis.gov TSN Ids.,tsn:32379,urn:cite:botcar:family.Lamiaceae
urn:cite:botcar:genus.Prunus,Prunus,*Prunus*: Genus categorized by the editors of Botanica Caroliniana in 2013 following www.itis.gov TSN Ids.,tsn:24762,urn:cite:botcar:family.Rosaceae
urn:cite:botcar:genus.Pseudognaphalium,Pseudognaphalium,*Pseudognaphalium*: Genus categorized by the editors of Botanica Caroliniana in 2013 following www.itis.gov TSN Ids.,tsn:500903,urn:cite:botcar:family.Asteraceae
urn:cite:botcar:genus.Ptelea,Ptelea,*Ptelea*: Genus categorized by the editors of Botanica Caroliniana in 2013 following www.itis.gov TSN Ids.,tsn:28990,urn:cite:botcar:family.Rutaceae
urn:cite:botcar:genus.Ptilimnium,Ptilimnium,*Ptilimnium*: Genus categorized by the editors of Botanica Caroliniana in 2013 following www.itis.gov TSN Ids.,tsn:29550,urn:cite:botcar:family.Apiaceae
urn:cite:botcar:genus.Pycnanthemum,Pycnanthemum,*Pycnanthemum*: Genus categorized by the editors of Botanica Caroliniana in 2013 following www.itis.gov TSN Ids.,tsn:32650,urn:cite:botcar:family.Lamiaceae
urn:cite:botcar:genus.Pycnanthemum,Pycnanthemum,*Pycnanthemum*: Genus categorized by the editors of Botanica Caroliniana in 2013 following www.itis.gov TSN Ids.,tsn:32650,urn:cite:botcar:family.Lamiaceae
urn:cite:botcar:genus.Pycnanthemum,Pycnanthemum,*Pycnanthemum*: Genus categorized by the editors of Botanica Caroliniana in 2013 following www.itis.gov TSN Ids.,tsn:32650,urn:cite:botcar:family.Lamiaceae
urn:cite:botcar:genus.Pycnanthemum,Pycnanthemum,*Pycnanthemum*: Genus categorized by the editors of Botanica Caroliniana in 2013 following www.itis.gov TSN Ids.,tsn:32650,urn:cite:botcar:family.Lamiaceae
urn:cite:botcar:genus.Quercus,Quercus,*Quercus*: Genus categorized by the editors of Botanica Caroliniana in 2013 following www.itis.gov TSN Ids.,tsn:19276,urn:cite:botcar:family.Fagaceae
urn:cite:botcar:genus.Rhexia,Rhexia,*Rhexia*: Genus categorized by the editors of Botanica Caroliniana in 2013 following www.itis.gov TSN Ids.,tsn:27684,urn:cite:botcar:family.Melastomataceae
urn:cite:botcar:genus.Rhynchosia,Rhynchosia,*Rhynchosia*: Genus categorized by the editors of Botanica Caroliniana in 2013 following www.itis.gov TSN Ids.,tsn:500536,urn:cite:botcar:family.Fabaceae
urn:cite:botcar:genus.Rhynchospora,Rhynchospora,*Rhynchospora*: Genus categorized by the editors of Botanica Caroliniana in 2013 following www.itis.gov TSN Ids.,tsn:40144,urn:cite:botcar:family.Cyperaceae
urn:cite:botcar:genus.Rubus,Rubus,*Rubus*: Genus categorized by the editors of Botanica Caroliniana in 2013 following www.itis.gov TSN Ids.,tsn:24848,urn:cite:botcar:family.Rosaceae
urn:cite:botcar:genus.Rudbeckia,Rudbeckia,*Rudbeckia*: Genus categorized by the editors of Botanica Caroliniana in 2013 following www.itis.gov TSN Ids.,tsn:36764,urn:cite:botcar:family.Asteraceae
urn:cite:botcar:genus.Sabatia,Sabatia,*Sabatia*: Genus categorized by the editors of Botanica Caroliniana in 2013 following www.itis.gov TSN Ids.,tsn:30000,urn:cite:botcar:family.Gentianaceae
urn:cite:botcar:genus.Saccharum,Saccharum,*Saccharum*: Genus categorized by the editors of Botanica Caroliniana in 2013 following www.itis.gov TSN Ids.,tsn:42054,urn:cite:botcar:family.Poaceae
urn:cite:botcar:genus.Salvia,Salvia,*Salvia*: Genus categorized by the editors of Botanica Caroliniana in 2013 following www.itis.gov TSN Ids.,tsn:32680,urn:cite:botcar:family.Lamiaceae
urn:cite:botcar:genus.Sarracenia,Sarracenia,*Sarracenia*: Genus categorized by the editors of Botanica Caroliniana in 2013 following www.itis.gov TSN Ids.,tsn:21992,urn:cite:botcar:family.Sarraceniaceae
urn:cite:botcar:genus.Saururus,Saururus,*Saururus*: Genus categorized by the editors of Botanica Caroliniana in 2013 following www.itis.gov TSN Ids.,tsn:18220,urn:cite:botcar:family.Saururaceae
urn:cite:botcar:genus.Scirpus,Scirpus,*Scirpus*: Genus categorized by the editors of Botanica Caroliniana in 2013 following www.itis.gov TSN Ids.,tsn:40225,urn:cite:botcar:family.Cyperaceae
urn:cite:botcar:genus.Scutellaria,Scutellaria,*Scutellaria*: Genus categorized by the editors of Botanica Caroliniana in 2013 following www.itis.gov TSN Ids.,tsn:32764,urn:cite:botcar:family.Lamiaceae
urn:cite:botcar:genus.Selaginella,Selaginella,*Selaginella*: Genus categorized by the editors of Botanica Caroliniana in 2013 following www.itis.gov TSN Ids.,tsn:17064,urn:cite:botcar:family.Selaginellaceae
urn:cite:botcar:genus.Senna,Senna,*Senna*: Genus categorized by the editors of Botanica Caroliniana in 2013 following www.itis.gov TSN Ids.,tsn:500553,urn:cite:botcar:family.Fabaceae
urn:cite:botcar:genus.Sericocarpus,Sericocarpus,*Sericocarpus*: Genus categorized by the editors of Botanica Caroliniana in 2013 following www.itis.gov TSN Ids.,tsn:500905,urn:cite:botcar:family.Asteraceae
urn:cite:botcar:genus.Setaria,Setaria,*Setaria*: Genus categorized by the editors of Botanica Caroliniana in 2013 following www.itis.gov TSN Ids.,tsn:41229,urn:cite:botcar:family.Poaceae
urn:cite:botcar:genus.Seymeria,Seymeria,*Seymeria*: Genus categorized by the editors of Botanica Caroliniana in 2013 following www.itis.gov TSN Ids.,tsn:34042,urn:cite:botcar:family.Orobanchaceae
urn:cite:botcar:genus.Sida,Sida,*Sida*: Genus categorized by the editors of Botanica Caroliniana in 2013 following www.itis.gov TSN Ids.,tsn:21724,urn:cite:botcar:family.Malvaceae
urn:cite:botcar:genus.Silene,Silene,*Silene*: Genus categorized by the editors of Botanica Caroliniana in 2013 following www.itis.gov TSN Ids.,tsn:20040,urn:cite:botcar:family.Caryophyllaceae
urn:cite:botcar:genus.Silphium,Silphium,*Silphium*: Genus categorized by the editors of Botanica Caroliniana in 2013 following www.itis.gov TSN Ids.,tsn:38384,urn:cite:botcar:family.Asteraceae
urn:cite:botcar:genus.Smallanthus,Smallanthus,*Smallanthus*: Genus categorized by the editors of Botanica Caroliniana in 2013 following www.itis.gov TSN Ids.,tsn:38418,urn:cite:botcar:family.Asteraceae
urn:cite:botcar:genus.Smilax,Smilax,*Smilax*: Genus categorized by the editors of Botanica Caroliniana in 2013 following www.itis.gov TSN Ids.,tsn:43340,urn:cite:botcar:family.Smilacaceae
urn:cite:botcar:genus.Solidago,Solidago,*Solidago*: Genus categorized by the editors of Botanica Caroliniana in 2013 following www.itis.gov TSN Ids.,tsn:36223,urn:cite:botcar:family.Asteraceae
urn:cite:botcar:genus.Spermacoce,Spermacoce,*Spermacoce*: Genus categorized by the editors of Botanica Caroliniana in 2013 following www.itis.gov TSN Ids.,tsn:35239,urn:cite:botcar:family.Rubiaceae
urn:cite:botcar:genus.Spermacoce,Spermacoce,*Spermacoce*: Genus categorized by the editors of Botanica Caroliniana in 2013 following www.itis.gov TSN Ids.,tsn:35239,urn:cite:botcar:family.Rubiaceae
urn:cite:botcar:genus.Spigelia,Spigelia,*Spigelia*: Genus categorized by the editors of Botanica Caroliniana in 2013 following www.itis.gov TSN Ids.,tsn:29960,urn:cite:botcar:family.Loganiaceae
urn:cite:botcar:genus.Sporobolus,Sporobolus,*Sporobolus*: Genus categorized by the editors of Botanica Caroliniana in 2013 following www.itis.gov TSN Ids.,tsn:42115,urn:cite:botcar:family.Poaceae
urn:cite:botcar:genus.Stachys,Stachys,*Stachys*: Genus categorized by the editors of Botanica Caroliniana in 2013 following www.itis.gov TSN Ids.,tsn:32310,urn:cite:botcar:family.Lamiaceae
urn:cite:botcar:genus.Stillingia,Stillingia,*Stillingia*: Genus categorized by the editors of Botanica Caroliniana in 2013 following www.itis.gov TSN Ids.,tsn:28409,urn:cite:botcar:family.Euphorbiaceae
urn:cite:botcar:genus.Stylosanthes,Stylosanthes,*Stylosanthes*: Genus categorized by the editors of Botanica Caroliniana in 2013 following www.itis.gov TSN Ids.,tsn:26972,urn:cite:botcar:family.Fabaceae
urn:cite:botcar:genus.Stylosanthes,Stylosanthes,*Stylosanthes*: Genus categorized by the editors of Botanica Caroliniana in 2013 following www.itis.gov TSN Ids.,tsn:26972,urn:cite:botcar:family.Fabaceae
urn:cite:botcar:genus.Styrax,Styrax,*Styrax*: Genus categorized by the editors of Botanica Caroliniana in 2013 following www.itis.gov TSN Ids.,tsn:23867,urn:cite:botcar:family.Styracaceae
urn:cite:botcar:genus.Symphyotrichum,Symphyotrichum,*Symphyotrichum*: Genus categorized by the editors of Botanica Caroliniana in 2013 following www.itis.gov TSN Ids.,tsn:564906,urn:cite:botcar:family.Asteraceae
urn:cite:botcar:genus.Taxodium,Taxodium,*Taxodium*: Genus categorized by the editors of Botanica Caroliniana in 2013 following www.itis.gov TSN Ids.,tsn:18040,urn:cite:botcar:family.Cupressaceae
urn:cite:botcar:genus.Tephrosia,Tephrosia,*Tephrosia*: Genus categorized by the editors of Botanica Caroliniana in 2013 following www.itis.gov TSN Ids.,tsn:26981,urn:cite:botcar:family.Fabaceae
urn:cite:botcar:genus.Teucrium,Teucrium,*Teucrium*: Genus categorized by the editors of Botanica Caroliniana in 2013 following www.itis.gov TSN Ids.,tsn:32351,urn:cite:botcar:family.Lamiaceae
urn:cite:botcar:genus.Thalictrum,Thalictrum,*Thalictrum*: Genus categorized by the editors of Botanica Caroliniana in 2013 following www.itis.gov TSN Ids.,tsn:18658,urn:cite:botcar:family.Ranunculaceae
urn:cite:botcar:genus.Thaspium,Thaspium,*Thaspium*: Genus categorized by the editors of Botanica Caroliniana in 2013 following www.itis.gov TSN Ids.,tsn:29887,urn:cite:botcar:family.Apiaceae
urn:cite:botcar:genus.Tilia,Tilia,*Tilia*: Genus categorized by the editors of Botanica Caroliniana in 2013 following www.itis.gov TSN Ids.,tsn:21535,urn:cite:botcar:family.Malvaceae
urn:cite:botcar:genus.Toxicodendron,Toxicodendron,*Toxicodendron*: Genus categorized by the editors of Botanica Caroliniana in 2013 following www.itis.gov TSN Ids.,tsn:28818,urn:cite:botcar:family.Anacardiaceae
urn:cite:botcar:genus.Tragia,Tragia,*Tragia*: Genus categorized by the editors of Botanica Caroliniana in 2013 following www.itis.gov TSN Ids.,tsn:28424,urn:cite:botcar:family.Euphorbiaceae
urn:cite:botcar:genus.Trautvetteria,Trautvetteria,*Trautvetteria*: Genus categorized by the editors of Botanica Caroliniana in 2013 following www.itis.gov TSN Ids.,tsn:18802,urn:cite:botcar:family.Ranunculaceae
urn:cite:botcar:genus.Triantha,Triantha,*Triantha*: Genus categorized by the editors of Botanica Caroliniana in 2013 following www.itis.gov TSN Ids.,tsn:810146,urn:cite:botcar:family.Tofieldiaceae
urn:cite:botcar:genus.Trichostema,Trichostema,*Trichostema*: Genus categorized by the editors of Botanica Caroliniana in 2013 following www.itis.gov TSN Ids.,tsn:32361,urn:cite:botcar:family.Lamiaceae
urn:cite:botcar:genus.Trilisa,Trilisa,*Trilisa*: Genus categorized by the editors of Botanica Caroliniana in 2013 following www.itis.gov TSN Ids.,tsn:38576,urn:cite:botcar:family.Asteraceae
urn:cite:botcar:genus.Trillium,Trillium,*Trillium*: Genus categorized by the editors of Botanica Caroliniana in 2013 following www.itis.gov TSN Ids.,tsn:43054,urn:cite:botcar:family.Trilliaceae
urn:cite:botcar:genus.Triodanis,Triodanis,*Triodanis*: Genus categorized by the editors of Botanica Caroliniana in 2013 following www.itis.gov TSN Ids.,tsn:34609,urn:cite:botcar:family.Campanulaceae
urn:cite:botcar:genus.Ulmus,Ulmus,*Ulmus*: Genus categorized by the editors of Botanica Caroliniana in 2013 following www.itis.gov TSN Ids.,tsn:19048,urn:cite:botcar:family.Ulmaceae
urn:cite:botcar:genus.Uniola,Uniola,*Uniola*: Genus categorized by the editors of Botanica Caroliniana in 2013 following www.itis.gov TSN Ids.,tsn:41315,urn:cite:botcar:family.Poaceae
urn:cite:botcar:genus.Vaccinium,Vaccinium,*Vaccinium*: Genus categorized by the editors of Botanica Caroliniana in 2013 following www.itis.gov TSN Ids.,tsn:23571,urn:cite:botcar:family.Ericaceae
urn:cite:botcar:genus.Vernonia,Vernonia,*Vernonia*: Genus categorized by the editors of Botanica Caroliniana in 2013 following www.itis.gov TSN Ids.,tsn:38615,urn:cite:botcar:family.Asteraceae
urn:cite:botcar:genus.Viola,Viola,*Viola*: Genus categorized by the editors of Botanica Caroliniana in 2013 following www.itis.gov TSN Ids.,tsn:22030,urn:cite:botcar:family.Violaceae
urn:cite:botcar:genus.Vitis,Vitis,*Vitis*: Genus categorized by the editors of Botanica Caroliniana in 2013 following www.itis.gov TSN Ids.,tsn:28606,urn:cite:botcar:family.Vitaceae
urn:cite:botcar:genus.Woodwardia,Woodwardia,*Woodwardia*: Genus categorized by the editors of Botanica Caroliniana in 2013 following www.itis.gov TSN Ids.,tsn:17748,urn:cite:botcar:family.Blechnaceae
urn:cite:botcar:genus.Xyris,Xyris,*Xyris*: Genus categorized by the editors of Botanica Caroliniana in 2013 following www.itis.gov TSN Ids.,tsn:39096,urn:cite:botcar:family.Xyridaceae
urn:cite:botcar:genus.Zizania,Zizania,*Zizania*: Genus categorized by the editors of Botanica Caroliniana in 2013 following www.itis.gov TSN Ids.,tsn:41318,urn:cite:botcar:family.Poaceae
urn:cite:botcar:genus.indetCaryophyllaceae,,,tsn:,urn:cite:botcar:family.Caryophyllaceae
