speciesURN,tsn,familyURN,genusURN,scientificName,label
urn:cite:botcar:species.Acernegundo,tsn:28749,urn:cite:botcar:family.Sapindaceae,urn:cite:botcar:genus.Acer,"Acer negundo L.","**Acer negundo L.**: Species name identified and classified by P. McMillan and A. Hackney Blackwell, 2014."
urn:cite:botcar:species.Acerrubrum,tsn:28728,urn:cite:botcar:family.Sapindaceae,urn:cite:botcar:genus.Acer,"Acer rubrum L. var. rubrum","**Acer rubrum L. var. rubrum**: Species name identified and classified by P. McMillan and A. Hackney Blackwell, 2014."
urn:cite:botcar:species.Acersaccharinum,tsn:28757,urn:cite:botcar:family.Sapindaceae,urn:cite:botcar:genus.Acer,"Acer saccharinum L.","**Acer saccharinum L.**: Species name identified and classified by P. McMillan and A. Hackney Blackwell, 2014."
urn:cite:botcar:species.Actaearacemosa,tsn:821148,urn:cite:botcar:family.Ranunculaceae,urn:cite:botcar:genus.Actaea,"Actaea racemosa L.","**Actaea racemosa L.**: Species name identified and classified by P. McMillan and A. Hackney Blackwell, 2014."
urn:cite:botcar:species.Agalinispurpurea,tsn:33007,urn:cite:botcar:family.Orobanchaceaenchaceae,urn:cite:botcar:genus.Agalinis,"Agalinis purpurea (L.) Pennell","**Agalinis purpurea (L.) Pennell**: Species name identified and classified by P. McMillan and A. Hackney Blackwell, 2014."
urn:cite:botcar:species.Aletrisaurea,tsn:42768,urn:cite:botcar:family.Nartheciaceae,urn:cite:botcar:genus.Aletris,"Aletris aurea Walter","**Aletris aurea Walter**: Species name identified and classified by P. McMillan and A. Hackney Blackwell, 2014."
urn:cite:botcar:species.Alliumcuthbertii,tsn:42696,urn:cite:botcar:family.Amaryllidaceae,urn:cite:botcar:genus.Allium,"Allium cuthbertii Small","**Allium cuthbertii Small**: Species name identified and classified by P. McMillan and A. Hackney Blackwell, 2014."
urn:cite:botcar:species.Amianthiummuscitoxicum,tsn:42775,urn:cite:botcar:family.Melanthiaceae,urn:cite:botcar:genus.Amianthium,"Amianthium muscitoxicum (Walter) A. Gray","**Amianthium muscitoxicum (Walter) A. Gray**: Species name identified and classified by P. McMillan and A. Hackney Blackwell, 2014."
urn:cite:botcar:species.Amorphaglabra,tsn:25376,urn:cite:botcar:family.Fabaceae,urn:cite:botcar:genus.Amorpha,"Amorpha glabra Desf. ex Poir.","**Amorpha glabra Desf. ex Poir.**: Species name identified and classified by P. McMillan and A. Hackney Blackwell, 2014."
urn:cite:botcar:species.Amorphaherbacea,tsn:25377,urn:cite:botcar:family.Fabaceae,urn:cite:botcar:genus.Amorpha,"Amorpha herbacea Walter","**Amorpha herbacea Walter**: Species name identified and classified by P. McMillan and A. Hackney Blackwell, 2014."
urn:cite:botcar:species.Ampelastercarolinianus,tsn:507577,urn:cite:botcar:family.Asteraceae,urn:cite:botcar:genus.Ampelaster,"Ampelaster carolinianus (Walter) G.L. Nesom","**Ampelaster carolinianus (Walter) G.L. Nesom**: Species name identified and classified by P. McMillan and A. Hackney Blackwell, 2014."
urn:cite:botcar:species.Ampelopsisarborea,tsn:28631,urn:cite:botcar:family.Vitaceae,urn:cite:botcar:genus.Ampelopsis,"Ampelopsis arborea (L.) Koehne","**Ampelopsis arborea (L.) Koehne**: Species name identified and classified by P. McMillan and A. Hackney Blackwell, 2014."
urn:cite:botcar:species.Amsoniatabernaemontana,tsn:30148,urn:cite:botcar:family.Apocynaceae,urn:cite:botcar:genus.Amsonia,"Amsonia tabernaemontana Walter var. tabernaemontana","**Amsonia tabernaemontana Walter var. tabernaemontana**: Species name identified and classified by P. McMillan and A. Hackney Blackwell, 2014."
urn:cite:botcar:species.Andropogontenuispatheus,tsn:565857,urn:cite:botcar:family.Poaceae,urn:cite:botcar:genus.Andropogon,"Andropogon tenuispatheus (Nash) Nash","**Andropogon tenuispatheus (Nash) Nash**: Species name identified and classified by P. McMillan and A. Hackney Blackwell, 2014."
urn:cite:botcar:species.Angelicavenenosa,tsn:29453,urn:cite:botcar:family.Apiaceae,urn:cite:botcar:genus.Angelica,"Angelica venenosa (Greenway) Fernald","**Angelica venenosa (Greenway) Fernald**: Species name identified and classified by P. McMillan and A. Hackney Blackwell, 2014."
urn:cite:botcar:species.Apiosamericana,tsn:25390,urn:cite:botcar:family.Fabaceae,urn:cite:botcar:genus.Apios,"Apios americana Medikus","**Apios americana Medikus**: Species name identified and classified by P. McMillan and A. Hackney Blackwell, 2014."
urn:cite:botcar:species.Apocynumcannabinum,tsn:30157,urn:cite:botcar:family.Apocynaceae,urn:cite:botcar:genus.Apocynum,"Apocynum cannabinum L.","**Apocynum cannabinum L.**: Species name identified and classified by P. McMillan and A. Hackney Blackwell, 2014."
urn:cite:botcar:species.Arnoglossumatriplicifolium,tsn:36583,urn:cite:botcar:family.Asteraceae,urn:cite:botcar:genus.Arnoglossum,"Arnoglossum atriplicifolium (L.) H. Rob.","**Arnoglossum atriplicifolium (L.) H. Rob.**: Species name identified and classified by P. McMillan and A. Hackney Blackwell, 2014."
urn:cite:botcar:species.Asarumcanadense,tsn:18353,urn:cite:botcar:family.Aristolochiaceae,urn:cite:botcar:genus.Asarum,"Asarum canadense L.","**Asarum canadense L.**: Species name identified and classified by P. McMillan and A. Hackney Blackwell, 2014."
urn:cite:botcar:species.Asclepiasamplexicaulis,tsn:30244,urn:cite:botcar:family.Apocynaceae,urn:cite:botcar:genus.Asclepias,"Asclepias amplexicaulis Sm.","**Asclepias amplexicaulis Sm.**: Species name identified and classified by P. McMillan and A. Hackney Blackwell, 2014."
urn:cite:botcar:species.Asclepiashumistrata,tsn:30272,urn:cite:botcar:family.Apocynaceae,urn:cite:botcar:genus.Asclepias,"Asclepias humistrata Walter","**Asclepias humistrata Walter**: Species name identified and classified by P. McMillan and A. Hackney Blackwell, 2014."
urn:cite:botcar:species.Asclepiasobovata,tsn:30289,urn:cite:botcar:family.Apocynaceae,urn:cite:botcar:genus.Asclepias,"Asclepias obovata Elliott","**Asclepias obovata Elliott**: Species name identified and classified by P. McMillan and A. Hackney Blackwell, 2014."
urn:cite:botcar:species.Asclepiasrubra,tsn:30299,urn:cite:botcar:family.Apocynaceae,urn:cite:botcar:genus.Asclepias,"Asclepias rubra L.","**Asclepias rubra L.**: Species name identified and classified by P. McMillan and A. Hackney Blackwell, 2014."
urn:cite:botcar:species.Asclepiastuberosa,tsn:30313,urn:cite:botcar:family.Apocynaceae,urn:cite:botcar:genus.Asclepias,"Asclepias tuberosa L.","**Asclepias tuberosa L.**: Species name identified and classified by P. McMillan and A. Hackney Blackwell, 2014."
urn:cite:botcar:species.Asclepiasverticillata,tsn:30320,urn:cite:botcar:family.Apocynaceae,urn:cite:botcar:genus.Asclepias,"Asclepias verticillata L.","**Asclepias verticillata L.**: Species name identified and classified by P. McMillan and A. Hackney Blackwell, 2014."
urn:cite:botcar:species.Asclepiasviridiflora,tsn:30322,urn:cite:botcar:family.Apocynaceae,urn:cite:botcar:genus.Asclepias,"Asclepias viridiflora Raf.","**Asclepias viridiflora Raf.**: Species name identified and classified by P. McMillan and A. Hackney Blackwell, 2014."
urn:cite:botcar:species.Aspleniumtrichomanes,tsn:17364,urn:cite:botcar:family.Aspleniaceae,urn:cite:botcar:genus.Asplenium,"Asplenium trichomanes L.","**Asplenium trichomanes L.**: Species name identified and classified by P. McMillan and A. Hackney Blackwell, 2014."
urn:cite:botcar:species.Astragalusmichauxii,tsn:25577,urn:cite:botcar:family.Fabaceae,urn:cite:botcar:genus.Astragalus,"Astragalus michauxii (Kuntze) F.J. Herm.","**Astragalus michauxii (Kuntze) F.J. Herm.**: Species name identified and classified by P. McMillan and A. Hackney Blackwell, 2014."
urn:cite:botcar:species.Athyriumasplenioides,tsn:17422,urn:cite:botcar:family.Athyriaceae,urn:cite:botcar:genus.Athyrium,"Athyrium asplenioides (Michaux) A.A. Eaton","**Athyrium asplenioides (Michaux) A.A. Eaton**: Species name identified and classified by P. McMillan and A. Hackney Blackwell, 2014."
urn:cite:botcar:species.Bacopamonnieri,tsn:33038,urn:cite:botcar:family.Plantaginaceae,urn:cite:botcar:genus.Bacopa,"Bacopa monnieri (L.) Pennell","**Bacopa monnieri (L.) Pennell**: Species name identified and classified by P. McMillan and A. Hackney Blackwell, 2014."
urn:cite:botcar:species.Baptisiaalbescens,tsn:192869,urn:cite:botcar:family.Fabaceae,urn:cite:botcar:genus.Baptisia,"Baptisia albescens Small","**Baptisia albescens Small**: Species name identified and classified by P. McMillan and A. Hackney Blackwell, 2014."
urn:cite:botcar:species.Baptisiabracteata,tsn:26470,urn:cite:botcar:family.Fabaceae,urn:cite:botcar:genus.Baptisia,"Baptisia bracteata Elliott","**Baptisia bracteata Elliott**: Species name identified and classified by P. McMillan and A. Hackney Blackwell, 2014."
urn:cite:botcar:species.Baptisiaperfoliata,tsn:26482,urn:cite:botcar:family.Fabaceae,urn:cite:botcar:genus.Baptisia,"Baptisia perfoliata (L.) R. Br.","**Baptisia perfoliata (L.) R. Br.**: Species name identified and classified by P. McMillan and A. Hackney Blackwell, 2014."
urn:cite:botcar:species.Baptisiatinctoria,tsn:26489,urn:cite:botcar:family.Fabaceae,urn:cite:botcar:genus.Baptisia,"Baptisia tinctoria (L.) Ventenat","**Baptisia tinctoria (L.) Ventenat**: Species name identified and classified by P. McMillan and A. Hackney Blackwell, 2014."
urn:cite:botcar:species.Berchemiascandens,tsn:28447,urn:cite:botcar:family.Rhamnaceae,urn:cite:botcar:genus.Berchemia,"Berchemia scandens (Hill) K. Koch","**Berchemia scandens (Hill) K. Koch**: Species name identified and classified by P. McMillan and A. Hackney Blackwell, 2014."
urn:cite:botcar:species.Berlandierapumila,tsn:36833,urn:cite:botcar:family.Asteraceae,urn:cite:botcar:genus.Berlandiera,"Berlandiera pumila (Michx) Nutt.","**Berlandiera pumila (Michx) Nutt.**: Species name identified and classified by P. McMillan and A. Hackney Blackwell, 2014."
urn:cite:botcar:species.Bidensfrondosa,tsn:35707,urn:cite:botcar:family.Asteraceae,urn:cite:botcar:genus.Bidens,"Bidens frondosa L.","**Bidens frondosa L.**: Species name identified and classified by P. McMillan and A. Hackney Blackwell, 2014."
urn:cite:botcar:species.Bidensfrondosa,tsn:35707,urn:cite:botcar:family.Asteraceae,urn:cite:botcar:genus.Bidens,"Bidens frondosa L.","**Bidens frondosa L.**: Species name identified and classified by P. McMillan and A. Hackney Blackwell, 2014."
urn:cite:botcar:species.Bigelowianudata,tsn:36837,urn:cite:botcar:family.Asteraceae,urn:cite:botcar:genus.Bigelowia,"Bigelowia nudata (Michx.) DC.","**Bigelowia nudata (Michx.) DC.**: Species name identified and classified by P. McMillan and A. Hackney Blackwell, 2014."
urn:cite:botcar:species.Brunnichiaovata,tsn:501079,urn:cite:botcar:family.Polygonaceae,urn:cite:botcar:genus.Brunnichia,"Brunnichia ovata (Walter) Shinners","**Brunnichia ovata (Walter) Shinners**: Species name identified and classified by P. McMillan and A. Hackney Blackwell, 2014."
urn:cite:botcar:species.Calycanthusfloridus,tsn:18142,urn:cite:botcar:family.Calycanthaceae,urn:cite:botcar:genus.Calycanthus,"Calycanthus floridus L.","**Calycanthus floridus L.**: Species name identified and classified by P. McMillan and A. Hackney Blackwell, 2014."
urn:cite:botcar:species.Calystegiacatesbeiana,tsn:845106,urn:cite:botcar:family.Convolvulaceae,urn:cite:botcar:genus.Calystegia,"Calystegia catesbeiana Pursh","**Calystegia catesbeiana Pursh**: Species name identified and classified by P. McMillan and A. Hackney Blackwell, 2014."
urn:cite:botcar:species.Carexglaucescens,tsn:39396,urn:cite:botcar:family.Cyperaceae,urn:cite:botcar:genus.Carex,"Carex glaucescens Elliott","**Carex glaucescens Elliott**: Species name identified and classified by P. McMillan and A. Hackney Blackwell, 2014."
urn:cite:botcar:species.Carexglaucescens,tsn:39396,urn:cite:botcar:family.Cyperaceae,urn:cite:botcar:genus.Carex,"Carex glaucescens Elliott","**Carex glaucescens Elliott**: Species name identified and classified by P. McMillan and A. Hackney Blackwell, 2014."
urn:cite:botcar:species.Carphephoruscarnosus,tsn:501300,urn:cite:botcar:family.Asteraceae,urn:cite:botcar:genus.Carphephorus,"Carphephorus carnosus (Small) C.W. James","**Carphephorus carnosus (Small) C.W. James**: Species name identified and classified by P. McMillan and A. Hackney Blackwell, 2014."
urn:cite:botcar:species.Carpinuscaroliniana,tsn:19504,urn:cite:botcar:family.Betulaceae,urn:cite:botcar:genus.Carpinus,"Carpinus caroliniana Walter","**Carpinus caroliniana Walter**: Species name identified and classified by P. McMillan and A. Hackney Blackwell, 2014."
urn:cite:botcar:species.Caryatomentosa,tsn:19247,urn:cite:botcar:family.Juglandaceae,urn:cite:botcar:genus.Carya,"Carya tomentosa (Lamarck ex Poiret) Nuttall","**Carya tomentosa (Lamarck ex Poiret) Nuttall**: Species name identified and classified by P. McMillan and A. Hackney Blackwell, 2014."
urn:cite:botcar:species.Castaneapumila,tsn:19457,urn:cite:botcar:family.Fagaceae,urn:cite:botcar:genus.Castanea,"Castanea pumila (L.) Mill","**Castanea pumila (L.) Mill**: Species name identified and classified by P. McMillan and A. Hackney Blackwell, 2014."
urn:cite:botcar:species.Catalpabignonioides,tsn:34313,urn:cite:botcar:family.Bignoniaceae,urn:cite:botcar:genus.Catalpa,"Catalpa bignonioides Walter","**Catalpa bignonioides Walter**: Species name identified and classified by P. McMillan and A. Hackney Blackwell, 2014."
urn:cite:botcar:species.Ceanothusamericanus,tsn:28454,urn:cite:botcar:family.Rhamnaceae,urn:cite:botcar:genus.Ceanothus,"Ceanothus americanus L.","**Ceanothus americanus L.**: Species name identified and classified by P. McMillan and A. Hackney Blackwell, 2014."
urn:cite:botcar:species.Cephalanthusoccidentalis,tsn:34786,urn:cite:botcar:family.Rubiaceae,urn:cite:botcar:genus.Cephalanthus,"Cephalanthus occidentalis L.","**Cephalanthus occidentalis L.**: Species name identified and classified by P. McMillan and A. Hackney Blackwell, 2014."
urn:cite:botcar:species.Ceratiolaericoides,tsn:23747,urn:cite:botcar:family.Ericaceae,urn:cite:botcar:genus.Ceratiola,"Ceratiola ericoides Michx.","**Ceratiola ericoides Michx.**: Species name identified and classified by P. McMillan and A. Hackney Blackwell, 2014."
urn:cite:botcar:species.Cerciscanadensis,tsn:25782,urn:cite:botcar:family.Fabaceae,urn:cite:botcar:genus.Cercis,"Cercis canadensis L.","**Cercis canadensis L.**: Species name identified and classified by P. McMillan and A. Hackney Blackwell, 2014."
urn:cite:botcar:species.Chamaecristanictitans,tsn:501388,urn:cite:botcar:family.Fabaceae,urn:cite:botcar:genus.Chamaecrista,"Chamaecrista nictitans (Michx.) Greene","**Chamaecrista nictitans (Michx.) Greene**: Species name identified and classified by P. McMillan and A. Hackney Blackwell, 2014."
urn:cite:botcar:species.Chamaesycesp,"tsn:""to be added""",urn:cite:botcar:family.Euphorbiaceae,urn:cite:botcar:genus.Chamaesyce,"Chamaesyce sp.","**Chamaesyce sp.**: Species name identified and classified by P. McMillan and A. Hackney Blackwell, 2014."
urn:cite:botcar:species.Chaptaliatomentosa,tsn:37026,urn:cite:botcar:family.Asteraceae,urn:cite:botcar:genus.Chaptalia,"Chaptalia tomentosa Vent.","**Chaptalia tomentosa Vent.**: Species name identified and classified by P. McMillan and A. Hackney Blackwell, 2014."
urn:cite:botcar:species.Chasmanthiumlatifolium,tsn:41547,urn:cite:botcar:family.Poaceae,urn:cite:botcar:genus.Chasmanthium,"Chasmanthium latifolium (Michaux) Yates",
urn:cite:botcar:species.Chrysogonumvirginianum,tsn:37045,urn:cite:botcar:family.Asteraceae,urn:cite:botcar:genus.Chrysogonum,"Chrysogonum virginianum L.","**Chrysogonum virginianum L.**: Species name identified and classified by P. McMillan and A. Hackney Blackwell, 2014."
urn:cite:botcar:species.Chrysopsisgossypina,tsn:501510,urn:cite:botcar:family.Asteraceae,urn:cite:botcar:genus.Chrysopsis,"Chrysopsis gossypina (Michaux) Elliott","**Chrysopsis gossypina (Michaux) Elliott**: Species name identified and classified by P. McMillan and A. Hackney Blackwell, 2014."
urn:cite:botcar:species.Chrysopsismariana,tsn:202495,urn:cite:botcar:family.Asteraceae,urn:cite:botcar:genus.Chrysopsis,"Chrysopsis mariana (L.) Elliott","**Chrysopsis mariana (L.) Elliott**: Species name identified and classified by P. McMillan and A. Hackney Blackwell, 2014."
urn:cite:botcar:species.Cicutamaculata,tsn:29456,urn:cite:botcar:family.Apiaceae,urn:cite:botcar:genus.Cicuta,"Cicuta maculata L.","**Cicuta maculata L.**: Species name identified and classified by P. McMillan and A. Hackney Blackwell, 2014."
urn:cite:botcar:species.Clematiscrispa,tsn:18694,urn:cite:botcar:family.Ranunculaceae,urn:cite:botcar:genus.Clematis,"Clematis crispa L.","**Clematis crispa L.**: Species name identified and classified by P. McMillan and A. Hackney Blackwell, 2014."
urn:cite:botcar:species.Clematisviorna,tsn:18715,urn:cite:botcar:family.Ranunculaceae,urn:cite:botcar:genus.Clematis,"Clematis viorna L.","**Clematis viorna L.**: Species name identified and classified by P. McMillan and A. Hackney Blackwell, 2014."
urn:cite:botcar:species.Clethratomentosa,tsn:511154,urn:cite:botcar:family.Clethraceae,urn:cite:botcar:genus.Clethra,"Clethra tomentosa Lamarck","**Clethra tomentosa Lamarck**: Species name identified and classified by P. McMillan and A. Hackney Blackwell, 2014."
urn:cite:botcar:species.Cnidoscolusstimulosus,tsn:28256,urn:cite:botcar:family.Euphorbiaceae,urn:cite:botcar:genus.Cnidoscolus,"Cnidoscolus stimulosus (Michaux) Engelmann & A. Gray","**Cnidoscolus stimulosus (Michaux) Engelmann & A. Gray**: Species name identified and classified by P. McMillan and A. Hackney Blackwell, 2014."
urn:cite:botcar:species.Cocculuscarolinus,tsn:18864,urn:cite:botcar:family.Menispermaceae,urn:cite:botcar:genus.Cocculus,"Cocculus carolinus (L.) DC., A.P. deCandolle","**Cocculus carolinus (L.) DC., A.P. deCandolle**: Species name identified and classified by P. McMillan and A. Hackney Blackwell, 2014."
urn:cite:botcar:species.Coelorachisrugosa,tsn:41582,urn:cite:botcar:family.Poaceae,urn:cite:botcar:genus.Coelorachis,"Coelorachis rugosa (Nutt.) Nash","**Coelorachis rugosa (Nutt.) Nash**: Species name identified and classified by P. McMillan and A. Hackney Blackwell, 2014."
urn:cite:botcar:species.Collinsoniacanadensis,tsn:32474,urn:cite:botcar:family.Lamiaceae,urn:cite:botcar:genus.Collinsonia,"Collinsonia canadensis L.","**Collinsonia canadensis L.**: Species name identified and classified by P. McMillan and A. Hackney Blackwell, 2014."
urn:cite:botcar:species.Collinsoniatuberosa,tsn:32475,urn:cite:botcar:family.Lamiaceae,urn:cite:botcar:genus.Collinsonia,"Collinsonia tuberosa Michx.","**Collinsonia tuberosa Michx.**: Species name identified and classified by P. McMillan and A. Hackney Blackwell, 2014."
urn:cite:botcar:species.Commelinaerecta,tsn:39132,urn:cite:botcar:family.Commelinaceae,urn:cite:botcar:genus.Commelina,"Commelina erecta L.","**Commelina erecta L.**: Species name identified and classified by P. McMillan and A. Hackney Blackwell, 2014."
urn:cite:botcar:species.Coreopsisdelphiniifolia,tsn:37129,urn:cite:botcar:family.Asteraceae,urn:cite:botcar:genus.Coreopsis,"Coreopsis delphiniifolia Lam.","**Coreopsis delphiniifolia Lam.**: Species name identified and classified by P. McMillan and A. Hackney Blackwell, 2014."
urn:cite:botcar:species.Coreopsislanceolata,tsn:37139,urn:cite:botcar:family.Asteraceae,urn:cite:botcar:genus.Coreopsis,"Coreopsis lanceolata L.","**Coreopsis lanceolata L.**: Species name identified and classified by P. McMillan and A. Hackney Blackwell, 2014."
urn:cite:botcar:species.Coreopsismajor,tsn:37143,urn:cite:botcar:family.Asteraceae,urn:cite:botcar:genus.Coreopsis,"Coreopsis major Walter var. major","**Coreopsis major Walter var. major**: Species name identified and classified by P. McMillan and A. Hackney Blackwell, 2014."
urn:cite:botcar:species.Cornusasperifolia,tsn:27815,urn:cite:botcar:family.Cornaceae,urn:cite:botcar:genus.Cornus,"Cornus asperifolia Michx.","**Cornus asperifolia Michx.**: Species name identified and classified by P. McMillan and A. Hackney Blackwell, 2014."
urn:cite:botcar:species.Cornusflorida,tsn:27806,urn:cite:botcar:family.Cornaceae,urn:cite:botcar:genus.Cornus,"Cornus florida L.","**Cornus florida L.**: Species name identified and classified by P. McMillan and A. Hackney Blackwell, 2014."
urn:cite:botcar:species.Cteniumaromaticum,tsn:41607,urn:cite:botcar:family.Poaceae,urn:cite:botcar:genus.Ctenium,"Ctenium aromaticum (Walter) Alph. Wood","**Ctenium aromaticum (Walter) Alph. Wood**: Species name identified and classified by P. McMillan and A. Hackney Blackwell, 2014."
urn:cite:botcar:species.Cyperusechinatus,tsn:501920,urn:cite:botcar:family.Cyperaceae,urn:cite:botcar:genus.Cyperus,"Cyperus echinatus (L.) Wood","**Cyperus echinatus (L.) Wood**: Species name identified and classified by P. McMillan and A. Hackney Blackwell, 2014."
urn:cite:botcar:species.Cyperusvirens,tsn:39975,urn:cite:botcar:family.Cyperaceae,urn:cite:botcar:genus.Cyperus,"Cyperus virens Michaux","**Cyperus virens Michaux**: Species name identified and classified by P. McMillan and A. Hackney Blackwell, 2014."
urn:cite:botcar:species.Cyrillaracemiflora,tsn:23449,urn:cite:botcar:family.Cyrillaceae,urn:cite:botcar:genus.Cyrilla,"Cyrilla racemiflora L.","**Cyrilla racemiflora L.**: Species name identified and classified by P. McMillan and A. Hackney Blackwell, 2014."
urn:cite:botcar:species.Daleapinnata,tsn:26637,urn:cite:botcar:family.Fabaceae,urn:cite:botcar:genus.Dalea,"Dalea pinnata (J.F. Gmel.) Barneby","**Dalea pinnata (J.F. Gmel.) Barneby**: Species name identified and classified by P. McMillan and A. Hackney Blackwell, 2014."
urn:cite:botcar:species.Delphiniumcarolinianum,tsn:18547,urn:cite:botcar:family.Ranunculaceae,urn:cite:botcar:genus.Delphinium,"Delphinium carolinianum Walter","**Delphinium carolinianum Walter**: Species name identified and classified by P. McMillan and A. Hackney Blackwell, 2014."
urn:cite:botcar:species.Dioscoreavillosa,tsn:43367,urn:cite:botcar:family.Dioscoreaceae,urn:cite:botcar:genus.Dioscorea,"Dioscorea villosa L.","**Dioscorea villosa L.**: Species name identified and classified by P. McMillan and A. Hackney Blackwell, 2014."
urn:cite:botcar:species.Diospyrosvirginiana,tsn:23855,urn:cite:botcar:family.Ebenaceae,urn:cite:botcar:genus.Diospyros,"Diospyros virginiana L.","**Diospyros virginiana L.**: Species name identified and classified by P. McMillan and A. Hackney Blackwell, 2014."
urn:cite:botcar:species.Dyschoristeoblongifolia,tsn:502194,urn:cite:botcar:family.Acanthaceae,urn:cite:botcar:genus.Dyschoriste,"Dyschoriste oblongifolia (Michx.) Kuntze","**Dyschoriste oblongifolia (Michx.) Kuntze**: Species name identified and classified by P. McMillan and A. Hackney Blackwell, 2014."
urn:cite:botcar:species.Eleusineindica,tsn:41692,urn:cite:botcar:family.Poaceae,urn:cite:botcar:genus.Eleusine,"Eleusine indica (L.) Gaertn.","**Eleusine indica (L.) Gaertn.**: Species name identified and classified by P. McMillan and A. Hackney Blackwell, 2014."
urn:cite:botcar:species.Endodecaserpentaria,"tsn:""to be added""",urn:cite:botcar:family.Aristolochiaceae,urn:cite:botcar:genus.Endodeca,"Endodeca serpentaria (Linnaeus) Rafinesque","**Endodeca serpentaria (Linnaeus) Rafinesque**: Species name identified and classified by P. McMillan and A. Hackney Blackwell, 2014."
urn:cite:botcar:species.Epifagusvirginiana,tsn:34276,urn:cite:botcar:family.Orobanchaceae,urn:cite:botcar:genus.Epifagus,"Epifagus virginiana (Linnaeus) W. Barton","**Epifagus virginiana (Linnaeus) W. Barton**: Species name identified and classified by P. McMillan and A. Hackney Blackwell, 2014."
urn:cite:botcar:species.Erigeronquercifolius,tsn:35940,urn:cite:botcar:family.Asteraceae,urn:cite:botcar:genus.Erigeron,"Erigeron quercifolius Lam.","**Erigeron quercifolius Lam.**: Species name identified and classified by P. McMillan and A. Hackney Blackwell, 2014."
urn:cite:botcar:species.Erigeronstrigosus,tsn:35951,urn:cite:botcar:family.Asteraceae,urn:cite:botcar:genus.Erigeron,"Erigeron strigosus Muhlenberg ex Willdenow","**Erigeron strigosus Muhlenberg ex Willdenow**: Species name identified and classified by P. McMillan and A. Hackney Blackwell, 2014."
urn:cite:botcar:species.Eriocaulondecangulare,tsn:39195,urn:cite:botcar:family.Eriocaulaceae,urn:cite:botcar:genus.Eriocaulon,"Eriocaulon decangulare L.","**Eriocaulon decangulare L.**: Species name identified and classified by P. McMillan and A. Hackney Blackwell, 2014."
urn:cite:botcar:species.Eriogonumtomentosum,tsn:21260,urn:cite:botcar:family.Polygonaceae,urn:cite:botcar:genus.Eriogonum,"Eriogonum tomentosum","**Eriogonum tomentosum**: Species name identified and classified by P. McMillan and A. Hackney Blackwell, 2014."
urn:cite:botcar:species.Eryngiumintegrifolium,tsn:29493,urn:cite:botcar:family.Apiaceae,urn:cite:botcar:genus.Eryngium,"Eryngium integrifolium Walter","**Eryngium integrifolium Walter**: Species name identified and classified by P. McMillan and A. Hackney Blackwell, 2014."
urn:cite:botcar:species.Eupatoriumcapillifolium,tsn:35978,urn:cite:botcar:family.Asteraceae,urn:cite:botcar:genus.Eupatorium,"Eupatorium capillifolium (Lamarck) Small","**Eupatorium capillifolium (Lamarck) Small**: Species name identified and classified by P. McMillan and A. Hackney Blackwell, 2014."
urn:cite:botcar:species.Eupatoriumcapillifolium,tsn:35978,urn:cite:botcar:family.Asteraceae,urn:cite:botcar:genus.Eupatorium,"Eupatorium capillifolium (Lamarck) Small","**Eupatorium capillifolium (Lamarck) Small**: Species name identified and classified by P. McMillan and A. Hackney Blackwell, 2014."
urn:cite:botcar:species.Eupatoriumcompositifolium,tsn:35985,urn:cite:botcar:family.Asteraceae,urn:cite:botcar:genus.Eupatorium,"Eupatorium compositifolium Walter","**Eupatorium compositifolium Walter**: Species name identified and classified by P. McMillan and A. Hackney Blackwell, 2014."
urn:cite:botcar:species.Eupatoriumcompositifolium,tsn:35985,urn:cite:botcar:family.Asteraceae,urn:cite:botcar:genus.Eupatorium,"Eupatorium compositifolium Walter","**Eupatorium compositifolium Walter**: Species name identified and classified by P. McMillan and A. Hackney Blackwell, 2014."
urn:cite:botcar:species.Eupatoriumleucolepis,tsn:35992,urn:cite:botcar:family.Asteraceae,urn:cite:botcar:genus.Eupatorium,"Eupatorium leucolepis (DC.) Torr. & A. Gray","**Eupatorium leucolepis (DC.) Torr. & A. Gray**: Species name identified and classified by P. McMillan and A. Hackney Blackwell, 2014."
urn:cite:botcar:species.Eupatoriumleucolepis,tsn:35992,urn:cite:botcar:family.Asteraceae,urn:cite:botcar:genus.Eupatorium,"Eupatorium leucolepis (DC.) Torr. & A. Gray","**Eupatorium leucolepis (DC.) Torr. & A. Gray**: Species name identified and classified by P. McMillan and A. Hackney Blackwell, 2014."
urn:cite:botcar:species.Eupatoriumperfoliatum,tsn:35980,urn:cite:botcar:family.Asteraceae,urn:cite:botcar:genus.Eupatorium,"Eupatorium perfoliatum L.","**Eupatorium perfoliatum L.**: Species name identified and classified by P. McMillan and A. Hackney Blackwell, 2014."
urn:cite:botcar:species.Eupatoriumperfoliatum,tsn:35980,urn:cite:botcar:family.Asteraceae,urn:cite:botcar:genus.Eupatorium,"Eupatorium perfoliatum L.","**Eupatorium perfoliatum L.**: Species name identified and classified by P. McMillan and A. Hackney Blackwell, 2014."
urn:cite:botcar:species.Eupatoriumpurpureum,tsn:502522,urn:cite:botcar:family.Asteraceae,urn:cite:botcar:genus.Eupatorium,"Eupatorium purpureum L. var. purpureum","**Eupatorium purpureum L. var. purpureum**: Species name identified and classified by P. McMillan and A. Hackney Blackwell, 2014."
urn:cite:botcar:species.Eupatoriumpurpureum,tsn:502522,urn:cite:botcar:family.Asteraceae,urn:cite:botcar:genus.Eupatorium,"Eupatorium purpureum L. var. purpureum","**Eupatorium purpureum L. var. purpureum**: Species name identified and classified by P. McMillan and A. Hackney Blackwell, 2014."
urn:cite:botcar:species.Eupatoriumserotinum,tsn:35981,urn:cite:botcar:family.Asteraceae,urn:cite:botcar:genus.Eupatorium,"Eupatorium serotinum Michx.","**Eupatorium serotinum Michx.**: Species name identified and classified by P. McMillan and A. Hackney Blackwell, 2014."
urn:cite:botcar:species.Eupatoriumserotinum,tsn:35981,urn:cite:botcar:family.Asteraceae,urn:cite:botcar:genus.Eupatorium,"Eupatorium serotinum Michx.","**Eupatorium serotinum Michx.**: Species name identified and classified by P. McMillan and A. Hackney Blackwell, 2014."
urn:cite:botcar:species.Euthamiacaroliniana,tsn:513470,urn:cite:botcar:family.Asteraceae,urn:cite:botcar:genus.Euthamia,"Euthamia caroliniana (Linnaeus) Greene ex Porter & Britton","**Euthamia caroliniana (Linnaeus) Greene ex Porter & Britton**: Species name identified and classified by P. McMillan and A. Hackney Blackwell, 2014."
urn:cite:botcar:species.Eutrochiumdubium,tsn:780331,urn:cite:botcar:family.Asteraceae,urn:cite:botcar:genus.Eutrochium,"Eutrochium dubium (Willdenow ex Poiret) E.E. Lamont","**Eutrochium dubium (Willdenow ex Poiret) E.E. Lamont**: Species name identified and classified by P. McMillan and A. Hackney Blackwell, 2014."
urn:cite:botcar:species.Fraxinuspennsylvanica,tsn:32929,urn:cite:botcar:family.Oleaceae,urn:cite:botcar:genus.Fraxinus,"Fraxinus pennsylvanica Marsh.","**Fraxinus pennsylvanica Marsh.**: Species name identified and classified by P. McMillan and A. Hackney Blackwell, 2014."
urn:cite:botcar:species.Fuirenabreviseta,tsn:40133,urn:cite:botcar:family.Cyperaceae,urn:cite:botcar:genus.Fuirena,"Fuirena breviseta (Coville) Coville","**Fuirena breviseta (Coville) Coville**: Species name identified and classified by P. McMillan and A. Hackney Blackwell, 2014."
urn:cite:botcar:species.Fuirenasquarrosa,tsn:40132,urn:cite:botcar:family.Cyperaceae,urn:cite:botcar:genus.Fuirena,"Fuirena squarrosa Michaux","**Fuirena squarrosa Michaux**: Species name identified and classified by P. McMillan and A. Hackney Blackwell, 2014."
urn:cite:botcar:species.Gaillardiaaestivalis,tsn:37396,urn:cite:botcar:family.Asteraceae,urn:cite:botcar:genus.Gaillardia,"Gaillardia aestivalis (Walter) H. Rock var. aestivalis","**Gaillardia aestivalis (Walter) H. Rock var. aestivalis**: Species name identified and classified by P. McMillan and A. Hackney Blackwell, 2014."
urn:cite:botcar:species.Galactiavolubilis,tsn:26703,urn:cite:botcar:family.Fabaceae,urn:cite:botcar:genus.Galactia,"Galactia volubilis (L.) Britton","**Galactia volubilis (L.) Britton**: Species name identified and classified by P. McMillan and A. Hackney Blackwell, 2014."
urn:cite:botcar:species.Galactiavolubilis,tsn:26703,urn:cite:botcar:family.Fabaceae,urn:cite:botcar:genus.Galactia,"Galactia volubilis (L.) Britton","**Galactia volubilis (L.) Britton**: Species name identified and classified by P. McMillan and A. Hackney Blackwell, 2014."
urn:cite:botcar:species.Gamochaetaantillana,tsn:780343,urn:cite:botcar:family.Asteraceae,urn:cite:botcar:genus.Gamochaeta,"Gamochaeta antillana (Urban) Anderberg","**Gamochaeta antillana (Urban) Anderberg**: Species name identified and classified by P. McMillan and A. Hackney Blackwell, 2014."
urn:cite:botcar:species.Gentianacatesbaei,tsn:29973,urn:cite:botcar:family.Gentianaceae,urn:cite:botcar:genus.Gentiana,"Gentiana catesbaei Walter","**Gentiana catesbaei Walter**: Species name identified and classified by P. McMillan and A. Hackney Blackwell, 2014."
urn:cite:botcar:species.Geumcanadense,tsn:24645,urn:cite:botcar:family.Rosaceae,urn:cite:botcar:genus.Geum,"Geum canadense Jacq.","**Geum canadense Jacq.**: Species name identified and classified by P. McMillan and A. Hackney Blackwell, 2014."
urn:cite:botcar:species.Glandulariacanadensis,tsn:502784,urn:cite:botcar:family.Verbenaceae,urn:cite:botcar:genus.Glandularia,"Glandularia canadensis (L.) Nutt.","**Glandularia canadensis (L.) Nutt.**: Species name identified and classified by P. McMillan and A. Hackney Blackwell, 2014."
urn:cite:botcar:species.Gleditsiaaquatica,tsn:26712,urn:cite:botcar:family.Fabaceae,urn:cite:botcar:genus.Gleditsia,"Gleditsia aquatica Marsh.","**Gleditsia aquatica Marsh.**: Species name identified and classified by P. McMillan and A. Hackney Blackwell, 2014."
urn:cite:botcar:species.Gordonialasianthus,tsn:21386,urn:cite:botcar:family.Theaceae,urn:cite:botcar:genus.Gordonia,"Gordonia lasianthus (Linnaeus) Ellis","**Gordonia lasianthus (Linnaeus) Ellis**: Species name identified and classified by P. McMillan and A. Hackney Blackwell, 2014."
urn:cite:botcar:species.Habenariarepens,tsn:43402,urn:cite:botcar:family.Orchidaceae,urn:cite:botcar:genus.Habenaria,"Habenaria repens Nutt.","**Habenaria repens Nutt.**: Species name identified and classified by P. McMillan and A. Hackney Blackwell, 2014."
urn:cite:botcar:species.Hamamelisvirginiana,tsn:19033,urn:cite:botcar:family.Hamamelidaceae,urn:cite:botcar:genus.Hamamelis,"Hamamelis virginiana L.","**Hamamelis virginiana L.**: Species name identified and classified by P. McMillan and A. Hackney Blackwell, 2014."
urn:cite:botcar:species.Heleniumflexuosum,tsn:36016,urn:cite:botcar:family.Asteraceae,urn:cite:botcar:genus.Helenium,"Helenium flexuosum Raf.","**Helenium flexuosum Raf.**: Species name identified and classified by P. McMillan and A. Hackney Blackwell, 2014."
urn:cite:botcar:species.Helianthusangustifolius,tsn:502919,urn:cite:botcar:family.Asteraceae,urn:cite:botcar:genus.Helianthus,"Helianthus angustifolius L.","**Helianthus angustifolius L.**: Species name identified and classified by P. McMillan and A. Hackney Blackwell, 2014."
urn:cite:botcar:species.Helianthushirsutus,tsn:36646,urn:cite:botcar:family.Asteraceae,urn:cite:botcar:genus.Helianthus,"Helianthus hirsutus","**Helianthus hirsutus**: Species name identified and classified by P. McMillan and A. Hackney Blackwell, 2014."
urn:cite:botcar:species.Heliopsishelianthoides,tsn:37605,urn:cite:botcar:family.Asteraceae,urn:cite:botcar:genus.Heliopsis,"Heliopsis helianthoides (L.) Sweet var. helianthoides","**Heliopsis helianthoides (L.) Sweet var. helianthoides**: Species name identified and classified by P. McMillan and A. Hackney Blackwell, 2014."
urn:cite:botcar:species.Hibiscusmoscheutos,tsn:21612,urn:cite:botcar:family.Malvaceae,urn:cite:botcar:genus.Hibiscus,"Hibiscus moscheutos L. ibiscus moscheutos L","**Hibiscus moscheutos L. ibiscus moscheutos L**: Species name identified and classified by P. McMillan and A. Hackney Blackwell, 2014."
urn:cite:botcar:species.Hydrangeaarborescens,tsn:24195,urn:cite:botcar:family.Hydrangeaceae,urn:cite:botcar:genus.Hydrangea,"Hydrangea arborescens L.","**Hydrangea arborescens L.**: Species name identified and classified by P. McMillan and A. Hackney Blackwell, 2014."
urn:cite:botcar:species.Hydrangearadiata,tsn:503097,urn:cite:botcar:family.Hydrangeaceae,urn:cite:botcar:genus.Hydrangea,"Hydrangea radiata Walter","**Hydrangea radiata Walter**: Species name identified and classified by P. McMillan and A. Hackney Blackwell, 2014."
urn:cite:botcar:species.Hylodesmumglutinosum,"tsn:""to be added""",urn:cite:botcar:family.Fabaceae,urn:cite:botcar:genus.Hylodesmum,"Hylodesmum glutinosum (Muhlenberg ex Willdenow) H. Ohashi & R.R. Mill","**Hylodesmum glutinosum (Muhlenberg ex Willdenow) H. Ohashi & R.R. Mill**: Species name identified and classified by P. McMillan and A. Hackney Blackwell, 2014."
urn:cite:botcar:species.Hypericumcrux,tsn:503132,urn:cite:botcar:family.Hypericaceae,urn:cite:botcar:genus.Hypericum,"Hypericum crux-andreae (L.) Crantz","**Hypericum crux-andreae (L.) Crantz**: Species name identified and classified by P. McMillan and A. Hackney Blackwell, 2014."
urn:cite:botcar:species.Hypericumwalteri,tsn:515023,urn:cite:botcar:family.Hypericaceae,urn:cite:botcar:genus.Hypericum,"Hypericum walteri J.G. Gmelin","**Hypericum walteri J.G. Gmelin**: Species name identified and classified by P. McMillan and A. Hackney Blackwell, 2014."
urn:cite:botcar:species.Hyptisalata,tsn:32523,urn:cite:botcar:family.Lamiaceae,urn:cite:botcar:genus.Hyptis,"Hyptis alata (Raf.) Shinners","**Hyptis alata (Raf.) Shinners**: Species name identified and classified by P. McMillan and A. Hackney Blackwell, 2014."
urn:cite:botcar:species.Ilexambigua,tsn:27987,urn:cite:botcar:family.Aquifoliaceae,urn:cite:botcar:genus.Ilex,"Ilex ambigua (Michx.) Torr.","**Ilex ambigua (Michx.) Torr.**: Species name identified and classified by P. McMillan and A. Hackney Blackwell, 2014."
urn:cite:botcar:species.Ilexcassine,tsn:27992,urn:cite:botcar:family.Aquifoliaceae,urn:cite:botcar:genus.Ilex,"Ilex cassine L.","**Ilex cassine L.**: Species name identified and classified by P. McMillan and A. Hackney Blackwell, 2014."
urn:cite:botcar:species.Impatienscapensis,tsn:29182,urn:cite:botcar:family.Balsaminaceae,urn:cite:botcar:genus.Impatiens,"Impatiens capensis Meerburgh","**Impatiens capensis Meerburgh**: Species name identified and classified by P. McMillan and A. Hackney Blackwell, 2014."
urn:cite:botcar:species.Indigoferatinctoria,tsn:26750,urn:cite:botcar:family.Fabaceae,urn:cite:botcar:genus.Indigofera,"Indigofera tinctoria L.","**Indigofera tinctoria L.**: Species name identified and classified by P. McMillan and A. Hackney Blackwell, 2014."
urn:cite:botcar:species.Ipomoeacoccinea,tsn:30770,urn:cite:botcar:family.Convolvulaceae,urn:cite:botcar:genus.Ipomoea,"Ipomoea coccinea L.","**Ipomoea coccinea L.**: Species name identified and classified by P. McMillan and A. Hackney Blackwell, 2014."
urn:cite:botcar:species.Ipomoeacoccinea,tsn:30770,urn:cite:botcar:family.Convolvulaceae,urn:cite:botcar:genus.Ipomoea,"Ipomoea coccinea L.","**Ipomoea coccinea L.**: Species name identified and classified by P. McMillan and A. Hackney Blackwell, 2014."
urn:cite:botcar:species.Ipomopsisrubra,tsn:31219,urn:cite:botcar:family.Polemoniaceae,urn:cite:botcar:genus.Ipomopsis,"Ipomopsis rubra (Linnaeus) Wherry","**Ipomopsis rubra (Linnaeus) Wherry**: Species name identified and classified by P. McMillan and A. Hackney Blackwell, 2014."
urn:cite:botcar:species.Iteavirginica,tsn:24202,urn:cite:botcar:family.Iteaceae,urn:cite:botcar:genus.Itea,"Itea virginica L.","**Itea virginica L.**: Species name identified and classified by P. McMillan and A. Hackney Blackwell, 2014."
urn:cite:botcar:species.Juncusscirpoides,tsn:39312,urn:cite:botcar:family.Juncaceae,urn:cite:botcar:genus.Juncus,"Juncus scirpoides Lam.","**Juncus scirpoides Lam.**: Species name identified and classified by P. McMillan and A. Hackney Blackwell, 2014."
urn:cite:botcar:species.Kalmialatifolia,tsn:23677,urn:cite:botcar:family.Ericaceae,urn:cite:botcar:genus.Kalmia,"Kalmia latifolia L.","**Kalmia latifolia L.**: Species name identified and classified by P. McMillan and A. Hackney Blackwell, 2014."
urn:cite:botcar:species.Kosteletzkyapentacarpos,tsn:845759,urn:cite:botcar:family.Malvaceae,urn:cite:botcar:genus.Kosteletzkya,"Kosteletzkya pentacarpos (Linnaeus) Ledebour","**Kosteletzkya pentacarpos (Linnaeus) Ledebour**: Species name identified and classified by P. McMillan and A. Hackney Blackwell, 2014."
urn:cite:botcar:species.Lachnanthescaroliniana,tsn:896414,urn:cite:botcar:family.Haemodoraceae,urn:cite:botcar:genus.Lachnanthes,"Lachnanthes caroliniana (Lamarck) Dandy","**Lachnanthes caroliniana (Lamarck) Dandy**: Species name identified and classified by P. McMillan and A. Hackney Blackwell, 2014."
urn:cite:botcar:species.Lactucasp,"tsn:""to be added""",urn:cite:botcar:family.Asteraceae,urn:cite:botcar:genus.Lactuca,"Lactuca sp.","**Lactuca sp.**: Species name identified and classified by P. McMillan and A. Hackney Blackwell, 2014."
urn:cite:botcar:species.Laporteacanadensis,tsn:19127,urn:cite:botcar:family.Urticaceae,urn:cite:botcar:genus.Laportea,"Laportea canadensis (Linnaeus) Weddell","**Laportea canadensis (Linnaeus) Weddell**: Species name identified and classified by P. McMillan and A. Hackney Blackwell, 2014."
urn:cite:botcar:species.Lespedezahirta,tsn:25900,urn:cite:botcar:family.Fabaceae,urn:cite:botcar:genus.Lespedeza,"Lespedeza hirta (Linnaeus) Hornemann var. curtissii (Clewell) Isely","**Lespedeza hirta (Linnaeus) Hornemann var. curtissii (Clewell) Isely**: Species name identified and classified by P. McMillan and A. Hackney Blackwell, 2014."
urn:cite:botcar:species.Lespedezavirginica,tsn:25915,urn:cite:botcar:family.Fabaceae,urn:cite:botcar:genus.Lespedeza,"Lespedeza virginica (L.) Britton","**Lespedeza virginica (L.) Britton**: Species name identified and classified by P. McMillan and A. Hackney Blackwell, 2014."
urn:cite:botcar:species.Leucothoefontanesiana,tsn:23553,urn:cite:botcar:family.Ericaceae,urn:cite:botcar:genus.Leucothoe,"Leucothoe fontanesiana (Steud.) Sleumer","**Leucothoe fontanesiana (Steud.) Sleumer**: Species name identified and classified by P. McMillan and A. Hackney Blackwell, 2014."
urn:cite:botcar:species.Liatriselegans,tsn:37919,urn:cite:botcar:family.Asteraceae,urn:cite:botcar:genus.Liatris,"Liatris elegans (Walter) Michaux","**Liatris elegans (Walter) Michaux**: Species name identified and classified by P. McMillan and A. Hackney Blackwell, 2014."
urn:cite:botcar:species.Liatrissecunda,tsn:37942,urn:cite:botcar:family.Asteraceae,urn:cite:botcar:genus.Liatris,"Liatris secunda Elliott","**Liatris secunda Elliott**: Species name identified and classified by P. McMillan and A. Hackney Blackwell, 2014."
urn:cite:botcar:species.Liatrisspicata,tsn:37944,urn:cite:botcar:family.Asteraceae,urn:cite:botcar:genus.Liatris,"Liatris spicata (L.) Willd. var. resinosa (Nutt.) Gaiser","**Liatris spicata (L.) Willd. var. resinosa (Nutt.) Gaiser**: Species name identified and classified by P. McMillan and A. Hackney Blackwell, 2014."
urn:cite:botcar:species.Liatrissquarrosa,tsn:37945,urn:cite:botcar:family.Asteraceae,urn:cite:botcar:genus.Liatris,"Liatris squarrosa (L.) Michx. var. squarrosa","**Liatris squarrosa (L.) Michx. var. squarrosa**: Species name identified and classified by P. McMillan and A. Hackney Blackwell, 2014."
urn:cite:botcar:species.Liatrissquarrulosa,tsn:503447,urn:cite:botcar:family.Asteraceae,urn:cite:botcar:genus.Liatris,"Liatris squarrulosa Michx.","**Liatris squarrulosa Michx.**: Species name identified and classified by P. McMillan and A. Hackney Blackwell, 2014."
urn:cite:botcar:species.Liliumcatesbaei,tsn:42735,urn:cite:botcar:family.Liliaceae,urn:cite:botcar:genus.Lilium,"Lilium catesbaei Walter","**Lilium catesbaei Walter**: Species name identified and classified by P. McMillan and A. Hackney Blackwell, 2014."
urn:cite:botcar:species.Liquidambarstyraciflua,tsn:19027,urn:cite:botcar:family.Altingiaceae,urn:cite:botcar:genus.Liquidambar,"Liquidambar styraciflua L.","**Liquidambar styraciflua L.**: Species name identified and classified by P. McMillan and A. Hackney Blackwell, 2014."
urn:cite:botcar:species.Liriodendrontulipifera,tsn:18086,urn:cite:botcar:family.Magnoliaceae,urn:cite:botcar:genus.Liriodendron,"Liriodendron tulipifera L.","**Liriodendron tulipifera L.**: Species name identified and classified by P. McMillan and A. Hackney Blackwell, 2014."
urn:cite:botcar:species.Lithospermumcaroliniense,tsn:31946,urn:cite:botcar:family.Boraginaceae,urn:cite:botcar:genus.Lithospermum,"Lithospermum caroliniense (Walter ex J.F. Gmel.) MacMill.","**Lithospermum caroliniense (Walter ex J.F. Gmel.) MacMill.**: Species name identified and classified by P. McMillan and A. Hackney Blackwell, 2014."
urn:cite:botcar:species.Litseaaestivalis,tsn:18206,urn:cite:botcar:family.Lauraceae,urn:cite:botcar:genus.Litsea,"Litsea aestivalis (L.) Fernald","**Litsea aestivalis (L.) Fernald**: Species name identified and classified by P. McMillan and A. Hackney Blackwell, 2014."
urn:cite:botcar:species.Lobeliaelongata,tsn:34506,urn:cite:botcar:family.Campanulaceae,urn:cite:botcar:genus.Lobelia,"Lobelia elongata Small","**Lobelia elongata Small**: Species name identified and classified by P. McMillan and A. Hackney Blackwell, 2014."
urn:cite:botcar:species.Lobeliapuberula,tsn:34529,urn:cite:botcar:family.Campanulaceae,urn:cite:botcar:genus.Lobelia,"Lobelia puberula Michx.","**Lobelia puberula Michx.**: Species name identified and classified by P. McMillan and A. Hackney Blackwell, 2014."
urn:cite:botcar:species.Ludwigiapilosa,tsn:27360,urn:cite:botcar:family.Onagraceae,urn:cite:botcar:genus.Ludwigia,"Ludwigia pilosa Walter","**Ludwigia pilosa Walter**: Species name identified and classified by P. McMillan and A. Hackney Blackwell, 2014."
urn:cite:botcar:species.Ludwigiavirgata,tsn:27366,urn:cite:botcar:family.Onagraceae,urn:cite:botcar:genus.Ludwigia,"Ludwigia virgata Michx.","**Ludwigia virgata Michx.**: Species name identified and classified by P. McMillan and A. Hackney Blackwell, 2014."
urn:cite:botcar:species.Lupinusdiffusus,tsn:26009,urn:cite:botcar:family.Fabaceae,urn:cite:botcar:genus.Lupinus,"Lupinus diffusus Nutt.","**Lupinus diffusus Nutt.**: Species name identified and classified by P. McMillan and A. Hackney Blackwell, 2014."
urn:cite:botcar:species.Lupinusvillosus,tsn:26142,urn:cite:botcar:family.Fabaceae,urn:cite:botcar:genus.Lupinus,"Lupinus villosus Willd.","**Lupinus villosus Willd.**: Species name identified and classified by P. McMillan and A. Hackney Blackwell, 2014."
urn:cite:botcar:species.Lycopodiellaalopecuroides,tsn:503603,urn:cite:botcar:family.Lycopodiaceae,urn:cite:botcar:genus.Lycopodiella,"Lycopodiella alopecuroides (L.) Cranfill","**Lycopodiella alopecuroides (L.) Cranfill**: Species name identified and classified by P. McMillan and A. Hackney Blackwell, 2014."
urn:cite:botcar:species.Lycopusvirginicus,tsn:32255,urn:cite:botcar:family.Lamiaceae,urn:cite:botcar:genus.Lycopus,"Lycopus virginicus L.","**Lycopus virginicus L.**: Species name identified and classified by P. McMillan and A. Hackney Blackwell, 2014."
urn:cite:botcar:species.Lyonialucida,tsn:23563,urn:cite:botcar:family.Ericaceae,urn:cite:botcar:genus.Lyonia,"Lyonia lucida (Lam.) K. Koch","**Lyonia lucida (Lam.) K. Koch**: Species name identified and classified by P. McMillan and A. Hackney Blackwell, 2014."
urn:cite:botcar:species.Lysimachiaciliata,tsn:23984,urn:cite:botcar:family.Primulaceae,urn:cite:botcar:genus.Lysimachia,"Lysimachia ciliata L.","**Lysimachia ciliata L.**: Species name identified and classified by P. McMillan and A. Hackney Blackwell, 2014."
urn:cite:botcar:species.Lysimachiafraseri,tsn:23989,urn:cite:botcar:family.Primulaceae,urn:cite:botcar:genus.Lysimachia,"Lysimachia fraseri Duby","**Lysimachia fraseri Duby**: Species name identified and classified by P. McMillan and A. Hackney Blackwell, 2014."
urn:cite:botcar:species.Lysimachiaquadrifolia,tsn:23997,urn:cite:botcar:family.Primulaceae,urn:cite:botcar:genus.Lysimachia,"Lysimachia quadrifolia L.","**Lysimachia quadrifolia L.**: Species name identified and classified by P. McMillan and A. Hackney Blackwell, 2014."
urn:cite:botcar:species.Maianthemumracemosum,tsn:503655,urn:cite:botcar:family.Ruscaceae,urn:cite:botcar:genus.Maianthemum,"Maianthemum racemosum (L.) Link","**Maianthemum racemosum (L.) Link**: Species name identified and classified by P. McMillan and A. Hackney Blackwell, 2014."
urn:cite:botcar:species.Marshalliagraminifolia,tsn:38065,urn:cite:botcar:family.Asteraceae,urn:cite:botcar:genus.Marshallia,"Marshallia graminifolia (Walter) Small","**Marshallia graminifolia (Walter) Small**: Species name identified and classified by P. McMillan and A. Hackney Blackwell, 2014."
urn:cite:botcar:species.Marshalliaobovata,tsn:38069,urn:cite:botcar:family.Asteraceae,urn:cite:botcar:genus.Marshallia,"Marshallia obovata (Walter) Beadle & F.E. Boynt. var. scaposa Channell","**Marshallia obovata (Walter) Beadle & F.E. Boynt. var. scaposa Channell**: Species name identified and classified by P. McMillan and A. Hackney Blackwell, 2014."
urn:cite:botcar:species.Mateleacarolinensis,tsn:30369,urn:cite:botcar:family.Apocynaceae,urn:cite:botcar:genus.Matelea,"Matelea carolinensis (Jacq.) Woodson","**Matelea carolinensis (Jacq.) Woodson**: Species name identified and classified by P. McMillan and A. Hackney Blackwell, 2014."
urn:cite:botcar:species.Medeolavirginiana,tsn:42963,urn:cite:botcar:family.Liliaceae,urn:cite:botcar:genus.Medeola,"Medeola virginiana L.","**Medeola virginiana L.**: Species name identified and classified by P. McMillan and A. Hackney Blackwell, 2014."
urn:cite:botcar:species.Melanthiumhybridum,tsn:516953,urn:cite:botcar:family.Melanthiaceae,urn:cite:botcar:genus.Melanthium,"Melanthium hybridum Walter","**Melanthium hybridum Walter**: Species name identified and classified by P. McMillan and A. Hackney Blackwell, 2014."
urn:cite:botcar:species.Melothriapendula,tsn:22339,urn:cite:botcar:family.Cucurbitaceae,urn:cite:botcar:genus.Melothria,"Melothria pendula L.","**Melothria pendula L.**: Species name identified and classified by P. McMillan and A. Hackney Blackwell, 2014."
urn:cite:botcar:species.Menispermumcanadense,tsn:18871,urn:cite:botcar:family.Menispermaceae,urn:cite:botcar:genus.Menispermum,"Menispermum canadense L.","**Menispermum canadense L.**: Species name identified and classified by P. McMillan and A. Hackney Blackwell, 2014."
urn:cite:botcar:species.Metopiumtoxiferum,tsn:28805,urn:cite:botcar:family.Anacardiaceae,urn:cite:botcar:genus.Metopium,"Metopium toxiferum","**Metopium toxiferum**: Species name identified and classified by P. McMillan and A. Hackney Blackwell, 2014."
urn:cite:botcar:species.Mimosaquadrivalvis,tsn:507073,urn:cite:botcar:family.Fabaceae,urn:cite:botcar:genus.Mimosa,"Mimosa quadrivalvis L.","**Mimosa quadrivalvis L.**: Species name identified and classified by P. McMillan and A. Hackney Blackwell, 2014."
urn:cite:botcar:species.Monardapunctata,tsn:32279,urn:cite:botcar:family.Lamiaceae,urn:cite:botcar:genus.Monarda,"Monarda punctata L.","**Monarda punctata L.**: Species name identified and classified by P. McMillan and A. Hackney Blackwell, 2014."
urn:cite:botcar:species.Morusrubra,tsn:19070,urn:cite:botcar:family.Moraceae,urn:cite:botcar:genus.Morus,"Morus rubra L.","**Morus rubra L.**: Species name identified and classified by P. McMillan and A. Hackney Blackwell, 2014."
urn:cite:botcar:species.Nasturtiumofficinale,tsn:23255,urn:cite:botcar:family.Brassicaceae,urn:cite:botcar:genus.Nasturtium,"Nasturtium officinale R. Brown","**Nasturtium officinale R. Brown**: Species name identified and classified by P. McMillan and A. Hackney Blackwell, 2014."
urn:cite:botcar:species.Nolinageorgiana,tsn:42991,urn:cite:botcar:family.Ruscaceae,urn:cite:botcar:genus.Nolina,"Nolina georgiana Michx.","**Nolina georgiana Michx.**: Species name identified and classified by P. McMillan and A. Hackney Blackwell, 2014."
urn:cite:botcar:species.Nymphaeaodorata,tsn:18384,urn:cite:botcar:family.Nymphaeaceae,urn:cite:botcar:genus.Nymphaea,"Nymphaea odorata W.T. Aiton","**Nymphaea odorata W.T. Aiton**: Species name identified and classified by P. McMillan and A. Hackney Blackwell, 2014."
urn:cite:botcar:species.Nyssaaquatica,tsn:27824,urn:cite:botcar:family.Nyssaceae,urn:cite:botcar:genus.Nyssa,"Nyssa aquatica L.","**Nyssa aquatica L.**: Species name identified and classified by P. McMillan and A. Hackney Blackwell, 2014."
urn:cite:botcar:species.Nyssaaquatica,tsn:27824,urn:cite:botcar:family.Nyssaceae,urn:cite:botcar:genus.Nyssa,"Nyssa aquatica L.","**Nyssa aquatica L.**: Species name identified and classified by P. McMillan and A. Hackney Blackwell, 2014."
urn:cite:botcar:species.Nyssasylvatica,tsn:27821,urn:cite:botcar:family.Nyssaceae,urn:cite:botcar:genus.Nyssa,"Nyssa sylvatica L.","**Nyssa sylvatica L.**: Species name identified and classified by P. McMillan and A. Hackney Blackwell, 2014."
urn:cite:botcar:species.Nyssasylvatica,tsn:27821,urn:cite:botcar:family.Nyssaceae,urn:cite:botcar:genus.Nyssa,"Nyssa sylvatica L.","**Nyssa sylvatica L.**: Species name identified and classified by P. McMillan and A. Hackney Blackwell, 2014."
urn:cite:botcar:species.Oenotherafilipes,tsn:836000,urn:cite:botcar:family.Onagraceae,urn:cite:botcar:genus.Oenothera,"Oenothera filipes (Spach) W. L. Wagner & Hoch","**Oenothera filipes (Spach) W. L. Wagner & Hoch**: Species name identified and classified by P. McMillan and A. Hackney Blackwell, 2014."
urn:cite:botcar:species.Onosmodiumvirginianum,tsn:31969,urn:cite:botcar:family.Boraginaceae,urn:cite:botcar:genus.Onosmodium,"Onosmodium virginianum (Linnaeus) A. DC.","**Onosmodium virginianum (Linnaeus) A. DC.**: Species name identified and classified by P. McMillan and A. Hackney Blackwell, 2014."
urn:cite:botcar:species.Orbexilumpedunculatum,tsn:504048,urn:cite:botcar:family.Fabaceae,urn:cite:botcar:genus.Orbexilum,"Orbexilum pedunculatum (P. Miller) Rydberg var. psoralioides (Walter) Isely","**Orbexilum pedunculatum (P. Miller) Rydberg var. psoralioides (Walter) Isely**: Species name identified and classified by P. McMillan and A. Hackney Blackwell, 2014."
urn:cite:botcar:species.Osmanthusamericanus,tsn:32992,urn:cite:botcar:family.Oleaceae,urn:cite:botcar:genus.Osmanthus,"Osmanthus americanus (L.) Benth. & Hook. f. ex A. Gray","**Osmanthus americanus (L.) Benth. & Hook. f. ex A. Gray**: Species name identified and classified by P. McMillan and A. Hackney Blackwell, 2014."
urn:cite:botcar:species.Osmorhizalongistylis,tsn:29791,urn:cite:botcar:family.Apiaceae,urn:cite:botcar:genus.Osmorhiza,"Osmorhiza longistylis (Torr.) A.P. de Candolle","**Osmorhiza longistylis (Torr.) A.P. de Candolle**: Species name identified and classified by P. McMillan and A. Hackney Blackwell, 2014."
urn:cite:botcar:species.Osmundaregalis,tsn:17218,urn:cite:botcar:family.Osmundaceae,urn:cite:botcar:genus.Osmunda,"Osmunda regalis L.","**Osmunda regalis L.**: Species name identified and classified by P. McMillan and A. Hackney Blackwell, 2014."
urn:cite:botcar:species.Ostryavirginiana,"tsn:""to be added""",urn:cite:botcar:family.Betulaceae,urn:cite:botcar:genus.Ostrya,"Ostrya virginiana?","**Ostrya virginiana?**: Species name identified and classified by P. McMillan and A. Hackney Blackwell, 2014."
urn:cite:botcar:species.Oxydendrumarboreum,tsn:23690,urn:cite:botcar:family.Ericaceae,urn:cite:botcar:genus.Oxydendrum,"Oxydendrum arboreum (Linnaeus) A.P. de Candolle","**Oxydendrum arboreum (Linnaeus) A.P. de Candolle**: Species name identified and classified by P. McMillan and A. Hackney Blackwell, 2014."
urn:cite:botcar:species.Paspalumfloridanum,tsn:40992,urn:cite:botcar:family.Poaceae,urn:cite:botcar:genus.Paspalum,"Paspalum floridanum Michaux","**Paspalum floridanum Michaux**: Species name identified and classified by P. McMillan and A. Hackney Blackwell, 2014."
urn:cite:botcar:species.Pediculariscanadensis,tsn:33362,urn:cite:botcar:family.Orobanchaceae,urn:cite:botcar:genus.Pedicularis,"Pedicularis canadensis L.","**Pedicularis canadensis L.**: Species name identified and classified by P. McMillan and A. Hackney Blackwell, 2014."
urn:cite:botcar:species.Pediomelumcanescens,tsn:504172,urn:cite:botcar:family.Fabaceae,urn:cite:botcar:genus.Pediomelum,"Pediomelum canescens (Michx.) Rydb.","**Pediomelum canescens (Michx.) Rydb.**: Species name identified and classified by P. McMillan and A. Hackney Blackwell, 2014."
urn:cite:botcar:species.Perseaborbonia,tsn:18149,urn:cite:botcar:family.Lauraceae,urn:cite:botcar:genus.Persea,"Persea borbonia (Linnaeus) Sprengel","**Persea borbonia (Linnaeus) Sprengel**: Species name identified and classified by P. McMillan and A. Hackney Blackwell, 2014."
urn:cite:botcar:species.Perseapalustris,tsn:504254,urn:cite:botcar:family.Lauraceae,urn:cite:botcar:genus.Persea,"Persea palustris (Rafinesque) Sargent","**Persea palustris (Rafinesque) Sargent**: Species name identified and classified by P. McMillan and A. Hackney Blackwell, 2014."
urn:cite:botcar:species.Persicariavirginiana,tsn:518755,urn:cite:botcar:family.Polygonaceae,urn:cite:botcar:genus.Persicaria,"Persicaria virginiana (Linnaeus) Gaertner","**Persicaria virginiana (Linnaeus) Gaertner**: Species name identified and classified by P. McMillan and A. Hackney Blackwell, 2014."
urn:cite:botcar:species.Phalariscaroliniana,tsn:41343,urn:cite:botcar:family.Poaceae,urn:cite:botcar:genus.Phalaris,"Phalaris caroliniana Walter","**Phalaris caroliniana Walter**: Species name identified and classified by P. McMillan and A. Hackney Blackwell, 2014."
urn:cite:botcar:species.Phaseoluspolystachios,tsn:504291,urn:cite:botcar:family.Fabaceae,urn:cite:botcar:genus.Phaseolus,"Phaseolus polystachios (L.) BSP","**Phaseolus polystachios (L.) BSP**: Species name identified and classified by P. McMillan and A. Hackney Blackwell, 2014."
urn:cite:botcar:species.Phegopterishexagonoptera,tsn:504296,urn:cite:botcar:family.Thelypteridaceae,urn:cite:botcar:genus.Phegopteris,"Phegopteris hexagonoptera (Michaux) F_e","**Phegopteris hexagonoptera (Michaux) F_e**: Species name identified and classified by P. McMillan and A. Hackney Blackwell, 2014."
urn:cite:botcar:species.Philadelphusinodorus,tsn:24429,urn:cite:botcar:family.Hydrangeaceae,urn:cite:botcar:genus.Philadelphus,"Philadelphus inodorus L.","**Philadelphus inodorus L.**: Species name identified and classified by P. McMillan and A. Hackney Blackwell, 2014."
urn:cite:botcar:species.Phleumarenarium,"tsn:""to be added""",urn:cite:botcar:family.Gramineae,urn:cite:botcar:genus.Phleum,"Phleum arenarium?","**Phleum arenarium?**: Species name identified and classified by P. McMillan and A. Hackney Blackwell, 2014."
urn:cite:botcar:species.Phloxamoena,tsn:30910,urn:cite:botcar:family.Polemoniaceae,urn:cite:botcar:genus.Phlox,"Phlox amoena Sims","**Phlox amoena Sims**: Species name identified and classified by P. McMillan and A. Hackney Blackwell, 2014."
urn:cite:botcar:species.Phylanodiflora,tsn:32197,urn:cite:botcar:family.Verbenaceae,urn:cite:botcar:genus.Phyla,"Phyla nodiflora (L.) Greene","**Phyla nodiflora (L.) Greene**: Species name identified and classified by P. McMillan and A. Hackney Blackwell, 2014."
urn:cite:botcar:species.Physalisangulata,tsn:30590,urn:cite:botcar:family.Solanaceae,urn:cite:botcar:genus.Physalis,"Physalis angulata L.","**Physalis angulata L.**: Species name identified and classified by P. McMillan and A. Hackney Blackwell, 2014."
urn:cite:botcar:species.Physostegiapurpurea,tsn:32397,urn:cite:botcar:family.Lamiaceae,urn:cite:botcar:genus.Physostegia,"Physostegia purpurea (Walter) Blake","**Physostegia purpurea (Walter) Blake**: Species name identified and classified by P. McMillan and A. Hackney Blackwell, 2014."
urn:cite:botcar:species.Pityopsisgraminifolia,tsn:196349,urn:cite:botcar:family.Asteraceae,urn:cite:botcar:genus.Pityopsis,"Pityopsis graminifolia (Michx.) Nutt. var. latifolia (Fernald) Semple & F.D. Bowers","**Pityopsis graminifolia (Michx.) Nutt. var. latifolia (Fernald) Semple & F.D. Bowers**: Species name identified and classified by P. McMillan and A. Hackney Blackwell, 2014."
urn:cite:botcar:species.Platantheraciliaris,tsn:43413,urn:cite:botcar:family.Orchidaceae,urn:cite:botcar:genus.Platanthera,"Platanthera ciliaris (L.) Lindl.","**Platanthera ciliaris (L.) Lindl.**: Species name identified and classified by P. McMillan and A. Hackney Blackwell, 2014."
urn:cite:botcar:species.Platantheraintegra,tsn:43428,urn:cite:botcar:family.Orchidaceae,urn:cite:botcar:genus.Platanthera,"Platanthera integra (Nutt.) A. Gray ex Beck","**Platanthera integra (Nutt.) A. Gray ex Beck**: Species name identified and classified by P. McMillan and A. Hackney Blackwell, 2014."
urn:cite:botcar:species.Platanusoccidentalis,tsn:19020,urn:cite:botcar:family.Platanaceae,urn:cite:botcar:genus.Platanus,"Platanus occidentalis L.","**Platanus occidentalis L.**: Species name identified and classified by P. McMillan and A. Hackney Blackwell, 2014."
urn:cite:botcar:species.Plucheafoetida,tsn:36062,urn:cite:botcar:family.Asteraceae,urn:cite:botcar:genus.Pluchea,"Pluchea foetida (L.) A.P. de Candolle","**Pluchea foetida (L.) A.P. de Candolle**: Species name identified and classified by P. McMillan and A. Hackney Blackwell, 2014."
urn:cite:botcar:species.Podophyllumpeltatum,tsn:18850,urn:cite:botcar:family.Berberidaceae,urn:cite:botcar:genus.Podophyllum,"Podophyllum peltatum L.","**Podophyllum peltatum L.**: Species name identified and classified by P. McMillan and A. Hackney Blackwell, 2014."
urn:cite:botcar:species.Podostemumceratophyllum,tsn:27031,urn:cite:botcar:family.Podostemaceae,urn:cite:botcar:genus.Podostemum,"Podostemum ceratophyllum Michx.","**Podostemum ceratophyllum Michx.**: Species name identified and classified by P. McMillan and A. Hackney Blackwell, 2014."
urn:cite:botcar:species.Polygalacruciata,tsn:29331,urn:cite:botcar:family.Polygalaceae,urn:cite:botcar:genus.Polygala,"Polygala cruciata L.","**Polygala cruciata L.**: Species name identified and classified by P. McMillan and A. Hackney Blackwell, 2014."
urn:cite:botcar:species.Polygalagrandiflora,tsn:29336,urn:cite:botcar:family.Polygalaceae,urn:cite:botcar:genus.Polygala,"Polygala grandiflora Walter","**Polygala grandiflora Walter**: Species name identified and classified by P. McMillan and A. Hackney Blackwell, 2014."
urn:cite:botcar:species.Polygalalutea,tsn:29348,urn:cite:botcar:family.Polygalaceae,urn:cite:botcar:genus.Polygala,"Polygala lutea L.","**Polygala lutea L.**: Species name identified and classified by P. McMillan and A. Hackney Blackwell, 2014."
urn:cite:botcar:species.Polygalamariana,tsn:29303,urn:cite:botcar:family.Polygalaceae,urn:cite:botcar:genus.Polygala,"Polygala mariana P. Miller","**Polygala mariana P. Miller**: Species name identified and classified by P. McMillan and A. Hackney Blackwell, 2014."
urn:cite:botcar:species.Polygalapolygama,tsn:29308,urn:cite:botcar:family.Polygalaceae,urn:cite:botcar:genus.Polygala,"Polygala polygama Walter","**Polygala polygama Walter**: Species name identified and classified by P. McMillan and A. Hackney Blackwell, 2014."
urn:cite:botcar:species.Polygalaramosa,tsn:29309,urn:cite:botcar:family.Polygalaceae,urn:cite:botcar:genus.Polygala,"Polygala ramosa Elliott","**Polygala ramosa Elliott**: Species name identified and classified by P. McMillan and A. Hackney Blackwell, 2014."
urn:cite:botcar:species.Polygonatumbiflorum,tsn:43006,urn:cite:botcar:family.Ruscaceae,urn:cite:botcar:genus.Polygonatum,"Polygonatum biflorum (Walter) Elliott","**Polygonatum biflorum (Walter) Elliott**: Species name identified and classified by P. McMillan and A. Hackney Blackwell, 2014."
urn:cite:botcar:species.Polypremumprocumbens,tsn:29959,urn:cite:botcar:family.Tetrachondraceae,urn:cite:botcar:genus.Polypremum,"Polypremum procumbens L.","**Polypremum procumbens L.**: Species name identified and classified by P. McMillan and A. Hackney Blackwell, 2014."
urn:cite:botcar:species.Polystichumacrostichoides,tsn:17675,urn:cite:botcar:family.Dryopteridaceae,urn:cite:botcar:genus.Polystichum,"Polystichum acrostichoides (Michaux) Schott","**Polystichum acrostichoides (Michaux) Schott**: Species name identified and classified by P. McMillan and A. Hackney Blackwell, 2014."
urn:cite:botcar:species.Polytrichumcommune,tsn:15759,urn:cite:botcar:family.Polytrichaceae,urn:cite:botcar:genus.Polytrichum,"Polytrichum commune Hedw.","**Polytrichum commune Hedw.**: Species name identified and classified by P. McMillan and A. Hackney Blackwell, 2014."
urn:cite:botcar:species.Pontederiacordata,tsn:42620,urn:cite:botcar:family.Pontederiaceae,urn:cite:botcar:genus.Pontederia,"Pontederia cordata Linnaeus var. lancifolia (Muhlenberg ex Elliott) Torrey","**Pontederia cordata Linnaeus var. lancifolia (Muhlenberg ex Elliott) Torrey**: Species name identified and classified by P. McMillan and A. Hackney Blackwell, 2014."
urn:cite:botcar:species.Populusdeltoides,tsn:22445,urn:cite:botcar:family.Salicaceae,urn:cite:botcar:genus.Populus,"Populus deltoides Bartram ex Marsh.","**Populus deltoides Bartram ex Marsh.**: Species name identified and classified by P. McMillan and A. Hackney Blackwell, 2014."
urn:cite:botcar:species.Populusheterophylla,tsn:22465,urn:cite:botcar:family.Salicaceae,urn:cite:botcar:genus.Populus,"Populus heterophylla L.","**Populus heterophylla L.**: Species name identified and classified by P. McMillan and A. Hackney Blackwell, 2014."
urn:cite:botcar:species.Prenanthesautumnalis,tsn:38275,urn:cite:botcar:family.Asteraceae,urn:cite:botcar:genus.Prenanthes,"Prenanthes autumnalis Walter","**Prenanthes autumnalis Walter**: Species name identified and classified by P. McMillan and A. Hackney Blackwell, 2014."
urn:cite:botcar:species.Prenanthesserpentaria,tsn:38286,urn:cite:botcar:family.Asteraceae,urn:cite:botcar:genus.Prenanthes,"Prenanthes serpentaria Pursh","**Prenanthes serpentaria Pursh**: Species name identified and classified by P. McMillan and A. Hackney Blackwell, 2014."
urn:cite:botcar:species.Prunellavulgaris,tsn:32381,urn:cite:botcar:family.Lamiaceae,urn:cite:botcar:genus.Prunella,"Prunella vulgaris Linnaeus var. lanceolata (W. Barton) Fernald","**Prunella vulgaris Linnaeus var. lanceolata (W. Barton) Fernald**: Species name identified and classified by P. McMillan and A. Hackney Blackwell, 2014."
urn:cite:botcar:species.Prunuscaroliniana,tsn:24771,urn:cite:botcar:family.Rosaceae,urn:cite:botcar:genus.Prunus,"Prunus caroliniana Aiton","**Prunus caroliniana Aiton**: Species name identified and classified by P. McMillan and A. Hackney Blackwell, 2014."
urn:cite:botcar:species.Prunusumbellata,tsn:24805,urn:cite:botcar:family.Rosaceae,urn:cite:botcar:genus.Prunus,"Prunus umbellata Elliott","**Prunus umbellata Elliott**: Species name identified and classified by P. McMillan and A. Hackney Blackwell, 2014."
urn:cite:botcar:species.Pseudognaphaliumobtusifolium,tsn:507657,urn:cite:botcar:family.Asteraceae,urn:cite:botcar:genus.Pseudognaphalium,"Pseudognaphalium obtusifolium (L.) Hilliard & B.L. Burtt","**Pseudognaphalium obtusifolium (L.) Hilliard & B.L. Burtt**: Species name identified and classified by P. McMillan and A. Hackney Blackwell, 2014."
urn:cite:botcar:species.Pteleatrifoliata,tsn:28992,urn:cite:botcar:family.Rutaceae,urn:cite:botcar:genus.Ptelea,"Ptelea trifoliata L.","**Ptelea trifoliata L.**: Species name identified and classified by P. McMillan and A. Hackney Blackwell, 2014."
urn:cite:botcar:species.Ptilimniumcapillaceum,tsn:29551,urn:cite:botcar:family.Apiaceae,urn:cite:botcar:genus.Ptilimnium,"Ptilimnium capillaceum (Michaux) Rafinesque","**Ptilimnium capillaceum (Michaux) Rafinesque**: Species name identified and classified by P. McMillan and A. Hackney Blackwell, 2014."
urn:cite:botcar:species.Pycnanthemumflexuosum,tsn:32660,urn:cite:botcar:family.Lamiaceae,urn:cite:botcar:genus.Pycnanthemum,"Pycnanthemum flexuosum (Walter) Britton, Sterns & Poggenb.","**Pycnanthemum flexuosum (Walter) Britton, Sterns & Poggenb.**: Species name identified and classified by P. McMillan and A. Hackney Blackwell, 2014."
urn:cite:botcar:species.Pycnanthemumpycnanthemoides,tsn:32667,urn:cite:botcar:family.Lamiaceae,urn:cite:botcar:genus.Pycnanthemum,"Pycnanthemum pycnanthemoides (Leavenworth) Fernald var. pycnanthemoides","**Pycnanthemum pycnanthemoides (Leavenworth) Fernald var. pycnanthemoides**: Species name identified and classified by P. McMillan and A. Hackney Blackwell, 2014."
urn:cite:botcar:species.Quercusalba,tsn:19290,urn:cite:botcar:family.Fagaceae,urn:cite:botcar:genus.Quercus,"Quercus alba L.","**Quercus alba L.**: Species name identified and classified by P. McMillan and A. Hackney Blackwell, 2014."
urn:cite:botcar:species.Quercusincana,tsn:19360,urn:cite:botcar:family.Fagaceae,urn:cite:botcar:genus.Quercus,"Quercus incana Bartram","**Quercus incana Bartram**: Species name identified and classified by P. McMillan and A. Hackney Blackwell, 2014."
urn:cite:botcar:species.Quercuslaevis,tsn:19367,urn:cite:botcar:family.Fagaceae,urn:cite:botcar:genus.Quercus,"Quercus laevis Walter","**Quercus laevis Walter**: Species name identified and classified by P. McMillan and A. Hackney Blackwell, 2014."
urn:cite:botcar:species.Quercusmarilandica,tsn:19374,urn:cite:botcar:family.Fagaceae,urn:cite:botcar:genus.Quercus,"Quercus marilandica Muenchh.","**Quercus marilandica Muenchh.**: Species name identified and classified by P. McMillan and A. Hackney Blackwell, 2014."
urn:cite:botcar:species.Quercusmichauxii,tsn:19279,urn:cite:botcar:family.Fagaceae,urn:cite:botcar:genus.Quercus,"Quercus michauxii Nutt.","**Quercus michauxii Nutt.**: Species name identified and classified by P. McMillan and A. Hackney Blackwell, 2014."
urn:cite:botcar:species.Quercusnigra,tsn:19280,urn:cite:botcar:family.Fagaceae,urn:cite:botcar:genus.Quercus,"Quercus nigra L.","**Quercus nigra L.**: Species name identified and classified by P. McMillan and A. Hackney Blackwell, 2014."
urn:cite:botcar:species.Quercusphellos,tsn:19282,urn:cite:botcar:family.Fagaceae,urn:cite:botcar:genus.Quercus,"Quercus phellos L.","**Quercus phellos L.**: Species name identified and classified by P. McMillan and A. Hackney Blackwell, 2014."
urn:cite:botcar:species.Quercusvirginiana,tsn:19283,urn:cite:botcar:family.Fagaceae,urn:cite:botcar:genus.Quercus,"Quercus virginiana Mill.","**Quercus virginiana Mill.**: Species name identified and classified by P. McMillan and A. Hackney Blackwell, 2014."
urn:cite:botcar:species.Rhexiaalifanus,tsn:27687,urn:cite:botcar:family.Melastomataceae,urn:cite:botcar:genus.Rhexia,"Rhexia alifanus Walter","**Rhexia alifanus Walter**: Species name identified and classified by P. McMillan and A. Hackney Blackwell, 2014."
urn:cite:botcar:species.Rhexiavirginica,tsn:27686,urn:cite:botcar:family.Melastomataceae,urn:cite:botcar:genus.Rhexia,"Rhexia virginica L.","**Rhexia virginica L.**: Species name identified and classified by P. McMillan and A. Hackney Blackwell, 2014."
urn:cite:botcar:species.Rhynchosiatomentosa,tsn:504773,urn:cite:botcar:family.Fabaceae,urn:cite:botcar:genus.Rhynchosia,"Rhynchosia tomentosa (Linnaeus) Hooker & Arnott","**Rhynchosia tomentosa (Linnaeus) Hooker & Arnott**: Species name identified and classified by P. McMillan and A. Hackney Blackwell, 2014."
urn:cite:botcar:species.Rhynchosporacolorata,tsn:504777,urn:cite:botcar:family.Cyperaceae,urn:cite:botcar:genus.Rhynchospora,"Rhynchospora colorata (L.) H. Pfeiffer","**Rhynchospora colorata (L.) H. Pfeiffer**: Species name identified and classified by P. McMillan and A. Hackney Blackwell, 2014."
urn:cite:botcar:species.Rhynchosporafascicularis,tsn:40169,urn:cite:botcar:family.Cyperaceae,urn:cite:botcar:genus.Rhynchospora,"Rhynchospora fascicularis (Michaux) Vahl","**Rhynchospora fascicularis (Michaux) Vahl**: Species name identified and classified by P. McMillan and A. Hackney Blackwell, 2014."
urn:cite:botcar:species.Rhynchosporaglomerata,tsn:40174,urn:cite:botcar:family.Cyperaceae,urn:cite:botcar:genus.Rhynchospora,"Rhynchospora glomerata (L.) Vahl","**Rhynchospora glomerata (L.) Vahl**: Species name identified and classified by P. McMillan and A. Hackney Blackwell, 2014."
urn:cite:botcar:species.Rubuspensilvanicus,tsn:504874,urn:cite:botcar:family.Rosaceae,urn:cite:botcar:genus.Rubus,"Rubus pensilvanicus Poiret","**Rubus pensilvanicus Poiret**: Species name identified and classified by P. McMillan and A. Hackney Blackwell, 2014."
urn:cite:botcar:species.Rudbeckiahirta,tsn:36765,urn:cite:botcar:family.Asteraceae,urn:cite:botcar:genus.Rudbeckia,"Rudbeckia hirta L.","**Rudbeckia hirta L.**: Species name identified and classified by P. McMillan and A. Hackney Blackwell, 2014."
urn:cite:botcar:species.Sabatiaangularis,tsn:30005,urn:cite:botcar:family.Gentianaceae,urn:cite:botcar:genus.Sabatia,"Sabatia angularis (L.) Pursh","**Sabatia angularis (L.) Pursh**: Species name identified and classified by P. McMillan and A. Hackney Blackwell, 2014."
urn:cite:botcar:species.Sabatiadifformis,tsn:30012,urn:cite:botcar:family.Gentianaceae,urn:cite:botcar:genus.Sabatia,"Sabatia difformis (Linnaeus) Druce","**Sabatia difformis (Linnaeus) Druce**: Species name identified and classified by P. McMillan and A. Hackney Blackwell, 2014."
urn:cite:botcar:species.Sabatiastellaris,tsn:30004,urn:cite:botcar:family.Gentianaceae,urn:cite:botcar:genus.Sabatia,"Sabatia stellaris Pursh","**Sabatia stellaris Pursh**: Species name identified and classified by P. McMillan and A. Hackney Blackwell, 2014."
urn:cite:botcar:species.Saccharumgiganteum,tsn:504933,urn:cite:botcar:family.Poaceae,urn:cite:botcar:genus.Saccharum,"Saccharum giganteum (Walter) Pers.","**Saccharum giganteum (Walter) Pers.**: Species name identified and classified by P. McMillan and A. Hackney Blackwell, 2014."
urn:cite:botcar:species.Salvialyrata,tsn:32690,urn:cite:botcar:family.Lamiaceae,urn:cite:botcar:genus.Salvia,"Salvia lyrata L.","**Salvia lyrata L.**: Species name identified and classified by P. McMillan and A. Hackney Blackwell, 2014."
urn:cite:botcar:species.Sarraceniaminor,tsn:21999,urn:cite:botcar:family.Sarraceniaceae,urn:cite:botcar:genus.Sarracenia,"Sarracenia minor Walter","**Sarracenia minor Walter**: Species name identified and classified by P. McMillan and A. Hackney Blackwell, 2014."
urn:cite:botcar:species.Sarraceniarubra,tsn:22002,urn:cite:botcar:family.Sarraceniaceae,urn:cite:botcar:genus.Sarracenia,"Sarracenia rubra Walter","**Sarracenia rubra Walter**: Species name identified and classified by P. McMillan and A. Hackney Blackwell, 2014."
urn:cite:botcar:species.Saururuscernuus,tsn:18221,urn:cite:botcar:family.Saururaceae,urn:cite:botcar:genus.Saururus,"Saururus cernuus L.","**Saururus cernuus L.**: Species name identified and classified by P. McMillan and A. Hackney Blackwell, 2014."
urn:cite:botcar:species.Scirpuscyperinus,tsn:40228,urn:cite:botcar:family.Cyperaceae,urn:cite:botcar:genus.Scirpus,"Scirpus cyperinus (L.) Kunth","**Scirpus cyperinus (L.) Kunth**: Species name identified and classified by P. McMillan and A. Hackney Blackwell, 2014."
urn:cite:botcar:species.Scutellariaelliptica,tsn:32796,urn:cite:botcar:family.Lamiaceae,urn:cite:botcar:genus.Scutellaria,"Scutellaria elliptica Muhl. ex Spreng.","**Scutellaria elliptica Muhl. ex Spreng.**: Species name identified and classified by P. McMillan and A. Hackney Blackwell, 2014."
urn:cite:botcar:species.Selaginellaapoda,tsn:17066,urn:cite:botcar:family.Selaginellaceae,urn:cite:botcar:genus.Selaginella,"Selaginella apoda (L.) Spring","**Selaginella apoda (L.) Spring**: Species name identified and classified by P. McMillan and A. Hackney Blackwell, 2014."
urn:cite:botcar:species.Sennaoccidentalis,tsn:505166,urn:cite:botcar:family.Fabaceae,urn:cite:botcar:genus.Senna,"Senna occidentalis (L.) Link","**Senna occidentalis (L.) Link**: Species name identified and classified by P. McMillan and A. Hackney Blackwell, 2014."
urn:cite:botcar:species.Sericocarpusasteroides,tsn:508089,urn:cite:botcar:family.Asteraceae,urn:cite:botcar:genus.Sericocarpus,"Sericocarpus asteroides (L.) BSP","**Sericocarpus asteroides (L.) BSP**: Species name identified and classified by P. McMillan and A. Hackney Blackwell, 2014."
urn:cite:botcar:species.Sericocarpustortifolius,tsn:508091,urn:cite:botcar:family.Asteraceae,urn:cite:botcar:genus.Sericocarpus,"Sericocarpus tortifolius (Michx.) Nees","**Sericocarpus tortifolius (Michx.) Nees**: Species name identified and classified by P. McMillan and A. Hackney Blackwell, 2014."
urn:cite:botcar:species.Setariamagna,tsn:41230,urn:cite:botcar:family.Poaceae,urn:cite:botcar:genus.Setaria,"Setaria magna Griseb.","**Setaria magna Griseb.**: Species name identified and classified by P. McMillan and A. Hackney Blackwell, 2014."
urn:cite:botcar:species.Setariaparviflora,tsn:505191,urn:cite:botcar:family.Poaceae,urn:cite:botcar:genus.Setaria,"Setaria parviflora (Poir.) Kergu_len","**Setaria parviflora (Poir.) Kergu_len**: Species name identified and classified by P. McMillan and A. Hackney Blackwell, 2014."
urn:cite:botcar:species.Seymeriacassioides,tsn:34043,urn:cite:botcar:family.Orobanchaceae,urn:cite:botcar:genus.Seymeria,"Seymeria cassioides (J.F. Gmel.) S.F. Blake","**Seymeria cassioides (J.F. Gmel.) S.F. Blake**: Species name identified and classified by P. McMillan and A. Hackney Blackwell, 2014."
urn:cite:botcar:species.Seymeriapectinata,tsn:34045,urn:cite:botcar:family.Orobanchaceae,urn:cite:botcar:genus.Seymeria,"Seymeria pectinata Pursh","**Seymeria pectinata Pursh**: Species name identified and classified by P. McMillan and A. Hackney Blackwell, 2014."
urn:cite:botcar:species.Sidarhombifolia,tsn:21731,urn:cite:botcar:family.Malvaceae,urn:cite:botcar:genus.Sida,"Sida rhombifolia L.","**Sida rhombifolia L.**: Species name identified and classified by P. McMillan and A. Hackney Blackwell, 2014."
urn:cite:botcar:species.Silenevirginica,tsn:20141,urn:cite:botcar:family.Caryophyllaceae,urn:cite:botcar:genus.Silene,"Silene virginica L.","**Silene virginica L.**: Species name identified and classified by P. McMillan and A. Hackney Blackwell, 2014."
urn:cite:botcar:species.Silphiumasteriscus,tsn:38387,urn:cite:botcar:family.Asteraceae,urn:cite:botcar:genus.Silphium,"Silphium asteriscus L.","**Silphium asteriscus L.**: Species name identified and classified by P. McMillan and A. Hackney Blackwell, 2014."
urn:cite:botcar:species.Smallanthusuvedalius,tsn:505252,urn:cite:botcar:family.Asteraceae,urn:cite:botcar:genus.Smallanthus,"Smallanthus uvedalius (Linnaeus) Mackenzie ex Small","**Smallanthus uvedalius (Linnaeus) Mackenzie ex Small**: Species name identified and classified by P. McMillan and A. Hackney Blackwell, 2014."
urn:cite:botcar:species.Smilaxauriculata,tsn:43349,urn:cite:botcar:family.Smilacaceae,urn:cite:botcar:genus.Smilax,"Smilax auriculata Walter","**Smilax auriculata Walter**: Species name identified and classified by P. McMillan and A. Hackney Blackwell, 2014."
urn:cite:botcar:species.Smilaxpumila,tsn:43361,urn:cite:botcar:family.Smilacaceae,urn:cite:botcar:genus.Smilax,"Smilax pumila Walter","**Smilax pumila Walter**: Species name identified and classified by P. McMillan and A. Hackney Blackwell, 2014."
urn:cite:botcar:species.Solidagofistulosa,tsn:36254,urn:cite:botcar:family.Asteraceae,urn:cite:botcar:genus.Solidago,"Solidago fistulosa Mill.","**Solidago fistulosa Mill.**: Species name identified and classified by P. McMillan and A. Hackney Blackwell, 2014."
urn:cite:botcar:species.Solidagoodora,tsn:36284,urn:cite:botcar:family.Asteraceae,urn:cite:botcar:genus.Solidago,"Solidago odora Aiton","**Solidago odora Aiton**: Species name identified and classified by P. McMillan and A. Hackney Blackwell, 2014."
urn:cite:botcar:species.Solidagopetiolaris,tsn:36289,urn:cite:botcar:family.Asteraceae,urn:cite:botcar:genus.Solidago,"Solidago petiolaris Aiton var. petiolaris","**Solidago petiolaris Aiton var. petiolaris**: Species name identified and classified by P. McMillan and A. Hackney Blackwell, 2014."
urn:cite:botcar:species.Solidagosempervirens,tsn:36226,urn:cite:botcar:family.Asteraceae,urn:cite:botcar:genus.Solidago,"Solidago sempervirens L.","**Solidago sempervirens L.**: Species name identified and classified by P. McMillan and A. Hackney Blackwell, 2014."
urn:cite:botcar:species.Spigeliamarilandica,tsn:505330,urn:cite:botcar:family.Loganiaceae,urn:cite:botcar:genus.Spigelia,"Spigelia marilandica (L.) L.","**Spigelia marilandica (L.) L.**: Species name identified and classified by P. McMillan and A. Hackney Blackwell, 2014."
urn:cite:botcar:species.Sporobolusindicus,tsn:42140,urn:cite:botcar:family.Poaceae,urn:cite:botcar:genus.Sporobolus,"Sporobolus indicus (L.) R. Br.","**Sporobolus indicus (L.) R. Br.**: Species name identified and classified by P. McMillan and A. Hackney Blackwell, 2014."
urn:cite:botcar:species.Stachysindet,"tsn:""to be added""",urn:cite:botcar:family.Lamiaceae,urn:cite:botcar:genus.Stachys,"Stachys indet.","**Stachys indet.**: Species name identified and classified by P. McMillan and A. Hackney Blackwell, 2014."
urn:cite:botcar:species.Stillingiasylvatica,tsn:28414,urn:cite:botcar:family.Euphorbiaceae,urn:cite:botcar:genus.Stillingia,"Stillingia sylvatica Garden ex Linnaeus ssp. sylvatica","**Stillingia sylvatica Garden ex Linnaeus ssp. sylvatica**: Species name identified and classified by P. McMillan and A. Hackney Blackwell, 2014."
urn:cite:botcar:species.Styraxamericanus,tsn:505398,urn:cite:botcar:family.Styracaceae,urn:cite:botcar:genus.Styrax,"Styrax americanus Lam.","**Styrax americanus Lam.**: Species name identified and classified by P. McMillan and A. Hackney Blackwell, 2014."
urn:cite:botcar:species.Symphyotrichumconcolor,tsn:522192,urn:cite:botcar:family.Asteraceae,urn:cite:botcar:genus.Symphyotrichum,"Symphyotrichum concolor (L.) G.L. Nesom","**Symphyotrichum concolor (L.) G.L. Nesom**: Species name identified and classified by P. McMillan and A. Hackney Blackwell, 2014."
urn:cite:botcar:species.Symphyotrichumdumosum,tsn:522200,urn:cite:botcar:family.Asteraceae,urn:cite:botcar:genus.Symphyotrichum,"Symphyotrichum dumosum (L.) G.L. Nesom","**Symphyotrichum dumosum (L.) G.L. Nesom**: Species name identified and classified by P. McMillan and A. Hackney Blackwell, 2014."
urn:cite:botcar:species.Taxodiumascendens,tsn:183433,urn:cite:botcar:family.Cupressaceae,urn:cite:botcar:genus.Taxodium,"Taxodium ascendens Brongn.","**Taxodium ascendens Brongn.**: Species name identified and classified by P. McMillan and A. Hackney Blackwell, 2014."
urn:cite:botcar:species.Taxodiumdistichum,tsn:18041,urn:cite:botcar:family.Cupressaceae,urn:cite:botcar:genus.Taxodium,"Taxodium distichum (L.) Rich.","**Taxodium distichum (L.) Rich.**: Species name identified and classified by P. McMillan and A. Hackney Blackwell, 2014."
urn:cite:botcar:species.Tephrosiaspicata,tsn:26996,urn:cite:botcar:family.Fabaceae,urn:cite:botcar:genus.Tephrosia,"Tephrosia spicata (Walter) Torrey & A. Gray","**Tephrosia spicata (Walter) Torrey & A. Gray**: Species name identified and classified by P. McMillan and A. Hackney Blackwell, 2014."
urn:cite:botcar:species.Tephrosiavirginiana,tsn:26998,urn:cite:botcar:family.Fabaceae,urn:cite:botcar:genus.Tephrosia,"Tephrosia virginiana (L.) Pers.","**Tephrosia virginiana (L.) Pers.**: Species name identified and classified by P. McMillan and A. Hackney Blackwell, 2014."
urn:cite:botcar:species.Teucriumcanadense,tsn:32352,urn:cite:botcar:family.Lamiaceae,urn:cite:botcar:genus.Teucrium,"Teucrium canadense L.","**Teucrium canadense L.**: Species name identified and classified by P. McMillan and A. Hackney Blackwell, 2014."
urn:cite:botcar:species.Thalictrumrevolutum,tsn:18660,urn:cite:botcar:family.Ranunculaceae,urn:cite:botcar:genus.Thalictrum,"Thalictrum revolutum DC","**Thalictrum revolutum DC**: Species name identified and classified by P. McMillan and A. Hackney Blackwell, 2014."
urn:cite:botcar:species.Thaspiumbarbinode,tsn:29888,urn:cite:botcar:family.Apiaceae,urn:cite:botcar:genus.Thaspium,"Thaspium barbinode (Michx.) Nutt.","**Thaspium barbinode (Michx.) Nutt.**: Species name identified and classified by P. McMillan and A. Hackney Blackwell, 2014."
urn:cite:botcar:species.Thaspiumtrifoliatum,tsn:29890,urn:cite:botcar:family.Apiaceae,urn:cite:botcar:genus.Thaspium,"Thaspium trifoliatum (L.) A. Gray var. trifoliatum","**Thaspium trifoliatum (L.) A. Gray var. trifoliatum**: Species name identified and classified by P. McMillan and A. Hackney Blackwell, 2014."
urn:cite:botcar:species.Tiliaamericana,tsn:21536,urn:cite:botcar:family.Malvaceae,urn:cite:botcar:genus.Tilia,"Tilia americana L. var. heterophylla (Vent.) Louden","**Tilia americana L. var. heterophylla (Vent.) Louden**: Species name identified and classified by P. McMillan and A. Hackney Blackwell, 2014."
urn:cite:botcar:species.Toxicodendronradicans,tsn:28821,urn:cite:botcar:family.Anacardiaceae,urn:cite:botcar:genus.Toxicodendron,"Toxicodendron radicans (L.) Kuntze","**Toxicodendron radicans (L.) Kuntze**: Species name identified and classified by P. McMillan and A. Hackney Blackwell, 2014."
urn:cite:botcar:species.Toxicodendronvernix,tsn:28823,urn:cite:botcar:family.Anacardiaceae,urn:cite:botcar:genus.Toxicodendron,"Toxicodendron vernix (L.) Kuntze","**Toxicodendron vernix (L.) Kuntze**: Species name identified and classified by P. McMillan and A. Hackney Blackwell, 2014."
urn:cite:botcar:species.Tragiaurticifolia,tsn:28437,urn:cite:botcar:family.Euphorbiaceae,urn:cite:botcar:genus.Tragia,"Tragia urticifolia Michx.","**Tragia urticifolia Michx.**: Species name identified and classified by P. McMillan and A. Hackney Blackwell, 2014."
urn:cite:botcar:species.Trautvetteriacaroliniensis,tsn:18803,urn:cite:botcar:family.Ranunculaceae,urn:cite:botcar:genus.Trautvetteria,"Trautvetteria caroliniensis (Walter) Vail","**Trautvetteria caroliniensis (Walter) Vail**: Species name identified and classified by P. McMillan and A. Hackney Blackwell, 2014."
urn:cite:botcar:species.Triantharacemosa,tsn:522780,urn:cite:botcar:family.Tofieldiaceae,urn:cite:botcar:genus.Triantha,"Triantha racemosa (Walter) Small","**Triantha racemosa (Walter) Small**: Species name identified and classified by P. McMillan and A. Hackney Blackwell, 2014."
urn:cite:botcar:species.Trichostemadichotomum,tsn:32364,urn:cite:botcar:family.Lamiaceae,urn:cite:botcar:genus.Trichostema,"Trichostema dichotomum L.","**Trichostema dichotomum L.**: Species name identified and classified by P. McMillan and A. Hackney Blackwell, 2014."
urn:cite:botcar:species.Trilisapaniculata,tsn:38578,urn:cite:botcar:family.Asteraceae,urn:cite:botcar:genus.Trilisa,"Trilisa paniculata (J.F. Gmelin) Cassini","**Trilisa paniculata (J.F. Gmelin) Cassini**: Species name identified and classified by P. McMillan and A. Hackney Blackwell, 2014."
urn:cite:botcar:species.Trilliumcatesbaei,tsn:43064,urn:cite:botcar:family.Trilliaceae,urn:cite:botcar:genus.Trillium,"Trillium catesbaei Elliott","**Trillium catesbaei Elliott**: Species name identified and classified by P. McMillan and A. Hackney Blackwell, 2014."
urn:cite:botcar:species.Trilliummaculatum,tsn:43078,urn:cite:botcar:family.Trilliaceae,urn:cite:botcar:genus.Trillium,"Trillium maculatum Raf.","**Trillium maculatum Raf.**: Species name identified and classified by P. McMillan and A. Hackney Blackwell, 2014."
urn:cite:botcar:species.Triodanisperfoliata,tsn:34615,urn:cite:botcar:family.Campanulaceae,urn:cite:botcar:genus.Triodanis,"Triodanis perfoliata (L.) Nieuwl.","**Triodanis perfoliata (L.) Nieuwl.**: Species name identified and classified by P. McMillan and A. Hackney Blackwell, 2014."
urn:cite:botcar:species.Ulmusrubra,tsn:19050,urn:cite:botcar:family.Ulmaceae,urn:cite:botcar:genus.Ulmus,"Ulmus rubra Muhl.","**Ulmus rubra Muhl.**: Species name identified and classified by P. McMillan and A. Hackney Blackwell, 2014."
urn:cite:botcar:species.Uniolapaniculata,tsn:41317,urn:cite:botcar:family.Poaceae,urn:cite:botcar:genus.Uniola,"Uniola paniculata L.","**Uniola paniculata L.**: Species name identified and classified by P. McMillan and A. Hackney Blackwell, 2014."
urn:cite:botcar:species.Vacciniumstamineum,tsn:23615,urn:cite:botcar:family.Ericaceae,urn:cite:botcar:genus.Vaccinium,"Vaccinium stamineum Linnaeus var. caesium (Greene) D.B. Ward","**Vaccinium stamineum Linnaeus var. caesium (Greene) D.B. Ward**: Species name identified and classified by P. McMillan and A. Hackney Blackwell, 2014."
urn:cite:botcar:species.Vernoniaacaulis,tsn:38616,urn:cite:botcar:family.Asteraceae,urn:cite:botcar:genus.Vernonia,"Vernonia acaulis (Walter) Gleason","**Vernonia acaulis (Walter) Gleason**: Species name identified and classified by P. McMillan and A. Hackney Blackwell, 2014."
urn:cite:botcar:species.Vernoniaangustifolia,tsn:38617,urn:cite:botcar:family.Asteraceae,urn:cite:botcar:genus.Vernonia,"Vernonia angustifolia Michx.","**Vernonia angustifolia Michx.**: Species name identified and classified by P. McMillan and A. Hackney Blackwell, 2014."
urn:cite:botcar:species.Vernoniagigantea,tsn:38634,urn:cite:botcar:family.Asteraceae,urn:cite:botcar:genus.Vernonia,"Vernonia gigantea (Walter) Trelease","**Vernonia gigantea (Walter) Trelease**: Species name identified and classified by P. McMillan and A. Hackney Blackwell, 2014."
urn:cite:botcar:species.Violalanceolata,tsn:22094,urn:cite:botcar:family.Violaceae,urn:cite:botcar:genus.Viola,"Viola lanceolata Linnaeus var. vittata (Greene) Weatherby & Griscom","**Viola lanceolata Linnaeus var. vittata (Greene) Weatherby & Griscom**: Species name identified and classified by P. McMillan and A. Hackney Blackwell, 2014."
urn:cite:botcar:species.Violasororia,tsn:22169,urn:cite:botcar:family.Violaceae,urn:cite:botcar:genus.Viola,"Viola sororia Willd.","**Viola sororia Willd.**: Species name identified and classified by P. McMillan and A. Hackney Blackwell, 2014."
urn:cite:botcar:species.Vitisaestivalis,tsn:28607,urn:cite:botcar:family.Vitaceae,urn:cite:botcar:genus.Vitis,"Vitis aestivalis Michaux","**Vitis aestivalis Michaux**: Species name identified and classified by P. McMillan and A. Hackney Blackwell, 2014."
urn:cite:botcar:species.Woodwardiaareolata,tsn:17749,urn:cite:botcar:family.Blechnaceae,urn:cite:botcar:genus.Woodwardia,"Woodwardia areolata (L.) T. Moore","**Woodwardia areolata (L.) T. Moore**: Species name identified and classified by P. McMillan and A. Hackney Blackwell, 2014."
urn:cite:botcar:species.Xyrisambigua,tsn:505779,urn:cite:botcar:family.Xyridaceae,urn:cite:botcar:genus.Xyris,"Xyris ambigua Bey. ex Kunth","**Xyris ambigua Bey. ex Kunth**: Species name identified and classified by P. McMillan and A. Hackney Blackwell, 2014."
urn:cite:botcar:species.Zizaniaaquatica,tsn:41319,urn:cite:botcar:family.Poaceae,urn:cite:botcar:genus.Zizania,"Zizania aquatica L.","**Zizania aquatica L.**: Species name identified and classified by P. McMillan and A. Hackney Blackwell, 2014."
