"urn:cite:fufolioimg:BotCarBartramW.Bartram_William_Georgia_A_folder_0252","William Bartram, Plants gathered by William Bartram, West Georgia","Image courtesy of the Sloane Herbarium, Mark Spencer, Curator, the Natural History Museum, London. Creative Commons Attribution-NonCommercial-ShareAlike 3.0 Unported License."
"urn:cite:fufolioimg:BotCarBartramW.Bartram_William_Georgia_A_notes_0251","William Bartram, Plants gathered by William Bartram, West Georgia","Image courtesy of the Sloane Herbarium, Mark Spencer, Curator, the Natural History Museum, London. Creative Commons Attribution-NonCommercial-ShareAlike 3.0 Unported License."
"urn:cite:fufolioimg:BotCarBartramW.Bartram_William_Georgia_A_title_0248","William Bartram, Plants gathered by William Bartram, West Georgia","Image courtesy of the Sloane Herbarium, Mark Spencer, Curator, the Natural History Museum, London. Creative Commons Attribution-NonCommercial-ShareAlike 3.0 Unported License."
"urn:cite:fufolioimg:BotCarBartramW.Bartram_William_Georgia_A1_0240","William Bartram, Plants gathered by William Bartram, West Georgia","Image courtesy of the Sloane Herbarium, Mark Spencer, Curator, the Natural History Museum, London. Creative Commons Attribution-NonCommercial-ShareAlike 3.0 Unported License."
"urn:cite:fufolioimg:BotCarBartramW.Bartram_William_Georgia_A1-2_0241","William Bartram, Plants gathered by William Bartram, West Georgia","Image courtesy of the Sloane Herbarium, Mark Spencer, Curator, the Natural History Museum, London. Creative Commons Attribution-NonCommercial-ShareAlike 3.0 Unported License."
"urn:cite:fufolioimg:BotCarBartramW.Bartram_William_Georgia_A2_0249","William Bartram, Plants gathered by William Bartram, West Georgia","Image courtesy of the Sloane Herbarium, Mark Spencer, Curator, the Natural History Museum, London. Creative Commons Attribution-NonCommercial-ShareAlike 3.0 Unported License."
"urn:cite:fufolioimg:BotCarBartramW.Bartram_William_Georgia_A3-4_0245","William Bartram, Plants gathered by William Bartram, West Georgia","Image courtesy of the Sloane Herbarium, Mark Spencer, Curator, the Natural History Museum, London. Creative Commons Attribution-NonCommercial-ShareAlike 3.0 Unported License."
"urn:cite:fufolioimg:BotCarBartramW.Bartram_William_Georgia_A5_0238","William Bartram, Plants gathered by William Bartram, West Georgia","Image courtesy of the Sloane Herbarium, Mark Spencer, Curator, the Natural History Museum, London. Creative Commons Attribution-NonCommercial-ShareAlike 3.0 Unported License."
"urn:cite:fufolioimg:BotCarBartramW.Bartram_William_Georgia_A5-6_0239","William Bartram, Plants gathered by William Bartram, West Georgia","Image courtesy of the Sloane Herbarium, Mark Spencer, Curator, the Natural History Museum, London. Creative Commons Attribution-NonCommercial-ShareAlike 3.0 Unported License."
"urn:cite:fufolioimg:BotCarBartramW.Bartram_William_Georgia_A7_0231","William Bartram, Plants gathered by William Bartram, West Georgia","Image courtesy of the Sloane Herbarium, Mark Spencer, Curator, the Natural History Museum, London. Creative Commons Attribution-NonCommercial-ShareAlike 3.0 Unported License."
"urn:cite:fufolioimg:BotCarBartramW.Bartram_William_Georgia_A7_A13_0242","William Bartram, Plants gathered by William Bartram, West Georgia","Image courtesy of the Sloane Herbarium, Mark Spencer, Curator, the Natural History Museum, London. Creative Commons Attribution-NonCommercial-ShareAlike 3.0 Unported License."
"urn:cite:fufolioimg:BotCarBartramW.Bartram_William_Georgia_A8-12_0243","William Bartram, Plants gathered by William Bartram, West Georgia","Image courtesy of the Sloane Herbarium, Mark Spencer, Curator, the Natural History Museum, London. Creative Commons Attribution-NonCommercial-ShareAlike 3.0 Unported License."
"urn:cite:fufolioimg:BotCarBartramW.Bartram_William_Georgia_A11_0244","William Bartram, Plants gathered by William Bartram, West Georgia","Image courtesy of the Sloane Herbarium, Mark Spencer, Curator, the Natural History Museum, London. Creative Commons Attribution-NonCommercial-ShareAlike 3.0 Unported License."
"urn:cite:fufolioimg:BotCarBartramW.Bartram_William_Georgia_A14_0232","William Bartram, Plants gathered by William Bartram, West Georgia","Image courtesy of the Sloane Herbarium, Mark Spencer, Curator, the Natural History Museum, London. Creative Commons Attribution-NonCommercial-ShareAlike 3.0 Unported License."
"urn:cite:fufolioimg:BotCarBartramW.Bartram_William_Georgia_A15-16_0230","William Bartram, Plants gathered by William Bartram, West Georgia","Image courtesy of the Sloane Herbarium, Mark Spencer, Curator, the Natural History Museum, London. Creative Commons Attribution-NonCommercial-ShareAlike 3.0 Unported License."
"urn:cite:fufolioimg:BotCarBartramW.Bartram_William_Georgia_A17_0235","William Bartram, Plants gathered by William Bartram, West Georgia","Image courtesy of the Sloane Herbarium, Mark Spencer, Curator, the Natural History Museum, London. Creative Commons Attribution-NonCommercial-ShareAlike 3.0 Unported License."
"urn:cite:fufolioimg:BotCarBartramW.Bartram_William_Georgia_A17-18_0233","William Bartram, Plants gathered by William Bartram, West Georgia","Image courtesy of the Sloane Herbarium, Mark Spencer, Curator, the Natural History Museum, London. Creative Commons Attribution-NonCommercial-ShareAlike 3.0 Unported License."
"urn:cite:fufolioimg:BotCarBartramW.Bartram_William_Georgia_A18_0236","William Bartram, Plants gathered by William Bartram, West Georgia","Image courtesy of the Sloane Herbarium, Mark Spencer, Curator, the Natural History Museum, London. Creative Commons Attribution-NonCommercial-ShareAlike 3.0 Unported License."
"urn:cite:fufolioimg:BotCarBartramW.Bartram_William_Georgia_A19-20_0234","William Bartram, Plants gathered by William Bartram, West Georgia","Image courtesy of the Sloane Herbarium, Mark Spencer, Curator, the Natural History Museum, London. Creative Commons Attribution-NonCommercial-ShareAlike 3.0 Unported License."
"urn:cite:fufolioimg:BotCarBartramW.Bartram_William_Georgia_A21-22_0237","William Bartram, Plants gathered by William Bartram, West Georgia","Image courtesy of the Sloane Herbarium, Mark Spencer, Curator, the Natural History Museum, London. Creative Commons Attribution-NonCommercial-ShareAlike 3.0 Unported License."
"urn:cite:fufolioimg:BotCarBartramW.Bartram_William_Georgia_A23-24_0225","William Bartram, Plants gathered by William Bartram, West Georgia","Image courtesy of the Sloane Herbarium, Mark Spencer, Curator, the Natural History Museum, London. Creative Commons Attribution-NonCommercial-ShareAlike 3.0 Unported License."
"urn:cite:fufolioimg:BotCarBartramW.Bartram_William_Georgia_A26_0216","William Bartram, Plants gathered by William Bartram, West Georgia","Image courtesy of the Sloane Herbarium, Mark Spencer, Curator, the Natural History Museum, London. Creative Commons Attribution-NonCommercial-ShareAlike 3.0 Unported License."
"urn:cite:fufolioimg:BotCarBartramW.Bartram_William_Georgia_A27-28_0222","William Bartram, Plants gathered by William Bartram, West Georgia","Image courtesy of the Sloane Herbarium, Mark Spencer, Curator, the Natural History Museum, London. Creative Commons Attribution-NonCommercial-ShareAlike 3.0 Unported License."
"urn:cite:fufolioimg:BotCarBartramW.Bartram_William_Georgia_A29-30_0229","William Bartram, Plants gathered by William Bartram, West Georgia","Image courtesy of the Sloane Herbarium, Mark Spencer, Curator, the Natural History Museum, London. Creative Commons Attribution-NonCommercial-ShareAlike 3.0 Unported License."
"urn:cite:fufolioimg:BotCarBartramW.Bartram_William_Georgia_B_0217","William Bartram, Plants gathered by William Bartram, West Georgia","Image courtesy of the Sloane Herbarium, Mark Spencer, Curator, the Natural History Museum, London. Creative Commons Attribution-NonCommercial-ShareAlike 3.0 Unported License."
"urn:cite:fufolioimg:BotCarBartramW.Bartram_William_Georgia_B_0218","William Bartram, Plants gathered by William Bartram, West Georgia","Image courtesy of the Sloane Herbarium, Mark Spencer, Curator, the Natural History Museum, London. Creative Commons Attribution-NonCommercial-ShareAlike 3.0 Unported License."
"urn:cite:fufolioimg:BotCarBartramW.Bartram_William_Georgia_B2_0223","William Bartram, Plants gathered by William Bartram, West Georgia","Image courtesy of the Sloane Herbarium, Mark Spencer, Curator, the Natural History Museum, London. Creative Commons Attribution-NonCommercial-ShareAlike 3.0 Unported License."
"urn:cite:fufolioimg:BotCarBartramW.Bartram_William_Georgia_B3-4_0214","William Bartram, Plants gathered by William Bartram, West Georgia","Image courtesy of the Sloane Herbarium, Mark Spencer, Curator, the Natural History Museum, London. Creative Commons Attribution-NonCommercial-ShareAlike 3.0 Unported License."
"urn:cite:fufolioimg:BotCarBartramW.Bartram_William_Georgia_B5_0224","William Bartram, Plants gathered by William Bartram, West Georgia","Image courtesy of the Sloane Herbarium, Mark Spencer, Curator, the Natural History Museum, London. Creative Commons Attribution-NonCommercial-ShareAlike 3.0 Unported License."
"urn:cite:fufolioimg:BotCarBartramW.Bartram_William_Georgia_B6-7_0215","William Bartram, Plants gathered by William Bartram, West Georgia","Image courtesy of the Sloane Herbarium, Mark Spencer, Curator, the Natural History Museum, London. Creative Commons Attribution-NonCommercial-ShareAlike 3.0 Unported License."
"urn:cite:fufolioimg:BotCarBartramW.Bartram_William_Georgia_B8-9_0228","William Bartram, Plants gathered by William Bartram, West Georgia","Image courtesy of the Sloane Herbarium, Mark Spencer, Curator, the Natural History Museum, London. Creative Commons Attribution-NonCommercial-ShareAlike 3.0 Unported License."
"urn:cite:fufolioimg:BotCarBartramW.Bartram_William_Georgia_B10_0221","William Bartram, Plants gathered by William Bartram, West Georgia","Image courtesy of the Sloane Herbarium, Mark Spencer, Curator, the Natural History Museum, London. Creative Commons Attribution-NonCommercial-ShareAlike 3.0 Unported License."
"urn:cite:fufolioimg:BotCarBartramW.Bartram_William_Georgia_B11_11a_0220","William Bartram, Plants gathered by William Bartram, West Georgia","Image courtesy of the Sloane Herbarium, Mark Spencer, Curator, the Natural History Museum, London. Creative Commons Attribution-NonCommercial-ShareAlike 3.0 Unported License."
"urn:cite:fufolioimg:BotCarBartramW.Bartram_William_Georgia_B12-15_0210","William Bartram, Plants gathered by William Bartram, West Georgia","Image courtesy of the Sloane Herbarium, Mark Spencer, Curator, the Natural History Museum, London. Creative Commons Attribution-NonCommercial-ShareAlike 3.0 Unported License."
"urn:cite:fufolioimg:BotCarBartramW.Bartram_William_Georgia_B16_0209","William Bartram, Plants gathered by William Bartram, West Georgia","Image courtesy of the Sloane Herbarium, Mark Spencer, Curator, the Natural History Museum, London. Creative Commons Attribution-NonCommercial-ShareAlike 3.0 Unported License."
"urn:cite:fufolioimg:BotCarBartramW.Bartram_William_Georgia_B17_0208","William Bartram, Plants gathered by William Bartram, West Georgia","Image courtesy of the Sloane Herbarium, Mark Spencer, Curator, the Natural History Museum, London. Creative Commons Attribution-NonCommercial-ShareAlike 3.0 Unported License."
"urn:cite:fufolioimg:BotCarBartramW.Bartram_William_Georgia_B18_B18a_0203","William Bartram, Plants gathered by William Bartram, West Georgia","Image courtesy of the Sloane Herbarium, Mark Spencer, Curator, the Natural History Museum, London. Creative Commons Attribution-NonCommercial-ShareAlike 3.0 Unported License."
"urn:cite:fufolioimg:BotCarBartramW.Bartram_William_Georgia_B19-20_0202","William Bartram, Plants gathered by William Bartram, West Georgia","Image courtesy of the Sloane Herbarium, Mark Spencer, Curator, the Natural History Museum, London. Creative Commons Attribution-NonCommercial-ShareAlike 3.0 Unported License."
"urn:cite:fufolioimg:BotCarBartramW.Bartram_William_Georgia_B21_0201","William Bartram, Plants gathered by William Bartram, West Georgia","Image courtesy of the Sloane Herbarium, Mark Spencer, Curator, the Natural History Museum, London. Creative Commons Attribution-NonCommercial-ShareAlike 3.0 Unported License."
"urn:cite:fufolioimg:BotCarBartramW.Bartram_William_Georgia_B21_0207","William Bartram, Plants gathered by William Bartram, West Georgia","Image courtesy of the Sloane Herbarium, Mark Spencer, Curator, the Natural History Museum, London. Creative Commons Attribution-NonCommercial-ShareAlike 3.0 Unported License."
"urn:cite:fufolioimg:BotCarBartramW.Bartram_William_Georgia_B22-24_0206","William Bartram, Plants gathered by William Bartram, West Georgia","Image courtesy of the Sloane Herbarium, Mark Spencer, Curator, the Natural History Museum, London. Creative Commons Attribution-NonCommercial-ShareAlike 3.0 Unported License."
"urn:cite:fufolioimg:BotCarBartramW.Bartram_William_Georgia_B25_0199","William Bartram, Plants gathered by William Bartram, West Georgia","Image courtesy of the Sloane Herbarium, Mark Spencer, Curator, the Natural History Museum, London. Creative Commons Attribution-NonCommercial-ShareAlike 3.0 Unported License."
"urn:cite:fufolioimg:BotCarBartramW.Bartram_William_Georgia_B26-28_0198","William Bartram, Plants gathered by William Bartram, West Georgia","Image courtesy of the Sloane Herbarium, Mark Spencer, Curator, the Natural History Museum, London. Creative Commons Attribution-NonCommercial-ShareAlike 3.0 Unported License."
"urn:cite:fufolioimg:BotCarBartramW.Bartram_William_Georgia_B29-33_0213","William Bartram, Plants gathered by William Bartram, West Georgia","Image courtesy of the Sloane Herbarium, Mark Spencer, Curator, the Natural History Museum, London. Creative Commons Attribution-NonCommercial-ShareAlike 3.0 Unported License."
"urn:cite:fufolioimg:BotCarBartramW.Bartram_William_Georgia_B34_0204","William Bartram, Plants gathered by William Bartram, West Georgia","Image courtesy of the Sloane Herbarium, Mark Spencer, Curator, the Natural History Museum, London. Creative Commons Attribution-NonCommercial-ShareAlike 3.0 Unported License."
"urn:cite:fufolioimg:BotCarBartramW.Bartram_William_Georgia_B34_0205","William Bartram, Plants gathered by William Bartram, West Georgia","Image courtesy of the Sloane Herbarium, Mark Spencer, Curator, the Natural History Museum, London. Creative Commons Attribution-NonCommercial-ShareAlike 3.0 Unported License."
"urn:cite:fufolioimg:BotCarBartramW.Bartram_William_Georgia_B34_0211","William Bartram, Plants gathered by William Bartram, West Georgia","Image courtesy of the Sloane Herbarium, Mark Spencer, Curator, the Natural History Museum, London. Creative Commons Attribution-NonCommercial-ShareAlike 3.0 Unported License."
"urn:cite:fufolioimg:BotCarBartramW.Bartram_William_Georgia_B35_0212","William Bartram, Plants gathered by William Bartram, West Georgia","Image courtesy of the Sloane Herbarium, Mark Spencer, Curator, the Natural History Museum, London. Creative Commons Attribution-NonCommercial-ShareAlike 3.0 Unported License."
"urn:cite:fufolioimg:BotCarBartramW.Bartram_William_Georgia_B35a-36_0192","William Bartram, Plants gathered by William Bartram, West Georgia","Image courtesy of the Sloane Herbarium, Mark Spencer, Curator, the Natural History Museum, London. Creative Commons Attribution-NonCommercial-ShareAlike 3.0 Unported License."
"urn:cite:fufolioimg:BotCarBartramW.Bartram_William_Georgia_B37-38_0191","William Bartram, Plants gathered by William Bartram, West Georgia","Image courtesy of the Sloane Herbarium, Mark Spencer, Curator, the Natural History Museum, London. Creative Commons Attribution-NonCommercial-ShareAlike 3.0 Unported License."
"urn:cite:fufolioimg:BotCarBartramW.Bartram_William_Georgia_B37-38_0200","William Bartram, Plants gathered by William Bartram, West Georgia","Image courtesy of the Sloane Herbarium, Mark Spencer, Curator, the Natural History Museum, London. Creative Commons Attribution-NonCommercial-ShareAlike 3.0 Unported License."
"urn:cite:fufolioimg:BotCarBartramW.Bartram_William_Georgia_B39-40_0190","William Bartram, Plants gathered by William Bartram, West Georgia","Image courtesy of the Sloane Herbarium, Mark Spencer, Curator, the Natural History Museum, London. Creative Commons Attribution-NonCommercial-ShareAlike 3.0 Unported License."
"urn:cite:fufolioimg:BotCarBartramW.Bartram_William_Georgia_B40_B50_B51_0197","William Bartram, Plants gathered by William Bartram, West Georgia","Image courtesy of the Sloane Herbarium, Mark Spencer, Curator, the Natural History Museum, London. Creative Commons Attribution-NonCommercial-ShareAlike 3.0 Unported License."
"urn:cite:fufolioimg:BotCarBartramW.Bartram_William_Georgia_B41_0195","William Bartram, Plants gathered by William Bartram, West Georgia","Image courtesy of the Sloane Herbarium, Mark Spencer, Curator, the Natural History Museum, London. Creative Commons Attribution-NonCommercial-ShareAlike 3.0 Unported License."
"urn:cite:fufolioimg:BotCarBartramW.Bartram_William_Georgia_B42_0180","William Bartram, Plants gathered by William Bartram, West Georgia","Image courtesy of the Sloane Herbarium, Mark Spencer, Curator, the Natural History Museum, London. Creative Commons Attribution-NonCommercial-ShareAlike 3.0 Unported License."
"urn:cite:fufolioimg:BotCarBartramW.Bartram_William_Georgia_B44_B50_0189","William Bartram, Plants gathered by William Bartram, West Georgia","Image courtesy of the Sloane Herbarium, Mark Spencer, Curator, the Natural History Museum, London. Creative Commons Attribution-NonCommercial-ShareAlike 3.0 Unported License."
"urn:cite:fufolioimg:BotCarBartramW.Bartram_William_Georgia_B45_B52_0188","William Bartram, Plants gathered by William Bartram, West Georgia","Image courtesy of the Sloane Herbarium, Mark Spencer, Curator, the Natural History Museum, London. Creative Commons Attribution-NonCommercial-ShareAlike 3.0 Unported License."
"urn:cite:fufolioimg:BotCarBartramW.Bartram_William_Georgia_B46_0187","William Bartram, Plants gathered by William Bartram, West Georgia","Image courtesy of the Sloane Herbarium, Mark Spencer, Curator, the Natural History Museum, London. Creative Commons Attribution-NonCommercial-ShareAlike 3.0 Unported License."
"urn:cite:fufolioimg:BotCarBartramW.Bartram_William_Georgia_B47-49_0194","William Bartram, Plants gathered by William Bartram, West Georgia","Image courtesy of the Sloane Herbarium, Mark Spencer, Curator, the Natural History Museum, London. Creative Commons Attribution-NonCommercial-ShareAlike 3.0 Unported License."
"urn:cite:fufolioimg:BotCarBartramW.Bartram_William_Georgia_B50_0193","William Bartram, Plants gathered by William Bartram, West Georgia","Image courtesy of the Sloane Herbarium, Mark Spencer, Curator, the Natural History Museum, London. Creative Commons Attribution-NonCommercial-ShareAlike 3.0 Unported License."
"urn:cite:fufolioimg:BotCarBartramW.Bartram_William_Georgia_Bfolder_0219","William Bartram, Plants gathered by William Bartram, West Georgia","Image courtesy of the Sloane Herbarium, Mark Spencer, Curator, the Natural History Museum, London. Creative Commons Attribution-NonCommercial-ShareAlike 3.0 Unported License."
"urn:cite:fufolioimg:BotCarBartramW.Bartram_William_Georgia_blank_0196","William Bartram, Plants gathered by William Bartram, West Georgia","Image courtesy of the Sloane Herbarium, Mark Spencer, Curator, the Natural History Museum, London. Creative Commons Attribution-NonCommercial-ShareAlike 3.0 Unported License."
"urn:cite:fufolioimg:BotCarBartramW.Bartram_William_Georgia_BTitle_0226","William Bartram, Plants gathered by William Bartram, West Georgia","Image courtesy of the Sloane Herbarium, Mark Spencer, Curator, the Natural History Museum, London. Creative Commons Attribution-NonCommercial-ShareAlike 3.0 Unported License."
"urn:cite:fufolioimg:BotCarBartramW.Bartram_William_Georgia_E1_0181","William Bartram, Plants gathered by William Bartram, West Georgia","Image courtesy of the Sloane Herbarium, Mark Spencer, Curator, the Natural History Museum, London. Creative Commons Attribution-NonCommercial-ShareAlike 3.0 Unported License."
"urn:cite:fufolioimg:BotCarBartramW.Bartram_William_Georgia_E1b_0182","William Bartram, Plants gathered by William Bartram, West Georgia","Image courtesy of the Sloane Herbarium, Mark Spencer, Curator, the Natural History Museum, London. Creative Commons Attribution-NonCommercial-ShareAlike 3.0 Unported License."
"urn:cite:fufolioimg:BotCarBartramW.Bartram_William_Georgia_E1Frankilinia_0186","William Bartram, Plants gathered by William Bartram, West Georgia","Image courtesy of the Sloane Herbarium, Mark Spencer, Curator, the Natural History Museum, London. Creative Commons Attribution-NonCommercial-ShareAlike 3.0 Unported License."
"urn:cite:fufolioimg:BotCarBartramW.Bartram_William_Georgia_fade_0250","William Bartram, Plants gathered by William Bartram, West Georgia","Image courtesy of the Sloane Herbarium, Mark Spencer, Curator, the Natural History Museum, London. Creative Commons Attribution-NonCommercial-ShareAlike 3.0 Unported License."
"urn:cite:fufolioimg:BotCarBartramW.Bartram_William_Georgia_folder_0227","William Bartram, Plants gathered by William Bartram, West Georgia","Image courtesy of the Sloane Herbarium, Mark Spencer, Curator, the Natural History Museum, London. Creative Commons Attribution-NonCommercial-ShareAlike 3.0 Unported License."
"urn:cite:fufolioimg:BotCarBartramW.Bartram_William_Georgia_fp_0184","William Bartram, Plants gathered by William Bartram, West Georgia","Image courtesy of the Sloane Herbarium, Mark Spencer, Curator, the Natural History Museum, London. Creative Commons Attribution-NonCommercial-ShareAlike 3.0 Unported License."
"urn:cite:fufolioimg:BotCarBartramW.Bartram_William_Georgia_John_0246","William Bartram, Plants gathered by William Bartram, West Georgia","Image courtesy of the Sloane Herbarium, Mark Spencer, Curator, the Natural History Museum, London. Creative Commons Attribution-NonCommercial-ShareAlike 3.0 Unported License."
"urn:cite:fufolioimg:BotCarBartramW.Bartram_William_Georgia_title_0247","William Bartram, Plants gathered by William Bartram, West Georgia","Image courtesy of the Sloane Herbarium, Mark Spencer, Curator, the Natural History Museum, London. Creative Commons Attribution-NonCommercial-ShareAlike 3.0 Unported License."
"urn:cite:fufolioimg:BotCarBartramW.Bartram_William_Georgia_xxxi_0183","William Bartram, Plants gathered by William Bartram, West Georgia","Image courtesy of the Sloane Herbarium, Mark Spencer, Curator, the Natural History Museum, London. Creative Commons Attribution-NonCommercial-ShareAlike 3.0 Unported License."
"urn:cite:fufolioimg:BotCarBartramW.Bartram_William_Georgia_xxxi_0185","William Bartram, Plants gathered by William Bartram, West Georgia","Image courtesy of the Sloane Herbarium, Mark Spencer, Curator, the Natural History Museum, London. Creative Commons Attribution-NonCommercial-ShareAlike 3.0 Unported License."
"urn:cite:fufolioimg:BotCarBartramW.Bartram_William_SC-WF__0254","William Bartram, Plants gathered by William Bartram, South Carolina and West Florida","Image courtesy of the Sloane Herbarium, Mark Spencer, Curator, the Natural History Museum, London. Creative Commons Attribution-NonCommercial-ShareAlike 3.0 Unported License."
"urn:cite:fufolioimg:BotCarBartramW.Bartram_William_SC-WF_BarclaysBook_0283","William Bartram, Plants gathered by William Bartram, South Carolina and West Florida","Image courtesy of the Sloane Herbarium, Mark Spencer, Curator, the Natural History Museum, London. Creative Commons Attribution-NonCommercial-ShareAlike 3.0 Unported License."
"urn:cite:fufolioimg:BotCarBartramW.Bartram_William_SC-WF_blank_0285","William Bartram, Plants gathered by William Bartram, South Carolina and West Florida","Image courtesy of the Sloane Herbarium, Mark Spencer, Curator, the Natural History Museum, London. Creative Commons Attribution-NonCommercial-ShareAlike 3.0 Unported License."
"urn:cite:fufolioimg:BotCarBartramW.Bartram_William_SC-WF_C_0335","William Bartram, Plants gathered by William Bartram, South Carolina and West Florida","Image courtesy of the Sloane Herbarium, Mark Spencer, Curator, the Natural History Museum, London. Creative Commons Attribution-NonCommercial-ShareAlike 3.0 Unported License."
"urn:cite:fufolioimg:BotCarBartramW.Bartram_William_SC-WF_C1_0334","William Bartram, Plants gathered by William Bartram, South Carolina and West Florida","Image courtesy of the Sloane Herbarium, Mark Spencer, Curator, the Natural History Museum, London. Creative Commons Attribution-NonCommercial-ShareAlike 3.0 Unported License."
"urn:cite:fufolioimg:BotCarBartramW.Bartram_William_SC-WF_C2_0333","William Bartram, Plants gathered by William Bartram, South Carolina and West Florida","Image courtesy of the Sloane Herbarium, Mark Spencer, Curator, the Natural History Museum, London. Creative Commons Attribution-NonCommercial-ShareAlike 3.0 Unported License."
"urn:cite:fufolioimg:BotCarBartramW.Bartram_William_SC-WF_C3_0330","William Bartram, Plants gathered by William Bartram, South Carolina and West Florida","Image courtesy of the Sloane Herbarium, Mark Spencer, Curator, the Natural History Museum, London. Creative Commons Attribution-NonCommercial-ShareAlike 3.0 Unported License."
"urn:cite:fufolioimg:BotCarBartramW.Bartram_William_SC-WF_C4_0332","William Bartram, Plants gathered by William Bartram, South Carolina and West Florida","Image courtesy of the Sloane Herbarium, Mark Spencer, Curator, the Natural History Museum, London. Creative Commons Attribution-NonCommercial-ShareAlike 3.0 Unported License."
"urn:cite:fufolioimg:BotCarBartramW.Bartram_William_SC-WF_C5_0331","William Bartram, Plants gathered by William Bartram, South Carolina and West Florida","Image courtesy of the Sloane Herbarium, Mark Spencer, Curator, the Natural History Museum, London. Creative Commons Attribution-NonCommercial-ShareAlike 3.0 Unported License."
"urn:cite:fufolioimg:BotCarBartramW.Bartram_William_SC-WF_C6_0323","William Bartram, Plants gathered by William Bartram, South Carolina and West Florida","Image courtesy of the Sloane Herbarium, Mark Spencer, Curator, the Natural History Museum, London. Creative Commons Attribution-NonCommercial-ShareAlike 3.0 Unported License."
"urn:cite:fufolioimg:BotCarBartramW.Bartram_William_SC-WF_C7_0328","William Bartram, Plants gathered by William Bartram, South Carolina and West Florida","Image courtesy of the Sloane Herbarium, Mark Spencer, Curator, the Natural History Museum, London. Creative Commons Attribution-NonCommercial-ShareAlike 3.0 Unported License."
"urn:cite:fufolioimg:BotCarBartramW.Bartram_William_SC-WF_C8_0324","William Bartram, Plants gathered by William Bartram, South Carolina and West Florida","Image courtesy of the Sloane Herbarium, Mark Spencer, Curator, the Natural History Museum, London. Creative Commons Attribution-NonCommercial-ShareAlike 3.0 Unported License."
"urn:cite:fufolioimg:BotCarBartramW.Bartram_William_SC-WF_C9_0326","William Bartram, Plants gathered by William Bartram, South Carolina and West Florida","Image courtesy of the Sloane Herbarium, Mark Spencer, Curator, the Natural History Museum, London. Creative Commons Attribution-NonCommercial-ShareAlike 3.0 Unported License."
"urn:cite:fufolioimg:BotCarBartramW.Bartram_William_SC-WF_C10_C11_0322","William Bartram, Plants gathered by William Bartram, South Carolina and West Florida","Image courtesy of the Sloane Herbarium, Mark Spencer, Curator, the Natural History Museum, London. Creative Commons Attribution-NonCommercial-ShareAlike 3.0 Unported License."
"urn:cite:fufolioimg:BotCarBartramW.Bartram_William_SC-WF_C12_0327","William Bartram, Plants gathered by William Bartram, South Carolina and West Florida","Image courtesy of the Sloane Herbarium, Mark Spencer, Curator, the Natural History Museum, London. Creative Commons Attribution-NonCommercial-ShareAlike 3.0 Unported License."
"urn:cite:fufolioimg:BotCarBartramW.Bartram_William_SC-WF_C13_0329","William Bartram, Plants gathered by William Bartram, South Carolina and West Florida","Image courtesy of the Sloane Herbarium, Mark Spencer, Curator, the Natural History Museum, London. Creative Commons Attribution-NonCommercial-ShareAlike 3.0 Unported License."
"urn:cite:fufolioimg:BotCarBartramW.Bartram_William_SC-WF_C14_0325","William Bartram, Plants gathered by William Bartram, South Carolina and West Florida","Image courtesy of the Sloane Herbarium, Mark Spencer, Curator, the Natural History Museum, London. Creative Commons Attribution-NonCommercial-ShareAlike 3.0 Unported License."
"urn:cite:fufolioimg:BotCarBartramW.Bartram_William_SC-WF_C15-16_0318","William Bartram, Plants gathered by William Bartram, South Carolina and West Florida","Image courtesy of the Sloane Herbarium, Mark Spencer, Curator, the Natural History Museum, London. Creative Commons Attribution-NonCommercial-ShareAlike 3.0 Unported License."
"urn:cite:fufolioimg:BotCarBartramW.Bartram_William_SC-WF_C17_0315","William Bartram, Plants gathered by William Bartram, South Carolina and West Florida","Image courtesy of the Sloane Herbarium, Mark Spencer, Curator, the Natural History Museum, London. Creative Commons Attribution-NonCommercial-ShareAlike 3.0 Unported License."
"urn:cite:fufolioimg:BotCarBartramW.Bartram_William_SC-WF_C17-18_0319","William Bartram, Plants gathered by William Bartram, South Carolina and West Florida","Image courtesy of the Sloane Herbarium, Mark Spencer, Curator, the Natural History Museum, London. Creative Commons Attribution-NonCommercial-ShareAlike 3.0 Unported License."
"urn:cite:fufolioimg:BotCarBartramW.Bartram_William_SC-WF_C19_0317","William Bartram, Plants gathered by William Bartram, South Carolina and West Florida","Image courtesy of the Sloane Herbarium, Mark Spencer, Curator, the Natural History Museum, London. Creative Commons Attribution-NonCommercial-ShareAlike 3.0 Unported License."
"urn:cite:fufolioimg:BotCarBartramW.Bartram_William_SC-WF_C19_0321","William Bartram, Plants gathered by William Bartram, South Carolina and West Florida","Image courtesy of the Sloane Herbarium, Mark Spencer, Curator, the Natural History Museum, London. Creative Commons Attribution-NonCommercial-ShareAlike 3.0 Unported License."
"urn:cite:fufolioimg:BotCarBartramW.Bartram_William_SC-WF_C20_0314","William Bartram, Plants gathered by William Bartram, South Carolina and West Florida","Image courtesy of the Sloane Herbarium, Mark Spencer, Curator, the Natural History Museum, London. Creative Commons Attribution-NonCommercial-ShareAlike 3.0 Unported License."
"urn:cite:fufolioimg:BotCarBartramW.Bartram_William_SC-WF_C21-24_0316","William Bartram, Plants gathered by William Bartram, South Carolina and West Florida","Image courtesy of the Sloane Herbarium, Mark Spencer, Curator, the Natural History Museum, London. Creative Commons Attribution-NonCommercial-ShareAlike 3.0 Unported License."
"urn:cite:fufolioimg:BotCarBartramW.Bartram_William_SC-WF_C25_0320","William Bartram, Plants gathered by William Bartram, South Carolina and West Florida","Image courtesy of the Sloane Herbarium, Mark Spencer, Curator, the Natural History Museum, London. Creative Commons Attribution-NonCommercial-ShareAlike 3.0 Unported License."
"urn:cite:fufolioimg:BotCarBartramW.Bartram_William_SC-WF_C25-26_0306","William Bartram, Plants gathered by William Bartram, South Carolina and West Florida","Image courtesy of the Sloane Herbarium, Mark Spencer, Curator, the Natural History Museum, London. Creative Commons Attribution-NonCommercial-ShareAlike 3.0 Unported License."
"urn:cite:fufolioimg:BotCarBartramW.Bartram_William_SC-WF_D_0310","William Bartram, Plants gathered by William Bartram, South Carolina and West Florida","Image courtesy of the Sloane Herbarium, Mark Spencer, Curator, the Natural History Museum, London. Creative Commons Attribution-NonCommercial-ShareAlike 3.0 Unported License."
"urn:cite:fufolioimg:BotCarBartramW.Bartram_William_SC-WF_D_folder_0308","William Bartram, Plants gathered by William Bartram, South Carolina and West Florida","Image courtesy of the Sloane Herbarium, Mark Spencer, Curator, the Natural History Museum, London. Creative Commons Attribution-NonCommercial-ShareAlike 3.0 Unported License."
"urn:cite:fufolioimg:BotCarBartramW.Bartram_William_SC-WF_D1-2_0313","William Bartram, Plants gathered by William Bartram, South Carolina and West Florida","Image courtesy of the Sloane Herbarium, Mark Spencer, Curator, the Natural History Museum, London. Creative Commons Attribution-NonCommercial-ShareAlike 3.0 Unported License."
"urn:cite:fufolioimg:BotCarBartramW.Bartram_William_SC-WF_D3_0307","William Bartram, Plants gathered by William Bartram, South Carolina and West Florida","Image courtesy of the Sloane Herbarium, Mark Spencer, Curator, the Natural History Museum, London. Creative Commons Attribution-NonCommercial-ShareAlike 3.0 Unported License."
"urn:cite:fufolioimg:BotCarBartramW.Bartram_William_SC-WF_D3a_0312","William Bartram, Plants gathered by William Bartram, South Carolina and West Florida","Image courtesy of the Sloane Herbarium, Mark Spencer, Curator, the Natural History Museum, London. Creative Commons Attribution-NonCommercial-ShareAlike 3.0 Unported License."
"urn:cite:fufolioimg:BotCarBartramW.Bartram_William_SC-WF_D4_0309","William Bartram, Plants gathered by William Bartram, South Carolina and West Florida","Image courtesy of the Sloane Herbarium, Mark Spencer, Curator, the Natural History Museum, London. Creative Commons Attribution-NonCommercial-ShareAlike 3.0 Unported License."
"urn:cite:fufolioimg:BotCarBartramW.Bartram_William_SC-WF_D5_0296","William Bartram, Plants gathered by William Bartram, South Carolina and West Florida","Image courtesy of the Sloane Herbarium, Mark Spencer, Curator, the Natural History Museum, London. Creative Commons Attribution-NonCommercial-ShareAlike 3.0 Unported License."
"urn:cite:fufolioimg:BotCarBartramW.Bartram_William_SC-WF_D5_0297","William Bartram, Plants gathered by William Bartram, South Carolina and West Florida","Image courtesy of the Sloane Herbarium, Mark Spencer, Curator, the Natural History Museum, London. Creative Commons Attribution-NonCommercial-ShareAlike 3.0 Unported License."
"urn:cite:fufolioimg:BotCarBartramW.Bartram_William_SC-WF_D6_0295","William Bartram, Plants gathered by William Bartram, South Carolina and West Florida","Image courtesy of the Sloane Herbarium, Mark Spencer, Curator, the Natural History Museum, London. Creative Commons Attribution-NonCommercial-ShareAlike 3.0 Unported License."
"urn:cite:fufolioimg:BotCarBartramW.Bartram_William_SC-WF_D7_0305","William Bartram, Plants gathered by William Bartram, South Carolina and West Florida","Image courtesy of the Sloane Herbarium, Mark Spencer, Curator, the Natural History Museum, London. Creative Commons Attribution-NonCommercial-ShareAlike 3.0 Unported License."
"urn:cite:fufolioimg:BotCarBartramW.Bartram_William_SC-WF_D8_0304","William Bartram, Plants gathered by William Bartram, South Carolina and West Florida","Image courtesy of the Sloane Herbarium, Mark Spencer, Curator, the Natural History Museum, London. Creative Commons Attribution-NonCommercial-ShareAlike 3.0 Unported License."
"urn:cite:fufolioimg:BotCarBartramW.Bartram_William_SC-WF_D9_0293","William Bartram, Plants gathered by William Bartram, South Carolina and West Florida","Image courtesy of the Sloane Herbarium, Mark Spencer, Curator, the Natural History Museum, London. Creative Commons Attribution-NonCommercial-ShareAlike 3.0 Unported License."
"urn:cite:fufolioimg:BotCarBartramW.Bartram_William_SC-WF_D9_0294","William Bartram, Plants gathered by William Bartram, South Carolina and West Florida","Image courtesy of the Sloane Herbarium, Mark Spencer, Curator, the Natural History Museum, London. Creative Commons Attribution-NonCommercial-ShareAlike 3.0 Unported License."
"urn:cite:fufolioimg:BotCarBartramW.Bartram_William_SC-WF_D10_0292","William Bartram, Plants gathered by William Bartram, South Carolina and West Florida","Image courtesy of the Sloane Herbarium, Mark Spencer, Curator, the Natural History Museum, London. Creative Commons Attribution-NonCommercial-ShareAlike 3.0 Unported License."
"urn:cite:fufolioimg:BotCarBartramW.Bartram_William_SC-WF_D10_0302","William Bartram, Plants gathered by William Bartram, South Carolina and West Florida","Image courtesy of the Sloane Herbarium, Mark Spencer, Curator, the Natural History Museum, London. Creative Commons Attribution-NonCommercial-ShareAlike 3.0 Unported License."
"urn:cite:fufolioimg:BotCarBartramW.Bartram_William_SC-WF_D11_0301","William Bartram, Plants gathered by William Bartram, South Carolina and West Florida","Image courtesy of the Sloane Herbarium, Mark Spencer, Curator, the Natural History Museum, London. Creative Commons Attribution-NonCommercial-ShareAlike 3.0 Unported License."
"urn:cite:fufolioimg:BotCarBartramW.Bartram_William_SC-WF_D12_0300","William Bartram, Plants gathered by William Bartram, South Carolina and West Florida","Image courtesy of the Sloane Herbarium, Mark Spencer, Curator, the Natural History Museum, London. Creative Commons Attribution-NonCommercial-ShareAlike 3.0 Unported License."
"urn:cite:fufolioimg:BotCarBartramW.Bartram_William_SC-WF_D13_0290","William Bartram, Plants gathered by William Bartram, South Carolina and West Florida","Image courtesy of the Sloane Herbarium, Mark Spencer, Curator, the Natural History Museum, London. Creative Commons Attribution-NonCommercial-ShareAlike 3.0 Unported License."
"urn:cite:fufolioimg:BotCarBartramW.Bartram_William_SC-WF_D13_0291","William Bartram, Plants gathered by William Bartram, South Carolina and West Florida","Image courtesy of the Sloane Herbarium, Mark Spencer, Curator, the Natural History Museum, London. Creative Commons Attribution-NonCommercial-ShareAlike 3.0 Unported License."
"urn:cite:fufolioimg:BotCarBartramW.Bartram_William_SC-WF_D14_0298","William Bartram, Plants gathered by William Bartram, South Carolina and West Florida","Image courtesy of the Sloane Herbarium, Mark Spencer, Curator, the Natural History Museum, London. Creative Commons Attribution-NonCommercial-ShareAlike 3.0 Unported License."
"urn:cite:fufolioimg:BotCarBartramW.Bartram_William_SC-WF_D14_0299","William Bartram, Plants gathered by William Bartram, South Carolina and West Florida","Image courtesy of the Sloane Herbarium, Mark Spencer, Curator, the Natural History Museum, London. Creative Commons Attribution-NonCommercial-ShareAlike 3.0 Unported License."
"urn:cite:fufolioimg:BotCarBartramW.Bartram_William_SC-WF_D15_0287","William Bartram, Plants gathered by William Bartram, South Carolina and West Florida","Image courtesy of the Sloane Herbarium, Mark Spencer, Curator, the Natural History Museum, London. Creative Commons Attribution-NonCommercial-ShareAlike 3.0 Unported License."
"urn:cite:fufolioimg:BotCarBartramW.Bartram_William_SC-WF_D15_0303","William Bartram, Plants gathered by William Bartram, South Carolina and West Florida","Image courtesy of the Sloane Herbarium, Mark Spencer, Curator, the Natural History Museum, London. Creative Commons Attribution-NonCommercial-ShareAlike 3.0 Unported License."
"urn:cite:fufolioimg:BotCarBartramW.Bartram_William_SC-WF_D16_0286","William Bartram, Plants gathered by William Bartram, South Carolina and West Florida","Image courtesy of the Sloane Herbarium, Mark Spencer, Curator, the Natural History Museum, London. Creative Commons Attribution-NonCommercial-ShareAlike 3.0 Unported License."
"urn:cite:fufolioimg:BotCarBartramW.Bartram_William_SC-WF_D17_0281","William Bartram, Plants gathered by William Bartram, South Carolina and West Florida","Image courtesy of the Sloane Herbarium, Mark Spencer, Curator, the Natural History Museum, London. Creative Commons Attribution-NonCommercial-ShareAlike 3.0 Unported License."
"urn:cite:fufolioimg:BotCarBartramW.Bartram_William_SC-WF_D18_0280","William Bartram, Plants gathered by William Bartram, South Carolina and West Florida","Image courtesy of the Sloane Herbarium, Mark Spencer, Curator, the Natural History Museum, London. Creative Commons Attribution-NonCommercial-ShareAlike 3.0 Unported License."
"urn:cite:fufolioimg:BotCarBartramW.Bartram_William_SC-WF_D19_0279","William Bartram, Plants gathered by William Bartram, South Carolina and West Florida","Image courtesy of the Sloane Herbarium, Mark Spencer, Curator, the Natural History Museum, London. Creative Commons Attribution-NonCommercial-ShareAlike 3.0 Unported License."
"urn:cite:fufolioimg:BotCarBartramW.Bartram_William_SC-WF_E_folder_0278","William Bartram, Plants gathered by William Bartram, South Carolina and West Florida","Image courtesy of the Sloane Herbarium, Mark Spencer, Curator, the Natural History Museum, London. Creative Commons Attribution-NonCommercial-ShareAlike 3.0 Unported License."
"urn:cite:fufolioimg:BotCarBartramW.Bartram_William_SC-WF_E1_0288","William Bartram, Plants gathered by William Bartram, South Carolina and West Florida","Image courtesy of the Sloane Herbarium, Mark Spencer, Curator, the Natural History Museum, London. Creative Commons Attribution-NonCommercial-ShareAlike 3.0 Unported License."
"urn:cite:fufolioimg:BotCarBartramW.Bartram_William_SC-WF_E1_0289","William Bartram, Plants gathered by William Bartram, South Carolina and West Florida","Image courtesy of the Sloane Herbarium, Mark Spencer, Curator, the Natural History Museum, London. Creative Commons Attribution-NonCommercial-ShareAlike 3.0 Unported License."
"urn:cite:fufolioimg:BotCarBartramW.Bartram_William_SC-WF_E2-3_0272","William Bartram, Plants gathered by William Bartram, South Carolina and West Florida","Image courtesy of the Sloane Herbarium, Mark Spencer, Curator, the Natural History Museum, London. Creative Commons Attribution-NonCommercial-ShareAlike 3.0 Unported License."
"urn:cite:fufolioimg:BotCarBartramW.Bartram_William_SC-WF_E4-5_0277","William Bartram, Plants gathered by William Bartram, South Carolina and West Florida","Image courtesy of the Sloane Herbarium, Mark Spencer, Curator, the Natural History Museum, London. Creative Commons Attribution-NonCommercial-ShareAlike 3.0 Unported License."
"urn:cite:fufolioimg:BotCarBartramW.Bartram_William_SC-WF_E6-7_0274","William Bartram, Plants gathered by William Bartram, South Carolina and West Florida","Image courtesy of the Sloane Herbarium, Mark Spencer, Curator, the Natural History Museum, London. Creative Commons Attribution-NonCommercial-ShareAlike 3.0 Unported License."
"urn:cite:fufolioimg:BotCarBartramW.Bartram_William_SC-WF_E8-9_0271","William Bartram, Plants gathered by William Bartram, South Carolina and West Florida","Image courtesy of the Sloane Herbarium, Mark Spencer, Curator, the Natural History Museum, London. Creative Commons Attribution-NonCommercial-ShareAlike 3.0 Unported License."
"urn:cite:fufolioimg:BotCarBartramW.Bartram_William_SC-WF_E10-11_0275","William Bartram, Plants gathered by William Bartram, South Carolina and West Florida","Image courtesy of the Sloane Herbarium, Mark Spencer, Curator, the Natural History Museum, London. Creative Commons Attribution-NonCommercial-ShareAlike 3.0 Unported License."
"urn:cite:fufolioimg:BotCarBartramW.Bartram_William_SC-WF_E12-13_0273","William Bartram, Plants gathered by William Bartram, South Carolina and West Florida","Image courtesy of the Sloane Herbarium, Mark Spencer, Curator, the Natural History Museum, London. Creative Commons Attribution-NonCommercial-ShareAlike 3.0 Unported License."
"urn:cite:fufolioimg:BotCarBartramW.Bartram_William_SC-WF_E14_0276","William Bartram, Plants gathered by William Bartram, South Carolina and West Florida","Image courtesy of the Sloane Herbarium, Mark Spencer, Curator, the Natural History Museum, London. Creative Commons Attribution-NonCommercial-ShareAlike 3.0 Unported License."
"urn:cite:fufolioimg:BotCarBartramW.Bartram_William_SC-WF_E15-16_0269","William Bartram, Plants gathered by William Bartram, South Carolina and West Florida","Image courtesy of the Sloane Herbarium, Mark Spencer, Curator, the Natural History Museum, London. Creative Commons Attribution-NonCommercial-ShareAlike 3.0 Unported License."
"urn:cite:fufolioimg:BotCarBartramW.Bartram_William_SC-WF_E17-18_0270","William Bartram, Plants gathered by William Bartram, South Carolina and West Florida","Image courtesy of the Sloane Herbarium, Mark Spencer, Curator, the Natural History Museum, London. Creative Commons Attribution-NonCommercial-ShareAlike 3.0 Unported License."
"urn:cite:fufolioimg:BotCarBartramW.Bartram_William_SC-WF_E19-20_0265","William Bartram, Plants gathered by William Bartram, South Carolina and West Florida","Image courtesy of the Sloane Herbarium, Mark Spencer, Curator, the Natural History Museum, London. Creative Commons Attribution-NonCommercial-ShareAlike 3.0 Unported License."
"urn:cite:fufolioimg:BotCarBartramW.Bartram_William_SC-WF_E21_0262","William Bartram, Plants gathered by William Bartram, South Carolina and West Florida","Image courtesy of the Sloane Herbarium, Mark Spencer, Curator, the Natural History Museum, London. Creative Commons Attribution-NonCommercial-ShareAlike 3.0 Unported License."
"urn:cite:fufolioimg:BotCarBartramW.Bartram_William_SC-WF_E22_0268","William Bartram, Plants gathered by William Bartram, South Carolina and West Florida","Image courtesy of the Sloane Herbarium, Mark Spencer, Curator, the Natural History Museum, London. Creative Commons Attribution-NonCommercial-ShareAlike 3.0 Unported License."
"urn:cite:fufolioimg:BotCarBartramW.Bartram_William_SC-WF_E22-23_0261","William Bartram, Plants gathered by William Bartram, South Carolina and West Florida","Image courtesy of the Sloane Herbarium, Mark Spencer, Curator, the Natural History Museum, London. Creative Commons Attribution-NonCommercial-ShareAlike 3.0 Unported License."
"urn:cite:fufolioimg:BotCarBartramW.Bartram_William_SC-WF_E22-23_0264","William Bartram, Plants gathered by William Bartram, South Carolina and West Florida","Image courtesy of the Sloane Herbarium, Mark Spencer, Curator, the Natural History Museum, London. Creative Commons Attribution-NonCommercial-ShareAlike 3.0 Unported License."
"urn:cite:fufolioimg:BotCarBartramW.Bartram_William_SC-WF_E23_0266","William Bartram, Plants gathered by William Bartram, South Carolina and West Florida","Image courtesy of the Sloane Herbarium, Mark Spencer, Curator, the Natural History Museum, London. Creative Commons Attribution-NonCommercial-ShareAlike 3.0 Unported License."
"urn:cite:fufolioimg:BotCarBartramW.Bartram_William_SC-WF_E24-25_0260","William Bartram, Plants gathered by William Bartram, South Carolina and West Florida","Image courtesy of the Sloane Herbarium, Mark Spencer, Curator, the Natural History Museum, London. Creative Commons Attribution-NonCommercial-ShareAlike 3.0 Unported License."
"urn:cite:fufolioimg:BotCarBartramW.Bartram_William_SC-WF_E26_0263","William Bartram, Plants gathered by William Bartram, South Carolina and West Florida","Image courtesy of the Sloane Herbarium, Mark Spencer, Curator, the Natural History Museum, London. Creative Commons Attribution-NonCommercial-ShareAlike 3.0 Unported License."
"urn:cite:fufolioimg:BotCarBartramW.Bartram_William_SC-WF_E27-28_0267","William Bartram, Plants gathered by William Bartram, South Carolina and West Florida","Image courtesy of the Sloane Herbarium, Mark Spencer, Curator, the Natural History Museum, London. Creative Commons Attribution-NonCommercial-ShareAlike 3.0 Unported License."
"urn:cite:fufolioimg:BotCarBartramW.Bartram_William_SC-WF_E29_0258","William Bartram, Plants gathered by William Bartram, South Carolina and West Florida","Image courtesy of the Sloane Herbarium, Mark Spencer, Curator, the Natural History Museum, London. Creative Commons Attribution-NonCommercial-ShareAlike 3.0 Unported License."
"urn:cite:fufolioimg:BotCarBartramW.Bartram_William_SC-WF_E30-31_0256","William Bartram, Plants gathered by William Bartram, South Carolina and West Florida","Image courtesy of the Sloane Herbarium, Mark Spencer, Curator, the Natural History Museum, London. Creative Commons Attribution-NonCommercial-ShareAlike 3.0 Unported License."
"urn:cite:fufolioimg:BotCarBartramW.Bartram_William_SC-WF_E32-33_0257","William Bartram, Plants gathered by William Bartram, South Carolina and West Florida","Image courtesy of the Sloane Herbarium, Mark Spencer, Curator, the Natural History Museum, London. Creative Commons Attribution-NonCommercial-ShareAlike 3.0 Unported License."
"urn:cite:fufolioimg:BotCarBartramW.Bartram_William_SC-WF_E34-35_0255","William Bartram, Plants gathered by William Bartram, South Carolina and West Florida","Image courtesy of the Sloane Herbarium, Mark Spencer, Curator, the Natural History Museum, London. Creative Commons Attribution-NonCommercial-ShareAlike 3.0 Unported License."
"urn:cite:fufolioimg:BotCarBartramW.Bartram_William_SC-WF_E35a-36_0259","William Bartram, Plants gathered by William Bartram, South Carolina and West Florida","Image courtesy of the Sloane Herbarium, Mark Spencer, Curator, the Natural History Museum, London. Creative Commons Attribution-NonCommercial-ShareAlike 3.0 Unported License."
"urn:cite:fufolioimg:BotCarBartramW.Bartram_William_SC-WF_E37-38_0253","William Bartram, Plants gathered by William Bartram, South Carolina and West Florida","Image courtesy of the Sloane Herbarium, Mark Spencer, Curator, the Natural History Museum, London. Creative Commons Attribution-NonCommercial-ShareAlike 3.0 Unported License."
"urn:cite:fufolioimg:BotCarBartramW.Bartram_William_SC-WF_folder_0284","William Bartram, Plants gathered by William Bartram, South Carolina and West Florida","Image courtesy of the Sloane Herbarium, Mark Spencer, Curator, the Natural History Museum, London. Creative Commons Attribution-NonCommercial-ShareAlike 3.0 Unported License."
"urn:cite:fufolioimg:BotCarBartramW.Bartram_William_SC-WF_folder_0311","William Bartram, Plants gathered by William Bartram, South Carolina and West Florida","Image courtesy of the Sloane Herbarium, Mark Spencer, Curator, the Natural History Museum, London. Creative Commons Attribution-NonCommercial-ShareAlike 3.0 Unported License."
"urn:cite:fufolioimg:BotCarBartramW.Bartram_William_SC-WF_folder_0336","William Bartram, Plants gathered by William Bartram, South Carolina and West Florida","Image courtesy of the Sloane Herbarium, Mark Spencer, Curator, the Natural History Museum, London. Creative Commons Attribution-NonCommercial-ShareAlike 3.0 Unported License."
"urn:cite:fufolioimg:BotCarBartramW.Bartram_William_SC-WF_letter_0282","William Bartram, Plants gathered by William Bartram, South Carolina and West Florida","Image courtesy of the Sloane Herbarium, Mark Spencer, Curator, the Natural History Museum, London. Creative Commons Attribution-NonCommercial-ShareAlike 3.0 Unported License."
